dish_id,dish_name,price,status,branch_id
1,Add on Topping Veg,'35.00','N0001',NULL
2,Add on Topping Veg Protein,'35.00','N0002',NULL
3,Add on Cheese Slice,'18.00','N0003',NULL
4,Salad Veg (Apple,Poached Beets & Sprout Salad)','90.00',1
5,Salad Non-Veg (Tandoori Chicken,Mint,Greens)',NULL
6,Sandwich Veg - Sub,'80.00','N0006',0
7,Sandwich Non -Veg - Sub,'100.00','N0007',0
8,Thai Chilli Basil Paneer with wilted Spinach,'100.00','N0008',NULL
9,Pan Seared Prawn with Citrus Cous Cous,'150.00','N0009',NULL
10,Chicken with Herb Mushroom,Garlic Mash','120.00',1
11,Carte Du Jour - Non - Vegeterian (Fish),'130.00','N0011',NULL
12,Fruit smoothies,'65.00','N0012',NULL
13,Vegetable juice,'55.00','N0013',NULL
14,Crudite glass,'45.00','N0014',NULL
15,Flavoured Yogurts,'50.00','N0015',NULL
16,Mango Parfait,'100.00','N0016',1
17,Ready to Eat Sandwich - Veg Herbed Mushroom,'75.00','N0017',NULL
18,Ready to Eat Sandwich - Non-Veg Croque Monsieur,'90.00','N0018',NULL
19,Seasonal Cut Fruits,'70.00','B0001',NULL
20,Regular Cut Fruits,'55.00','B0002',0
21,Sweet Lime Juice,'55.00','B0003',0
22,Papaya Juice,'50.00','B0004',NULL
23,Pineapple Juice,'55.00','B0005',0
24,Mix Fruit Juice,'55.00','B0006',0
25,Orange Juice,'50.00','B0007',NULL
26,Watermelon Juice,'55.00','B0008',0
27,Valencia Orange Juice,'50.00','B0009',NULL
28,Pomegranate Juice,'50.00','B0010',NULL
29,Mango Shakes,'50.00','B0011',NULL
30,Banana and Coffee Milk Shake,'50.00','B0012',NULL
31,Chikku Shake,'50.00','B0013',NULL
32,Oreo Shake,'50.00','B0014',NULL
33,UP WALA MATHA,'30.00','B0015',NULL
34,Thandai Lassi,'44.00','B0016',NULL
35,Butter Milk (Plain/Masala),'30.00','B0017',NULL
36,Seasonal Fresh Fruit Lassi (Mango,Strawberry etc.)','60.00',1
37,Tender Coconut Water,'45.00','B0019',NULL
38,Plain Croissant,'85.00','TB001',NULL
39,Pain Au Chocolat,'105.00','TB002',NULL
40,Blueberry Crumble Muffin,'125.00','TB003',NULL
41,Chocolate Chip Muffin,'120.00','TB004',NULL
42,Signature Oats & Raisin Cookies,'115.00','TB005',1
43,Rosemary & Cheese Cookies,'80.00','TB006',NULL
44,Double Choco Chip Cookies,'80.00','TB007',NULL
45,Jaggery & Pumpkin Tea Cake,'80.00','TB008',NULL
46,Cherry Mascarpone Slice,'80.00','TB009',NULL
47,Lemon Tea Cake,'60.00','TB010',NULL
48,Banoffee pie,'60.00','TB011',NULL
49,Tiramisu Jar,'150.00','TB012',NULL
50,Classic Opera Pastry,'60.00','TB013',NULL
51,Tresleches,'140.00','TB014',NULL
52,Walnut Chocolate Brownie,'105.00','TB015',NULL
53,Espresso - Single,'65.00','TB016',NULL
54,Espresso Double,'85.00','TB017',NULL
55,Americano,'95.00','TB018',NULL
56,Coffee Vegan Soya/Almond,'125.00','TB019',NULL
57,Cappuccino,'95.00','TB020',NULL
58,Cafe Latte,'95.00','TB021',NULL
59,Cafe Mocha,'115.00','TB022',NULL
60,Cafe Caramel,'125.00','TB023',NULL
61,Cafe Hazelnut,'125.00','TB024',NULL
62,Green Tea,'175.00','TB025',NULL
63,Assam Tea,'110.00','TB026',NULL
64,Iced Coffee,'125.00','TB027',NULL
65,Cold Mocha,'125.00','TB028',NULL
66,Cold Caramel Coffee,'125.00','TB029',NULL
67,Cold Roasted Hazelnut,'125.00','TB030',NULL
68,Lemon Iced Tea,'85.00','TB031',NULL
69,Peach Iced Tea,'90.00','TB032',NULL
70,Virgin Mojito,'85.00','TB033',NULL
71,Chicken Quiche,'120.00','TB034',NULL
72,Spinach and corn Quiche,'100.00','TB035',NULL
73,Filter Kaapi,'20.00','SB001',NULL
74,Instant Coffee,'18.00','SB002',NULL
75,Regular Tea,'18.00','SB003',NULL
76,Bombay Cutting Chai (cutting glass),'18.00','SB004',NULL
77,Reboot Chai,'18.00','SB005',NULL
78,Irani Chai,'20.00','SB006',NULL
79,Horlicks,'22.00','SB007',NULL
80,Boost,'22.00','SB008',NULL
81,Samosa,'22.00','SB009',NULL
82,Bun Maska,'22.00','SB010',NULL
83,Khari ( 2 pieces),'15.00','SB011',NULL
84,Nippattu ( 2 pieces),'15.00','SB012',NULL
85,Mattri ( 2 pieces),'15.00','SB013',NULL
86,Banana Cake,'20.00','SB014',NULL
87,Dil Pasand,'40.00','SB015',NULL
88,Dil Kush,'20.00','SB016',NULL
89,Jam Bun,'22.00','SB017',NULL
90,Veg Puff,'30.00','SB018',NULL
91,Chicken Puff,'45.00','SB019',NULL
92,Egg Puff,'35.00','SB020',NULL
93,Vada Pav,'22.00','SB021',NULL
94,Idly,'42.00','D0001',NULL
95,Medu Wada,'45.00','D0002',0
96,Idli Wada,'45.00','D0003',0
97,MASALA KHUSKA,'40.00','D0004',NULL
98,Upma of The Day,'40.00','D0005',NULL
99,Deep Fried Snacks/Fritters,'40.00','D0006',NULL
100,Poha- Vegetable,'40.00','D0007',NULL
101,Sabudhana Kichidi,'40.00','D0008',NULL
102,Chole Bathura,'55.00','D0009',NULL
103,Indian Street Food,'45.00','D0010',NULL
104,Chicken Preparation dry (evening snacks and midnight snacks only),'60.00','D0011',NULL
105,Sweet,'30.00','D0012',NULL
106,Veg Meal,'85.00','D0013',NULL
107,Veg Meal Combo,'60.00','D0014',NULL
108,Non-Veg Combo,'65.00','D0015',NULL
109,Non-Veg Meal,'100.00','D0016',NULL
110,Mooli paratha,'55.00','D0017',NULL
111,Stuffed Paratha- Paneer,'50.00','D0018',NULL
112,Plain Paratha- With Subzi,'50.00','D0019',NULL
113,POORI AND ALOO SAAGU,'55.00','D0020',0
114,BHATURA AND BLACK CHANA MASALA,'55.00','D0021',NULL
115,Kulcha with bhaji,'45.00','D0022',NULL
116,Masala Dosa,'50.00','D0023',NULL
117,Plain Dosa,'45.00','D0024',NULL
118,Mysore Masala,'55.00','D0025',NULL
119,Davangare Set Dosa,'40.00','D0026',NULL
120,Masala Uthappam,'40.00','D0027',NULL
121,Onion Uthappam,'45.00','D0028',NULL
122,Benne Masala Dosa,'40.00','D0029',NULL
123,Pesarattu,'40.00','D0030',NULL
124,Plain Idli,'42.00','D0031',0
125,Raagi Idli,'40.00','D0032',NULL
126,Kanchipuram Idli,'42.00','D0033',NULL
127,Rawa Idli,'40.00','D0034',NULL
128,Podi Idli,'42.00','D0035',NULL
129,Bhel Poori,'40.00','F0001',NULL
130,Dahi Poori,'40.00','F0002',NULL
131,Masala Poori,'40.00','F0003',NULL
132,Samosa Chaat,'40.00','F0004',NULL
133,Aloo Tikki Chaat,'40.00','F0005',NULL
134,Katchori Chaat,'40.00','F0006',NULL
135,Ragda Katchori,'40.00','F0007',NULL
136,Paani Poori,'40.00','F0008',NULL
137,Chat of the Day,'40.00','F0009',NULL
138,Idly,'42.00','D0001',NULL
139,Medu Wada,'40.00','D0002',NULL
140,Idli Wada,'40.00','D0003',NULL
141,MASALA KHUSKA,'40.00','D0004',NULL
142,Upma of The Day,'40.00','D0005',NULL
143,Deep Fried Snacks/Fritters,'40.00','D0006',NULL
144,Poha- Vegetable,'40.00','D0007',NULL
145,Sabudhana Kichidi,'40.00','D0008',NULL
146,Chole Bathura,'60.00','D0009',NULL
147,Indian Street Food,'45.00','D0010',NULL
148,Chicken Preparation dry (evening snacks and midnight snacks only),'60.00','D0011',NULL
149,Sweet,'30.00','D0012',NULL
150,Veg Meal,'85.00','D0013',NULL
151,Veg Meal Combo,'60.00','D0014',NULL
152,Non-Veg Combo,'65.00','D0015',NULL
153,Non-Veg Meal,'100.00','D0016',NULL
154,Gobi   Paratha,'50.00','D0017',0
155,Stuffed Paratha- Paneer,'50.00','D0018',NULL
156,Plain Paratha- With Subzi,'50.00','D0019',NULL
157,Poori Subzi,'50.00','D0020',NULL
158,Poori Chole,'50.00','D0021',NULL
159,Pav Bhaji,'45.00','D0022',NULL
160,Masala Dosa,'40.00','D0023',NULL
161,Plain Dosa,'40.00','D0024',NULL
162,Mysore Masala,'40.00','D0025',NULL
163,Davangare Set Dosa,'40.00','D0026',NULL
164,Masala Uthappam,'40.00','D0027',NULL
165,Onion Uthappam,'40.00','D0028',NULL
166,Benne Masala Dosa,'40.00','D0029',NULL
167,Pesarattu,'40.00','D0030',NULL
168,Plain Idli,'40.00','D0031',NULL
169,Raagi Idli,'40.00','D0032',NULL
170,Kanchipuram Idli,'40.00','D0033',NULL
171,Rawa Idli,'40.00','D0034',NULL
172,Podi Idli,'40.00','D0035',NULL
173,Bhel Poori,'40.00','F0001',NULL
174,Dahi Poori,'40.00','F0002',NULL
175,Masala Poori,'40.00','F0003',NULL
176,Samosa Chaat,'40.00','F0004',NULL
177,Aloo Tikki Chaat,'40.00','F0005',NULL
178,Katchori Chaat,'40.00','F0006',NULL
179,Ragda Katchori,'40.00','F0007',NULL
180,Paani Poori,'40.00','F0008',NULL
181,Chat of the Day,'40.00','F0009',NULL
182,Ready To Eat Salad,'90.00','D-648fe291c55ad',NULL
183,High Protein Veg Salad,'80.00','D-6490060708ddf',NULL
184,High Protein Non-Veg Salad,'100.00','D-6490066c64e28',NULL
185,Moong Dal Palak Pakoda,'40.00','D-64902ea3ebb4e',NULL
186,Moong Dal Palak Pakoda,'40.00','D-64903126a3f8f',NULL
187,Chicken 65,'60.00','D-6490314fc8736',NULL
188,Chicken 65,'60.00','D-6490318103f92',NULL
191,Egg Bonda,'50.00','D-6490c48229429',NULL
192,Veg Mandurian,'40.00','D-6490c4d896ac1',NULL
193,Veg Manchurian,'40.00','D-6490c55160d93',NULL
194,Egg Bonda,'50.00','D-6490c581726c8',NULL
195,Donne Chicken biryani,'140.00','Z0001',NULL
196,Donne Kolkata Biriyani,'90.00','D0002',NULL
197,Donne Egg Biriyani,'110.00','D0003',NULL
198,Kaache Ghost ki Biryani Biriyani,'160.00','D0004',NULL
199,Paneer Biriyani of the day,'125.00','D0005',NULL
200,Ginger Tea,'18.00','D-64916187d97ba',NULL
201,Ven Pongal,'45.00','D-64924dd4deb85',0
202,Pongal,'40.00','D-64924e0f8c16e',NULL
203,Falafel,'40.00','D-6492b15ba5148',NULL
204,Mysore Bonda,'40.00','D-6492b2cf42659',NULL
205,Bangalore Fried Kebab,'60.00','D-6492b2fd4b350',NULL
206,Mysore Bonda,'40.00','D-6492d82d2770d',NULL
207,Falafel,'40.00','D-6492d8e50ddd7',NULL
208,Bangalore Fried Kebab,'60.00','D-6492d97bf2448',NULL
303,Spinach and corn Quiche,'100.00','TB035',NULL
334,Bisi bele Bhath,'45.00','D-6493c8075aeed',0
335,Bisi bele bath,'40.00','D-6493c883f25f6',NULL
351,Carrot Honey Cake,'110.00','D-64940ba2db2f7',NULL
352,Apple Cake,'20.00','D-64941342c4b60',NULL
353,Onion Pakoda,'40.00','D-64941c7b60205',NULL
354,Onion Pakoda,'40.00','D-64941ce07d375',NULL
420,Bajji,'40.00','D-649572172e4b8',NULL
421,Bajji,'40.00','D-649572707aa7d',NULL
422,Andhra Chitti Garelu,'40.00','D-6499646c6cd0a',NULL
423,Andhra Chitti Garelu,'40.00','D-649964b6eef01',NULL
424,Jaggery & Pumpkin Tea Cake,'80.00','D-649972b490939',NULL
425,Espresso (Single),'75.00','B001',NULL
426,Espresso (Double),'140.00','B002',NULL
427,Americano,'120.00','B003',0
428,Cappuccino - Plain,'120.00','B004',NULL
429,Cappuccino - Vanilla,'140.00','B005',NULL
430,Cappuccino - Caramel,'130.00','B006',NULL
431,Cappuccino - Hazelnut,'130.00','B007',NULL
432,Latte - Plain,'120.00','B008',NULL
433,Latte - Vanilla,'130.00','B009',NULL
434,Latte - Caramel,'130.00','B010',NULL
435,Latte - Hazelnut,'130.00','B011',NULL
436,Cafe Mocha,'150.00','B012',NULL
437,Red Velvet & White Choco Chip Cookies,'100.00','B013',NULL
438,Cold Brew - Hazelnut,'140.00','B014',NULL
439,Iced Cappuccino - Plain,'120.00','B015',NULL
440,Iced Cappuccino - Vanilla,'150.00','B016',0
441,Iced Cappuccino - Caramel,'150.00','B017',0
442,Iced Cappuccino - Hazelnut,'150.00','B018',0
443,Iced Latte - Plain,'120.00','B019',NULL
444,Iced Latte - Vanilla,'150.00','B020',0
445,Iced Latte - Caramel,'150.00','B021',0
446,Iced Latte - Hazelnut,'150.00','B022',0
447,Iced Mocha,'140.00','B023',NULL
448,Mocha Frappe,'140.00','B024',NULL
449,Classic Cold Coffee,'150.00','B025',NULL
450,Cold White Caffe Mocha,'140.00','B026',NULL
451,Seasonal Vegetable Salad,'80.00','D-6499a688c965d',NULL
452,Seasonal Non - Veg Salad,'100.00','D-6499a97f4b74c',NULL
453,Chicken Ala Cacciatore,Herb Rice','120.00',1
454,Thai Prawn Curry,Lime and Basil Rice','150.00',1
455,Ratatouille on Pesto Garlic Bread,Spicy Napolitana','100.00',1
456,Cut Fruits - Deluxe Bowl,'55.00','0',NULL
457,Cut Fruit - Premium Bowl,'75.00','0',NULL
458,Carrot Juice,'55.00','0',NULL
459,Watermelon Juice,'55.00','0',0
460,Pineapple Juice,'55.00','0',NULL
461,Watermelon Juice,'55.00','0',NULL
462,Mixed Fruit Juice,'55.00','0',NULL
463,Apple Milkshake,'60.00','0',NULL
464,Banana Milkshake,'60.00','0',NULL
465,Chocolate Milkshake,'60.00','0',NULL
466,Rose Milkshake,'60.00','0',NULL
467,Fresh Strawberry Milkshake,'80.00','0',NULL
468,PEACH CRUMBLE,'110.00','0',NULL
469,Sweet Lassi,'45.00','0',NULL
470,Butter Milk,'35.00','0',NULL
471,Nimbu Pani,'35.00','0',NULL
472,Kala Katta,'35.00','0',NULL
473,Kokum,'35.00','0',NULL
474,Aloo Tikki Sandwich,'110.00','E001',0
475,Bhuna Chicken Sandwich,'140.00','E002',0
476,Regular Tea,'16.00','S001',NULL
477,Masala Tea,'16.00','S002',NULL
478,Ginger Tea,'16.00','S003',NULL
479,Filter Coffee,'16.00','S004',NULL
480,Nescafe,'16.00','S005',NULL
481,Hot Chocolate,'25.00','S006',NULL
482,Horlicks,'25.00','S007',NULL
483,Bournvita,'25.00','S008',NULL
484,Bun Maska,'35.00','S009',NULL
485,Bun Jam,'35.00','S010',NULL
486,Bun Cheese,'35.00','S011',NULL
487,Toast Maska,'35.00','S012',NULL
488,Toast Jam,'35.00','S013',NULL
489,Toast Cheese,'35.00','S014',NULL
490,Melting moments,'15.00','S015',NULL
491,Veg Pasta In Neapolitan Sauce,'100.00','S016',NULL
492,Samosa,'30.00','S017',NULL
493,Dhokla,'30.00','S018',NULL
494,Batata Wada,'45.00','S019',1
495,Cake Rusk (2 pcs),'16.00','S020',NULL
496,Veg puff,'35.00','S021',NULL
497,Chicken puff,'35.00','S022',NULL
498,Mawa Cake,'20.00','S023',NULL
499,Hot Milk,'20.00','S024',0
500,Khari,'16.00','S025',NULL
501,Veg Snack,'45.00','M001',NULL
502,Non veg Snack,'75.00','M002',NULL
503,Indian Thali Veg,'80.00','M003',NULL
504,Indian Thali non Veg,'90.00','M004',NULL
505,Chicken Noodles,'75.00','M005',NULL
506,Chicken Noodles,'75.00','M006',NULL
507,Chicken Noodles,'75.00','M007',NULL
508,Mix Veg Kathi Roll,'45.00','M008',NULL
509,Corn Cheese Nuggets,'40.00','D-649aa89e1c900',NULL
510,Corn Cheese Nuggets,'40.00','D-649aa92761cb2',NULL
511,Muradabadi Veg Biryani,'105.00','D001',NULL
512,Muradabadi Chicken Biryani,'135.00','D002',NULL
513,Special - Boiled Peanut Chaat,'65.00','D003',NULL
514,White Dhokla,'45.00','D004',NULL
515,Rasgulla,'45.00','D005',NULL
516,Grilled Peri Peri Prawns Sub Sandwich,'170.00','D006',NULL
517,Veg Pasta In Pesto Sauce,'115.00','W001',0
518,Waffles,'65.00','W002',NULL
519,Pancake,'65.00','W003',NULL
520,Veg Thai Green Curry,'100.00','W004',NULL
521,Chicken Thai Green Curry,'120.00','W005',NULL
522,Turkish Veg Bowl,'100.00','S001',NULL
523,Turkish Non-Veg Bowl,'120.00','S002',NULL
524,Kichidi,'40.00','D-649b16b8c799e',NULL
525,Kichidi,'40.00','D-649b16ee99272',NULL
526,South Indian Thali Veg,'80.00','D-649bee1f4f418',NULL
527,South Indian Thali Non-Veg,'90.00','D-649bee61606e6',0
528,Choice of Cereals,'60.00','D-649bfa8f08f2c',NULL
529,Mix Veg Pakoda,'40.00','D-649c00e1e8c7b',NULL
530,Mix Veg Pakoda,'40.00','D-649c00e1e8c7b',NULL
531,Mix Veg Pakoda,'40.00','D-649c0277616f7',NULL
532,Tandoor Veg Combo,'105.00','D-649c024729c1d',0
533,Tandoor Chicken Combo,'125.00','D-649c02bcc9225',0
534,Dates - 4pcs,'30.00','D-649c034f8349d',0
535,Special-Poached Eggs,'60.00','D-649c038e91ab9',NULL
536,Plain Butter Croissant,'100.00','0',NULL
537,DUTCH TRUFFLE GATEAUX,'140.00','0',NULL
538,White Chocolate Mocha,'125.00','0',NULL
539,Almond Croissant,'100.00','0',NULL
540,Paneer Croissant,'95.00','0',NULL
541,Classic Boba Tea,'140.00','0',NULL
542,GERMAN CHOCOLATE CAKE,'150.00','0',NULL
543,NEW YORK CHEESE CAKE,'155.00','0',NULL
544,Apple Cinnamon Danish,'95.00','0',NULL
545,White chocolate Muffins,'100.00','0',NULL
546,Choco chips Muffins,'100.00','0',NULL
547,Strawberry Muffins,'120.00','0',NULL
548,Blueberry Muffins,'120.00','0',NULL
549,Classic BoBA Coffee,'140.00','0',NULL
550,Custard & Raisin Cinnabon,'100.00','0',NULL
551,Carrot & Honey Slice Cake,'80.00','0',NULL
552,Pumpkin tea cake,'80.00','0',NULL
553,Smoked Chicken Sausage Croissant,'125.00','0',NULL
554,Chocolate Brownie,'115.00','0',NULL
555,Walnut brownie,'100.00','0',NULL
556,Black forest pastry,'100.00','0',NULL
557,Belgium Chocolate Pastry,'115.00','0',NULL
558,Red Velvet Pastry,'115.00','0',NULL
559,Chicken Hawaiian Croissant SW,'180.00','0',NULL
560,Tea-Twinings-EarlGrey,'90.00','0',NULL
561,Tea-Twinings-Chamomile,'90.00','0',NULL
562,Tea-Twinings-English Breakfast,'90.00','0',NULL
563,Tea-Twinings-Green Tea,'90.00','0',NULL
564,Tea-Twinings-Peppermint,'90.00','0',NULL
565,Special-South Indian Style Eggs,'60.00','D-649d85e54172d',NULL
566,B_Test_Dish_Brew,'10.00','D-649ee659d5d37',NULL
567,Veg Mid Night Snacks,'30.00','D-649f3cfe688e0',NULL
568,Non Veg Mid Night Snacks,'40.00','D-649f3d5461135',NULL
569,B_Test_Dish_flavours,'10.00','D-649fd03838a5a',NULL
570,B_Test_Dish_FlavoursC,'10.00','D-649fd17feba18',NULL
571,B_Test_Dish_Zaffran,'10.00','D-649fd21ca86cc',NULL
572,B_Test_Dish_Blended,'1.00','D-649fd24d40be1',NULL
573,B_Test_Dish_Nourish,'1.00','D-649fd27e2bf3c',NULL
574,B_Test_Dish_SnB,'1.00','D-649fd2c078d45',NULL
575,B_Test_Dish_Dakshin,'1.00','D-649fd2f8af52f',NULL
576,Test Dish KE,'1.00','D-64a00b8d7c65d',NULL
577,Test Dish Hearth,'1.00','D-64a00c4712b96',NULL
578,veg live hearth,'10.00','D-64a07337e66a3',NULL
579,kitchen dosa,'10.00','D-64a073efb1338',NULL
580,Noodle Dosa,'50.00','D01',NULL
581,Masala Dosa,'50.00','D02',NULL
582,Manchurian Dosa,'60.00','D03',NULL
583,Plain Uttapam,'50.00','D04',NULL
584,Masala Uttapam,'50.00','D05',NULL
585,Masala Cheese Dosa,'60.00','D06',0
586,Bhel Puri,'50.00','S01',NULL
587,Chana Chaat,'50.00','S02',NULL
588,Dahi Puri,'50.00','S03',NULL
589,Special Chaat- Makhana Chaat,'60.00','S04',NULL
590,Sev Puri,'50.00','S05',NULL
591,Pani Puri,'50.00','S06',NULL
592,Misal Pav,'45.00','D-64a17e0e5f27e',NULL
593,Dhokla,'45.00','D-64a17ea52035c',0
594,Green Peas Rawa Idli,'45.00','D-64a17ee7dd8d2',NULL
595,Medu Vada,'45.00','D-64a17fa9a0488',NULL
596,Aloo Paratha,'45.00','D-64a17fce8945c',NULL
597,Masala Pongal,'45.00','D-64a17feb24f5f',NULL
598,Onion Bhajji,'45.00','D-64a18043c1085',NULL
599,Plain Sheera,'45.00','D-64a1807389fde',NULL
600,Agra Bedmi Puri And Aloo Sabji,'45.00','D-64a18094a34fe',NULL
601,Chennai Beach Sundal,'45.00','D-64a180b037106',NULL
602,Anda Paratha,'75.00','D-64a180da57a18',NULL
603,Oats Masala,'45.00','D-64a180f4b846e',NULL
604,Batata Wada,'45.00','D-64a1810c57a4f',NULL
605,Rawa Upma,'45.00','D-64a181361fa7e',NULL
606,Indori Poha,'45.00','D-64a1814bc7255',NULL
607,Masala Chole And Puri,'45.00','D-64a1816c02e53',NULL
608,Asian Style Crispy Chicken Wings,'75.00','D-64a181c53623c',NULL
609,Indian Thali Veg,'80.00','M0003',NULL
610,Indian Thali Non-Veg,'90.00','M0004',NULL
611,Mix Veg Kathi Roll,'45.00','M0005',NULL
612,Mix Veg Kathi Roll,'45.00','M0006',NULL
613,Maharastrian Thali Non-Veg,'90.00','M0007',0
614,Maharastrian Thali Veg,'80.00','M0008',0
615,Masala Chole And Puri,'45.00','M0009',NULL
616,Masala Chole And Puri,'45.00','M0010',NULL
617,Misal Pav,'45.00','M0011',NULL
618,Dhokla,'45.00','M0012',NULL
619,Green Peas Rawa Idli,'45.00','M0013',NULL
620,Medu Vada,'45.00','M0014',NULL
621,Aloo Paratha,'45.00','M0015',NULL
622,Masala Pongal,'45.00','M0016',NULL
623,Kekda Bhajji (Onion Bhajji),'45.00','M0017',NULL
624,Pyaz Kachori With Bhaji,'45.00','M0018',NULL
625,Agra Bedmi Puri And Aloo Sabji,'45.00','M0019',NULL
626,Chennai Beach Sundal,'45.00','M0020',NULL
627,Aloo Pyaz Paratha With Cheese,'65.00','M0021',NULL
628,Oats Masala,'45.00','M0022',NULL
629,Batata Wada,'45.00','M0023',NULL
630,Rawa Upma,'45.00','M0024',NULL
631,Indori Poha,'45.00','M0025',NULL
632,Masala Chole And Puri,'45.00','M0026',NULL
633,Vagharlela Mug,'45.00','M0027',NULL
634,Latte Reg Roasted Hazelnut,'140.00','D-64a19c70419be',NULL
635,Latte Demi Salted Caramel,'80.00','D-64a19cb53f7c5',NULL
636,Poha,'45.00','D-64a2284e47a79',0
637,Poha,'40.00','D-64a2288b45a94',NULL
638,Masala Omlette,'50.00','D-64a2460492245',NULL
639,Plain Omlette,'50.00','D-64a246694fa38',NULL
640,Fried Egg,'50.00','D-64a246a751b92',NULL
641,Sunny Side Up,'50.00','D-64a246c5a3d9e',NULL
642,Boiled Egg,'45.00','D-64a246e928ab5',NULL
643,Global Non veg Combo,'120.00','D-64a26a4b324ac',NULL
644,Global Veg Combo,'100.00','D-64a26b9468634',NULL
645,Veg Thali,'100.00','D-64a26bc5cbefe',NULL
646,Non Veg Thali,'110.00','D-64a26c6126c53',NULL
647,Blue Berry Milk Shake,'50.00','D-64a275217a04e',NULL
648,Masala Buttermilk,'30.00','D-64a27642d6b88',NULL
649,Grilled Dutch Cheese Hub Infused Polenta Mash,'100.00','D-64a27a6cc2f1c',NULL
650,Herb Rice Orange Coulis Her Crusted Chicken Steak,'120.00','D-64a27c4f28d8d',NULL
651,Garlic Rubbed Prawn Creamy Mash Potato Olive,'150.00','D-64a27d6debd44',NULL
652,Masala Oats,'45.00','D-64a2adb17bab1',NULL
653,Special Chaat- Aligarg Aloo Chaat,'60.00','D-64a2b1922a026',NULL
654,Special-Sali Pe Adu,'60.00','D-64a2c568e1c10',NULL
655,Peri Peri Scrambled Egg,'50.00','D-64a2c5f687716',NULL
656,Peanut Butter Pancake with Honey and Whip Cream,'45.00','D-64a2c64f745dd',NULL
657,Waffle with Maple Syrup and Whip Cream,'45.00','D-64a2c6d8509c7',NULL
658,Plain Omelette,'50.00','D-64a2c71b3805a',NULL
659,Chicken Pasta In Spicy Tomato Sauce,'120.00','D-64a2c7cf02ee5',NULL
660,Mix Nutes Pancake with Honey and Whip Cream,'45.00','D-64a2c80742ccc',NULL
661,Masala Omelette,'50.00','D-64a2c9663ac91',NULL
662,Masala Schezwan Dosa,'50.00','D-64a2c9c7c3590',NULL
663,Sabudana Wada,'45.00','D-64a37b4b6fe53',NULL
664,Pearl Millet Upma,'45.00','D-64a37c0e8da4f',NULL
665,Kanchipuram Idli,'45.00','D-64a37c3a43b01',NULL
666,Pumpkin Soup Veg,'50.00','D-64a37c873b679',NULL
667,Gobi Paratha,'45.00','D-64a37cd748843',NULL
668,With Cheese,'12.00','D-64a37cf65cb00',NULL
669,Mysore Bonda,'45.00','D-64a37d30ceafc',NULL
670,Sabudana Wada,'45.00','D-64a380bba28ea',NULL
671,Plain Dosa,'50.00','D-64a381e4cc0c5',NULL
672,Onion Uttapam,'50.00','D-64a382d623653',NULL
673,Millet Upma,'45.00','D-64a383f66dbe7',NULL
674,Festive Paneer Thali,'120.00','D-64a38421c48b4',0
675,Gobi Paratha,'45.00','D-64a38447afd29',NULL
676,Poori Bhaji,'45.00','D-64a3847bcee2a',NULL
677,Mysore Bonda,'45.00','D-64a384984a54a',NULL
678,Anda Bhurjee,'50.00','D-64a39463ae6fa',NULL
679,Podi Dosa,'50.00','D-64a3aff56319f',NULL
680,Asian Style Crispy Chicken Wings,'75.00','D-64a3b1140bcb5',NULL
681,Soyabean Kheema Matar Paratha,'45.00','D-64a3b1466cce9',NULL
682,Mysore Plain Dosa,'50.00','D-64a3bfdba7bae',NULL
683,Cheese Pops,'40.00','D-64a3e52eda037',NULL
684,Cheese Pops,'40.00','D-64a3e58be63df',NULL
685,Dahi Papadi Chat,'50.00','D-64a3e9e53fb6e',NULL
686,Tikhat Sanjha,'45.00','D-64a3efb581206',NULL
687,Chicken Paratha,'75.00','D-64a3f029c96f7',NULL
688,Chicken Sandwich,'60.00','D-64a3f05465372',NULL
689,Corn Semiya Upma,'45.00','D-64a3f0b4efcb0',NULL
690,Tikhat Sanjha,'45.00','D-64a3f26ef2a2d',NULL
691,Chicken Paratha,'60.00','D-64a3f2a6668fd',NULL
692,Chicken sandwich,'60.00','D-64a3f2ec85799',NULL
693,Corn Semiya Upma,'45.00','D-64a3f31a3d97f',NULL
694,Thalipit,'45.00','0',NULL
695,Khasta Kachori,'45.00','0',NULL
696,Bonda rasam,'45.00','0',NULL
697,Maharashtrian Thali Combo Veg,'60.00','0',0
698,Khasta Kachori,'45.00','0',NULL
699,Bonda rasam,'45.00','0',NULL
700,Roasted Vegetable & Cottage Cheese,Tahini Mayo S/W','75.00',1
701,Tandoori Chicken Mint Aioli Crunchy Greens,'90.00','D-64a3f9e18e5b3',NULL
702,Takeaway Antipesto Salad Veg,'100.00','D-64a3fa68f028a',NULL
703,Quinoa Red Beans & Tomato Salad,'90.00','D-64a3faa46a048',NULL
704,Pesto Grilled Chicken Poached Pears,'100.00','D-64a3fafbf1f60',NULL
705,Plain Sheera,'45.00','D-64a404b85444f',NULL
706,Dahi Vada,'45.00','D-64a40796510d7',NULL
707,Madhur Wada,'45.00','D-64a4c4b6050bd',NULL
708,Poha,'45.00','D-64a4c526a3be2',NULL
709,Vada Pav,'45.00','D-64a4c540c1d69',NULL
710,Corn Semiya Upma,'45.00','D-64a4c561c32b5',NULL
711,Mooli Paratha,'45.00','D-64a4c58592356',NULL
712,Schezwan Idli,'45.00','D-64a4c5a9c8a13',NULL
713,Bread Pakoda,'45.00','D-64a5077738ee1',NULL
714,Semiya Upma,'40.00','D-64a507dd3e0e9',NULL
715,Basant Nagar Mirchi Pakoda,'45.00','D-64a508255b69b',NULL
716,Lal Puri With Aloo Chole,'45.00','D-64a5086c77c11',0
717,Pomfret Fry,'350.00','D-64a508d1b51d9',NULL
718,Bread Pakoda,'45.00','0',NULL
719,Semiya Upma,'40.00','0',NULL
720,Basant Nagar Mirchi Pakoda,'45.00','0',NULL
721,Brown Rice Dadpe Pohe,'45.00','0',NULL
722,Masala Puri With Aloo Gravy,'45.00','D-64a50ff9b076a',NULL
723,Takeaway Antipesto Salad Non-Veg,'110.00','D-64a54df0645dc',NULL
724,Chocolate Sheera,'45.00','D-64a54e0d45adb',NULL
725,Plain Dosa,'45.00','D-64a5572a1df88',NULL
726,Masala Dosa,'50.00','D-64a558471060f',NULL
727,Karabath,'45.00','D-64a611036033e',NULL
728,Karabath,'40.00','D-64a6115c3731a',NULL
729,Batata Vada Pav,'45.00','D-64a623731a7ec',NULL
730,Ghee Idli,'45.00','D-64a623a0bc247',NULL
731,Onion Vada,'45.00','D-64a623cfaf968',NULL
732,Peas Paratha,'45.00','D-64a623eea7b76',NULL
733,Daliya Upma,'45.00','D-64a62457e85a4',NULL
734,Sabudana Bonda,'45.00','D-64a624ffb5e48',NULL
735,Ghee Idli,'45.00','D-64a6257338a00',NULL
736,Onion Vada,'45.00','D-64a6258e7c3c5',NULL
737,Peas Paratha,'45.00','D-64a625ac3578d',NULL
738,Daliya Upma,'45.00','D-64a625cc8e3c7',NULL
739,Paneer Puff,'35.00','D-64a637941eee2',NULL
740,Ajmeri Kadhi Kachori,'45.00','0',NULL
741,Palak Cabbage Bhajji,'45.00','0',NULL
742,Sindhi Dal Pakwan,'45.00','0',NULL
743,Mediterranean Chicken Sandwich,'180.00','0',NULL
744,Veg Spring Roll,'40.00','D-64a67c2c68510',NULL
745,Veg Spring Roll,'40.00','D-64a6814880b78',NULL
746,Veg Spring Roll,'40.00','D-64a6814880b78',NULL
747,Dahi Mirchi Chaat,'45.00','D-64a684bae4771',NULL
748,Moong Dal Bhajji,'45.00','D-64a685aa13587',NULL
749,Corn Poha,'45.00','D-64a685fc62e34',NULL
750,Goli Bhajji,'45.00','D-64a6863c0e79f',NULL
751,Dry Fruit Sheera,'45.00','D-64a686ce72c51',NULL
752,Usal Pav,'45.00','D-64a687045541f',NULL
753,Aloo Bonda,'45.00','D-64a68748973a0',NULL
754,Chicken Peshawari Biryani,'135.00','D-64a6877b43b7c',NULL
755,Vegetable Semiya Bhaat,'45.00','D-64a687ebd2476',NULL
756,Podi Idli,'45.00','D-64a688b9a495e',NULL
757,Palak Cabbage Bhajji,'45.00','D-64a69972d0104',NULL
758,Ajmeri Kadhi kachori,'45.00','D-64a699aebde08',NULL
759,Sindhi Dal Pakwan,'45.00','D-64a699de8a8c7',NULL
760,Soya Akuri Melt On Toast,'140.00','D-64a69ce1b25be',NULL
761,Oats Upma,'45.00','D-64a7719b42e46',NULL
762,Podi Plain Dosa,'50.00','D-64a779085eb44',NULL
763,Podi Masala Dosa,'50.00','D-64a7798b43618',NULL
764,Ram Laddu,'45.00','D-64a7b6d86b833',NULL
765,Nutty Jaggery Suji Halwa,'45.00','D-64a7b70d22ef2',NULL
766,Special - Nutty Chaat,'65.00','D-64a7c74e29a65',NULL
767,Gobhi Pakoda,'45.00','D-64a7c74e29a65',NULL
768,Vada Pav,'45.00','D-64a7d8f6b049b',NULL
769,Goli Bhajji,'45.00','D-64a7dae08bd5d',NULL
770,Ram Laddu,'45.00','D-64a7db3650e28',NULL
771,Puneri Misal pav,'45.00','D-64aae815c5725',NULL
772,Puneri Misal Pav,'45.00','D-64aae815c5725',NULL
773,Vegetable Upma,'45.00','D-64aae848ae97d',NULL
774,Vegetable Upma,'45.00','D-64aae8809c42c',NULL
775,Puneri Misal pav,'45.00','D-64aae9021dc05',NULL
776,Carrot Peas Idli,'45.00','D-64ab5b1a16ed9',NULL
777,Oats Upma,'45.00','D-64ab5bf789528',NULL
778,Carrot Peas Idli,'45.00','D-64ab5c5a51f96',NULL
779,Tandoor Veg Combo,'110.00','D-64ab7e0d44928',NULL
780,Tandoor Non Veg Combo,'120.00','D-64ab7e8fb854b',NULL
781,Banana Coconut Milk Shake,'55.00','D-64ab827e8b328',NULL
782,Rose Chia Lassi,'40.00','D-64ab83144d387',NULL
783,Fruit Bowl,'50.00','D-64ab83cc2b688',NULL
784,Exotic Cut Fruit Platter,'77.00','D-64ab8447a729b',0
785,Exotic Grilled veggie with mozzarella,'75.00','D-64ab86eb32a72',NULL
786,German chicken Sausage Caramalize,'90.00','D-64ab874dc6e9d',NULL
787,Thai Mango,Crunchy Greens,Spiced Jalapeno Salad',NULL
788,Smoked Pulled Chicken Crunchy Green & pickled,'100.00','D-64ab88ea39f03',NULL
789,Berry Bells Greek Yoghurt,'100.00','D-64ab89694852b',NULL
790,Banana Coconut Ginger Smoothie,'65.00','D-64ab8a5c97ead',NULL
791,Cucumbar & Basil Juice,'55.00','D-64ab8aa79a805',NULL
792,Grilled Chicken with cous cous,'120.00','D-64ab8af71be66',NULL
793,Kafir Lime Prawn Creamy Olive Mash,'150.00','D-64ab8c215451d',NULL
794,Truffled Scented Risotto Ala Funghi,'100.00','D-64ab8fd5dc6eb',NULL
795,Choco Chip Slice Tea Cake,'80.00','D-64ab931d7dec0',NULL
796,Mushroom & Jalepeno Omlette,'50.00','D-64abab24325f1',NULL
797,Maharashtrian Thali Combo Non-Veg,'70.00','D-64abd98a1d428',0
798,Vermicelli Cutlet,'45.00','D-64abd9b72bb6a',NULL
799,Kota Kachori,'45.00','D-64abd9e88b74b',NULL
800,Cuttack Dahi Wada,'45.00','D-64abda0eac8b9',0
801,Baked Rajma Cutlet,'45.00','D-64abda40c0b3e',NULL
802,Thalipeeth,'45.00','D-64abdba6bd88f',NULL
803,Vermicelli Cutlet,'45.00','D-64abdbd325026',NULL
804,Kota Kachori,'45.00','D-64abdc001946f',NULL
805,Cuttack Dahi Bada,'45.00','D-64abdc33e712d',NULL
806,Baked Rajma Cutlet,'45.00','D-64abdc7205ef3',NULL
807,Test Veg,'100.00','D-64abfb9f88045',NULL
808,Naan / Roti,'20.00','D-64ac14f5199a1',NULL
809,Naan / Roti,'20.00','D-64ac14f5199a1',NULL
810,Ragi Dosa,'40.00','D-64acab6e46124',NULL
811,Podi Dosa,'40.00','D-64acaba01119a',NULL
812,Green Peas Poha,'45.00','D-64acb0c698d01',NULL
813,Kara Vada,'45.00','D-64acb0ff5c96b',NULL
814,Mix Veg Paratha,'45.00','D-64acb13d5ba56',NULL
815,Takeaway American Mystic Salad Veg,'100.00','D-64acb17f68b99',NULL
816,Thatte Idli,'45.00','D-64acb2a7992a3',NULL
817,Moong Dal Bhajji,'45.00','D-64ad1d52ea79b',NULL
818,Tari Pohe,'45.00','D-64ad1d9d27082',NULL
819,Lunchi & Aloo Dum,'45.00','D-64ad1dcfc3e7e',NULL
820,Ghee Podi Idli,'45.00','D-64ad1e2bdc878',NULL
821,Methi Paratha,'45.00','D-64ad1e64f3ce1',NULL
822,Vegetable Oats,'45.00','D-64ad1ec0dd832',NULL
823,Moong Dal Bhajji,'45.00','D-64ad1ffa495c9',NULL
824,Tari Pohe,'45.00','D-64ad204fcf66d',NULL
825,Lunchi & Aloo Dum,'45.00','D-64ad2089f17d3',NULL
826,Methi Paratha,'45.00','D-64ad20e69d158',NULL
827,Vegetable Oats,'45.00','D-64ad2115b8007',NULL
828,Ghee Podi Idli,'45.00','D-64ad241609b60',NULL
829,Aloo Mutter Bhaji With Puri,'45.00','D-64ad276177b7b',NULL
830,Khatta Dhokla,'45.00','D-64ad27e6a041b',0
831,Jeera idli,'45.00','D-64ad283073065',NULL
832,Peas Paratha,'45.00','D-64ad28df155a3',NULL
833,Red Rice Poha,'45.00','D-64ad297f52397',NULL
834,White Dhokla,'45.00','D-64ad2aa71d7d3',NULL
835,Cheese Finger,'40.00','D-64ad3b18d3927',NULL
836,Cheese Finger,'40.00','D-64ad3b5f276a0',NULL
837,Masala Semiya,'40.00','D-64ae059830f62',NULL
838,Semiya Bath,'40.00','D-64ae059830f62',NULL
839,Semiya Bath,'40.00','D-64ae059830f62',NULL
840,Semiya Bath,'40.00','D-64ae05f28969f',NULL
841,Rassam Vadai,'45.00','D-64ae0806cd9fc',NULL
842,Mini Samosa,'25.00','D-64ae363a45006',NULL
843,Tea Cake,'25.00','D-64ae36c30fb1c',NULL
844,Patra,'30.00','D-64ae3813ef29e',NULL
845,Kothambir Vadi,'45.00','D-64ae56d6dc951',NULL
846,Kacchi Dabeli,'45.00','D-64ae572601624',NULL
847,Dilli Style Puri Sabji,'45.00','D-64ae57885be48',NULL
848,Soya Kheema Samosa,'45.00','D-64ae6811c1b3b',NULL
849,Chicken Pasta In Pesto Sauce,'135.00','D-64ae6945ae592',0
850,Gobhi 65,'45.00','D-64ae6e96b292f',NULL
851,Kothambir Vadi,'45.00','D-64ae70b0db35f',NULL
852,Kacchi Dabeli,'45.00','D-64ae70e059d89',NULL
853,Dilli Style Puri Sabji,'45.00','D-64ae7108690a4',NULL
854,Gobhi 65,'45.00','D-64ae714516440',NULL
855,Soya Kheema Samosa,'45.00','D-64ae71777ac41',NULL
856,Bajra Idli,'45.00','D-64ae71aad1cfa',NULL
857,Rawa Idli,'45.00','D-64af4dc6be163',NULL
858,Masala Bonda,'45.00','D-64af4dffb2234',NULL
859,Takeaway American Mystic Salad Non-Veg,'110.00','D-64af4e218df13',NULL
860,Paneer Paratha,'45.00','D-64af4e556dc06',NULL
861,Sprouts Upma,'45.00','D-64af4e79924bb',NULL
862,Beetroot Puri With Aloo Vatana Sabji,'45.00','D-64af849fba098',NULL
863,Special-Schezwan Maggi,'60.00','D-64af84e5b7f39',NULL
864,Veg Sub Sandwich,'130.00','D-64af851e360a0',NULL
865,Whole Wheat Upma,'45.00','D-64af855897b72',NULL
866,Kobi Bhajji,'45.00','D-64af8cccc33f5',NULL
867,Punjabi Samosa,'45.00','D-64af8cf77b179',NULL
868,Falafel Sub Sandwich,'150.00','D-64af8d1cf1f6d',NULL
869,Whole Wheat Upma,'45.00','D-64af8d5f0d7c0',NULL
870,Sheera,'45.00','D-64afaddb97923',NULL
871,Sev Khamani,'45.00','D-64afae7db00c8',NULL
872,Tadka Idli,'45.00','D-64afaea61984c',NULL
873,Anda Bhurji,'50.00','D-64afaed26da5c',0
874,Rajma Paratha,'45.00','D-64afaf219662d',NULL
875,Sukha Bhel,'50.00','D-64afb1a0a11ad',NULL
876,Ragda Puri,'50.00','D-64afb1e5e4723',NULL
877,Masala Puri,'50.00','D-64afb266ad5ba',NULL
878,Orange Juice,'55.00','D-64afb42c2c763',0
879,Masala Vada,'40.00','D-64afcab47dcdf',NULL
880,Masala Vada,'40.00','D-64afcb05b975f',NULL
881,Brown Rice Pongal,'45.00','D-64b09c1385023',NULL
882,Veg Snack,'45.00','D-64b09e4a54ecb',NULL
883,Non-Veg Snack,'45.00','D-64b09eb2bf109',NULL
884,Carrot & Raisin Tea Cake,'80.00','D-64b0fbec7fe2e',NULL
885,Green Peas Samosa,'45.00','D-64b10f1e270f5',NULL
886,Green Peas Samosa,'45.00','D-64b10f41b6cb2',NULL
887,Bhutte Ka Kees,'45.00','D-64b10f81cb649',NULL
888,Bhutte Ka Kees,'45.00','D-64b10fb474821',NULL
889,Sweet Potato Bonda,'45.00','D-64b10fd9cd068',NULL
890,Sweet Potato Bonda,'45.00','D-64b11001a3a68',NULL
891,Mooli Paratha,'45.00','D-64b110271c075',NULL
892,Sprouts Idli,'45.00','D-64b1105052cb1',NULL
893,Sprouts Idli,'45.00','D-64b11074393b3',NULL
894,Punugulu,'40.00','D-64b11d8a7d788',NULL
895,Punugulu,'40.00','D-64b11dc7eb071',NULL
896,Awadhi Veg Biryani,'105.00','D-64b22fb37c15b',NULL
897,Awadhi Chicken Biryani,'135.00','D-64b231357a135',NULL
898,Sukha Bhel,'45.00','D-64b2318b5589d',NULL
899,Veg Dum Pukht Biryani,'105.00','D-64b232f458be9',NULL
900,Chicken Dum Pukht Biryani,'135.00','D-64b2332d53c7b',NULL
901,Chinese Bhel,'45.00','D-64b236125732d',NULL
902,Chinese Bhel,'45.00','D-64b236282445a',NULL
903,BBQ Veg Bowl,'100.00','D-64b23b0f8b814',NULL
904,BBQ Non-Veg Bowl,'120.00','D-64b23beba26f2',NULL
905,Carrot Idli,'45.00','D-64b241e791c9c',NULL
906,Methi Onion Paratha,'45.00','D-64b242728e47e',NULL
907,Marchi Pakoda,'45.00','D-64b242baaab13',NULL
908,Jowar Pongal,'45.00','D-64b491c73136a',NULL
909,Mirchi Pakoda,'45.00','D-64b49359a5680',NULL
910,Aloo Pyaz Paratha,'45.00','D-64b493958c4a1',NULL
911,Aloo Pyaz Paratha,'45.00','D-64b493c11fc10',NULL
912,Mirchi Pakoda,'45.00','D-64b493ff7bb4d',NULL
913,Fruit Sheera,'45.00','D-64b4942f42c1b',NULL
914,Stuff Kulcha,'45.00','D-64b49452b57d0',NULL
915,Masala Puri With Aloo Mutter,'45.00','D-64b4949c3404b',NULL
916,Masala Puri With Aloo Mutter,'45.00','D-64b494c1b90ef',NULL
917,Green Peas Paratha,'45.00','D-64b495566ef7a',NULL
918,Green Peas Paratha,'45.00','D-64b49586e6b9e',NULL
919,Boiled Eggs,'22.00','D-64b4a3abaf13b',NULL
920,Boiled Eggs,'22.00','D-64b4a3abaf13b',NULL
921,Boiled Eggs,'22.00','D-64b4a3abaf13b',NULL
922,Boiled Eggs,'20.00','D-64b4a5c352389',NULL
923,Filter Kaapi,'20.00','D-64b4b6546e5f5',0
924,Instant Coffee,'18.00','D-64b4b75377a19',NULL
925,Regular Tea,'18.00','D-64b4b782c572c',0
926,Bombay Cutting Chai (cutting glass),'18.00','D-64b4b7a2cff41',0
927,Aloo Sabji And Puri,'45.00','D-64b4b776a1b28',NULL
928,Reboot Chai,'18.00','D-64b4b7c768abd',0
929,Irani Chai,'20.00','D-64b4b8064f314',NULL
930,Horlicks,'22.00','D-64b4b83322634',0
931,Boost,'22.00','D-64b4b858ca0c5',0
932,Samosa,'20.00','D-64b4b877d0f46',NULL
933,Bun Maska,'22.00','D-64b4b894c0ea8',0
934,Khari ( 2 pieces),'15.00','D-64b4b8b58de40',NULL
935,Nippattu ( 2 pieces),'15.00','D-64b4b8da3c2c7',NULL
936,Mattri ( 2 pieces),'15.00','D-64b4bb5209608',NULL
937,Cream Roll,'16.00','D-64b4bb6dbecd9',NULL
938,Banana Cake,'20.00','D-64b4bb76218fc',NULL
939,Jeera Butter,'16.00','D-64b4bbcb723eb',NULL
940,Cookies,'16.00','D-64b4bc3d469f7',NULL
941,Dil Pasand,'40.00','D-64b4bc68b5382',NULL
942,Dil Kush,'20.00','D-64b4bc80ad76a',NULL
943,Jam Bun,'22.00','D-64b4bca6a0f89',0
944,Veg Puff,'30.00','D-64b4bccfd17a4',0
945,Chicken Puff,'45.00','D-64b4bd5c8aeb0',0
946,Egg Puff,'35.00','D-64b4bd9f47e5c',0
947,Vada Pav,'22.00','D-64b4bde4cfdfa',0
948,Masala Dosa,'50.00','D-64b4c00d9024e',NULL
949,Plain Dosa,'45.00','D-64b4c043ae552',NULL
950,Podi Mysore Masala,'55.00','D-64b4c067bb751',NULL
951,Davangare Set Dosa,'40.00','D-64b4c08870378',NULL
952,Masala Uthappam,'40.00','D-64b4c16fbfa66',NULL
953,Onion Uthappam,'50.00','D-64b4c1aba063f',NULL
954,Benne Masala Dosa,'40.00','D-64b4c1df281b6',NULL
955,Pesarattu,'40.00','D-64b4c1ffa0654',NULL
956,Plain Idli,'42.00','D-64b4c229097a6',0
957,Hullikalu Idly,'40.00','D-64b4c2577a026',NULL
958,Kanchipuram Idli,'42.00','D-64b4c27c8aee4',0
959,RAVA IDLI,'42.00','D-64b4c2be9638c',0
960,Podi Idli,'40.00','D-64b4c31bb94ff',NULL
961,Bhel Puri,'45.00','D-64b4c350c2f54',NULL
962,Dahi Puri,'45.00','D-64b4c396662ec',NULL
963,Masala Puri,'45.00','D-64b4c3c0c1d81',NULL
964,Samosa Chaat,'40.00','D-64b4c3e8cdce2',NULL
965,Aloo Tikki Chaat,'45.00','D-64b4c40e82bab',NULL
966,Katchori Chaat,'40.00','D-64b4c441e75ca',NULL
967,Ragda Katchori,'40.00','D-64b4c469eb2ce',NULL
968,Paani Poori,'40.00','D-64b4c49617cb2',NULL
969,Chat of the Day,'40.00','D-64b4c4b969ef5',NULL
970,Roasted Three Pepper Labnahe Sandwich,'75.00','D-64b4d534d538d',NULL
971,Chicken Salami,Pickled Onion Sandwich','90.00',1
972,Kudo Millet&Organic Mixed green Salad,'90.00','D-64b4d5fddfd68',NULL
973,Moraccan Chicken & Chickpea Salad,Organic Greens','100.00',1
974,Bircher Muesli/Wild rose Berry Granola Parfait,'100.00','D-64b4d789f12ec',NULL
975,Berry Smoothie,'65.00','D-64b4d7e68471a',NULL
976,Grilled Chicken with Wilted Spinach,'120.00','D-64b4d8334c802',NULL
977,Basil Scented Prawns,Garlic Mash& Dill caper Sauce','150.00',1
978,Grilled Cottage Cheese,Refried Beans &Quinoa','100.00',1
979,Veg Pasta In Red Sauce,'100.00','D-64b4da0eb5da4',NULL
980,Veg Pasta In Spicy Tomato Sauce,'100.00','D-64b4da7f1ff8e',NULL
981,Palak Moong Bhajji,'45.00','D-64b4db9fda363',NULL
982,Palak Moong Bhajji,'45.00','D-64b4dbda248c0',NULL
983,Mandarin Veg Bowl,'100.00','D-64b4ddc6acc7a',NULL
984,Mandarin Non-Veg Bowl,'120.00','D-64b4de229b071',NULL
985,MASALA KHUSKA,'40.00','D-64b4ec3a0a727',NULL
986,Mint Banana Milkshake,'50.00','D-64b4f3a201350',NULL
987,Sweet Lassi,'40.00','D-64b4f3fac5169',NULL
988,Mixed Fruit Juice,'55.00','D-64b4f44076736',0
989,Lemon Rice,'45.00','D-64b51a9371376',NULL
990,Banana Cake,'20.00','D-64b51a8d13482',NULL
991,Chicken Masala Tazakdar,'60.00','D-64b51ad44a48a',NULL
992,Exotic Veg Croquettes,'40.00','D-64b51b1b2cb5a',NULL
993,Lemon Rice,'40.00','D-64b51c1fc2317',NULL
994,Chicken Masala Tazakdar,'60.00','D-64b51c5d822da',NULL
995,Exotic Veg Croquettes,'40.00','D-64b51c9351a42',NULL
996,Goli Bhajji,'40.00','D-64b522083b859',NULL
997,Mangalore Goli Bhajji,'40.00','D-64b522621ec54',NULL
998,Palak Puri With Bhaji,'45.00','D-64b560bf53dcc',NULL
999,Veg Cutlets,'45.00','D-64b5611939f80',NULL
1000,Peas Upma,'40.00','D-64b565f111513',NULL
1001,White Kesari bhat,'45.00','D-64b5680bd3a3c',0
1002,Semiya Kesari bhat,'30.00','D-64b56882a687c',NULL
1003,White Kesari bhat,'30.00','D-64b56882a687c',NULL
1004,Medu Vada,'45.00','D-64b56e6c07e6b',0
1005,Toast Butter,'35.00','D-64b609d0b7233',NULL
1006,Dal Wada,'45.00','D-64b6213534b04',NULL
1007,Dal Wada,'45.00','D-64b62156c8873',NULL
1008,Masala Idli,'45.00','D-64b62192a49f4',NULL
1009,Masala Idli,'45.00','D-64b621c1811d8',NULL
1010,Iced Cappuccino Salted Caramel,'150.00','D-64b62d22aad85',0
1011,Iced Cappuccino Tiramisu,'150.00','D-64b62d5339f41',0
1012,Mysore Bonda,'45.00','D-64b6618218246',0
1013,Chilli bajji,'40.00','D-64b6683f0688b',NULL
1014,Kundrapura Rice Bath,'40.00','D-64b668f2557d4',NULL
1015,Roasted Dhania Murgh,'60.00','D-64b6694b5c5f0',NULL
1016,Roasted Dhania Murgh,'60.00','D-64b6694b5c5f0',NULL
1017,Roasted Dhania Murgh,'60.00','D-64b6694b5c5f0',NULL
1018,Roasted Dhania Murgh,'60.00','D-64b6694b5c5f0',NULL
1019,PULIKACHA RICE,'40.00','D-64b669ec21d0c',NULL
1020,Chilli bajji,'40.00','D-64b66a3395aec',NULL
1021,Roasted Dhania Murgh,'60.00','D-64b66b4c21ca7',NULL
1022,Roasted Dhania Murgh,'60.00','D-64b66bcf07195',NULL
1023,Gobhi Ka Kulcha And Aloo Rassa,'45.00','D-64b66c149d8d6',NULL
1024,Oregano scented Cheese Fingers,'40.00','D-64b66c69a8153',NULL
1025,Oregano scented Cheese Fingers,'40.00','D-64b66cccb675d',NULL
1026,Chilly bajji,'40.00','D-64b66db915e74',NULL
1027,Batata Poha,'45.00','D-64b6c554baa25',NULL
1028,Ragi Poha,'45.00','D-64b6c5be56efc',NULL
1029,Mixed veg Paratha,'50.00','D-64b740ae85405',NULL
1030,Millet Khicidi,'40.00','D-64b741110c5fb',NULL
1031,Pine apple Kesari Bhat,'40.00','D-64b741655aa66',NULL
1032,Millet Khicidi,'40.00','D-64b745ad640a3',NULL
1033,Pine apple Kesari Bhat,'40.00','D-64b74677b4cbc',NULL
1034,Brown Rice Dadpe Pohe,'45.00','D-64b749f79c5e7',NULL
1035,Masala Thepla,'45.00','D-64b74a334a7fd',NULL
1036,Masala Thepla,'45.00','D-64b74a610821d',NULL
1037,Banana Pakoda,'45.00','D-64b74aab7493c',NULL
1038,Banana Pakoda,'45.00','D-64b74ad2c7f42',NULL
1039,Semiya Upma,'45.00','D-64b74af6695f6',NULL
1040,Semiya Upma,'45.00','D-64b74b328a2bb',NULL
1041,Carrot & Leek Soup Veg,'50.00','D-64b74b535cef0',NULL
1042,Carrot & Leek Soup Non-Veg,'60.00','D-64b74bc19b6ae',NULL
1043,Hoisin Veg Gravy with Veg Sichuan Noodles,'100.00','D-64b76c5e8739d',NULL
1044,Hoisin Chicken Gravy with Veg Fried Rice,'120.00','D-64b76cec0417a',NULL
1045,Chicken Chilli Dry,'75.00','D-64b77dc97601c',NULL
1046,Chicken Chilli With Fried Rice,'75.00','D-64b77e2ee9a9a',NULL
1047,Cheese Chilli Crispies,'40.00','D-64b7b9488083e',NULL
1048,Garlic Roast Chicken,'60.00','D-64b7b9794e374',NULL
1049,Cheese Chilli Crispies,'40.00','D-64b7bb59b3d1f',NULL
1050,Garlic Roast Chicken,'60.00','D-64b7bb938636b',NULL
1051,SPROUT IDLY,'40.00','D-64b7bc4083564',NULL
1052,Ulundu Bonda,'40.00','D-64b7bc86530b9',NULL
1053,Whole Wheat Upma,'45.00','D-64b8865ebe648',NULL
1054,Soya Kheema Paratha,'45.00','D-64b886897cf63',NULL
1055,Veg Pongal,'45.00','D-64b886bfa530e',NULL
1056,Capsicum Cabbage Bhajji,'45.00','D-64b890f4482cb',NULL
1057,Capsicum Cabbage Bhajji,'45.00','D-64b8917e4047b',NULL
1058,Agra Ki Kachori,'45.00','D-64b891b7bb4bb',NULL
1059,Agra Ki Kachori,'45.00','D-64b8924723218',NULL
1060,Pyaz Paratha,'45.00','D-64b892afa6cf2',NULL
1061,Pyaz Paratha,'45.00','D-64b892e4dc707',NULL
1062,Paneer Paratha,'45.00','D-64b8932490ad8',NULL
1063,Idli Plate,'50.00','D-64b8f46f8c438',0
1064,Any One Paratha,'60.00','D-64b8f4c485360',NULL
1065,Chaas,'1000.00','D-64b8f55856ace',NULL
1066,Egg Preparation,'60.00','D-64b8f58244050',NULL
1067,Dosa,'100.00','D-64b8fcdbe71f7',NULL
1068,Ulundu Bonda,'40.00','D-64b90eea11002',NULL
1069,Ajwaini Murgh,'60.00','D-64b90f27e0c69',NULL
1070,Ulundu Bonda,'40.00','D-64b910017dc12',NULL
1071,Ajwaini Murgh,'60.00','D-64b91028d29ef',NULL
1072,Onion Pakoda,'45.00','D-64b910b427f27',NULL
1073,Onion Pakoda,'40.00','D-64b910e2e851d',NULL
1074,Indian Bread,'25.00','D-64b9348d4cb74',NULL
1075,Gobhi Pakoda,'45.00','D-64b9dcc1b3816',NULL
1076,Veg Upma,'45.00','D-64b9dd2c16324',NULL
1077,Veg Upma,'45.00','D-64b9dd6345bf2',NULL
1078,Dal Ka Paratha,'45.00','D-64b9dda832edc',NULL
1079,Dal Ka Paratha,'45.00','D-64b9dddcab545',NULL
1080,Palak Paratha,'45.00','D-64b9de11744b0',NULL
1081,Palak Paratha,'45.00','D-64b9deb2cbeb6',NULL
1082,Veg Chop,'45.00','D-64b9e737206aa',NULL
1083,Podi Idli,'45.00','D-64ba06bebc8d8',NULL
1084,Italian Pizza Fingers,'40.00','D-64ba5b225f62d',NULL
1085,Italian Pizza Fingers,'40.00','D-64ba5b9358699',NULL
1086,Karuvepllai Wada,'40.00','D-64ba6272f2278',NULL
1087,Bread Upma,'45.00','D-64bb487f51157',NULL
1088,Khandvi,'45.00','D-64bb48cbbaff2',NULL
1089,Brown Rice Bisebellebhat,'45.00','D-64bb49e4044ca',NULL
1090,Patra,'45.00','D-64bb526e768e2',NULL
1091,Patra,'45.00','D-64bb529c75e9c',NULL
1092,Kadhi Kachori,'45.00','D-64bb5371d6ca4',NULL
1093,Kadhi Kachori,'45.00','D-64bb53a5056aa',NULL
1094,Mix Veg Paratha,'45.00','D-64bb54038dd1f',NULL
1095,Vermicelli Upma,'45.00','D-64bb5474b2900',NULL
1096,Vermicelli Upma,'45.00','D-64bb559b9263c',NULL
1097,Posco Millet Upma,'45.00','D-64bb559b9263c',NULL
1098,Banana Chocolate Parfait,'100.00','D-64bb763999e98',NULL
1099,Peanut Butter & Banana Parfait,'100.00','D-64bb7b1ca9373',NULL
1100,Mixed Fruit & Banana Parfait,'100.00','D-64bb7b7327339',0
1101,Bircher Muesli,'100.00','D-64bb7bb3ce9e3',NULL
1102,Oats Millet Porridge,'45.00','D-64bb7bee0bc54',0
1103,Cage Free Eggs To Order,'65.00','D-64bb7c3d05b0c',NULL
1104,Maharastrian Thali Veg,'80.00','D-64bb7dbabc52c',0
1105,Maharastrian Thali Non-Veg,'90.00','D-64bb7e3a7276f',0
1106,Regular Tea,'16.00','D-64bd1feb2e725',NULL
1107,Masala Tea,'16.00','D-64bd203faf77c',NULL
1108,Ginger Tea,'16.00','D-64bd2080f31ff',0
1109,Filter Coffee,'16.00','D-64bd20b42f86e',0
1110,Nescafe,'16.00','D-64bd20ec305f1',NULL
1111,Horlicks,'25.00','D-64bd2115c8f65',NULL
1112,Bournvita,'25.00','D-64bd214285318',NULL
1113,Bun Jam,'35.00','D-64bd21e7b661d',NULL
1114,Bun Maska,'35.00','D-64bd2227b0e40',NULL
1115,Bun Cheese,'35.00','D-64bd225912387',NULL
1116,Toast Cheese,'35.00','D-64bd22a437411',NULL
1117,Toast Jam,'35.00','D-64bd22d6b7088',NULL
1118,Toast Maska,'35.00','D-64bd236374df4',NULL
1119,Mawa Cake,'20.00','D-64bd24953c75a',NULL
1120,Hot Milk,'20.00','D-64bd25161de11',0
1121,Chicken Puff,'35.00','D-64bd25401fc9b',NULL
1122,Veg Puff,'35.00','D-64bd25bfbf26e',NULL
1123,Paneer Puff,'35.00','D-64bd25f242b45',NULL
1124,Patra,'30.00','D-64bd261d905fa',NULL
1125,Tea Cake,'25.00','D-64bd2647601e5',NULL
1126,Mini Samosa,'25.00','D-64bd273f838bf',NULL
1127,Dhokla,'30.00','D-64bd276c7b6e4',NULL
1128,Khari,'16.00','D-64bd279ebe7d9',NULL
1129,Cream Roll,'16.00','D-64bd27c8658b4',NULL
1130,Jeera Butter,'16.00','D-64bd27f00ba47',NULL
1131,Cookies,'16.00','D-64bd282d67364',NULL
1132,Spinach & Cheese Croissant,'120.00','D-64bd3884ee5ae',NULL
1133,PESTO PANEER PIE,'130.00','D-64bd38e610032',NULL
1134,BROCOLLI & CHEDDAR VOL-AU-VENT,'125.00','D-64bd39ea1e6e9',NULL
1135,CHOCOLATE BLUEBERRY MOUSSE,'130.00','D-64bd3d0c00222',NULL
1136,South Indian Veg Combo,'60.00','D-64bd40fd369f7',NULL
1137,South Indian Non-Veg Combo,'70.00','D-64bd415e3a892',0
1138,Indian Thali Veg Combo,'60.00','D-64bd45e1d9ad9',NULL
1139,Indian Thali Non-Veg Combo,'70.00','D-64bd460ed24ef',NULL
1140,Bread Upma,'45.00','D-64bdce5c34da8',NULL
1141,Khandvi,'45.00','D-64bdce834a9a8',NULL
1142,Brown Rice Bisebellebhat,'45.00','D-64bdced97f7c1',NULL
1143,idli Wada,'45.00','D-64bddbceb70bf',0
1144,Maharastrian Thali Combo Non-Veg,'70.00','D-64bdec023bf98',0
1145,Indian Thali Veg,'75.00','D-64bdec82d39b9',NULL
1146,Indian Thali Non Veg,'85.00','D-64bdecb17f12e',NULL
1147,Indian Thali Combo Veg,'45.00','D-64bdecdb7781e',NULL
1148,Indian Thali Combo Non Veg,'50.00','D-64bded201e3b9',NULL
1149,Masala Lemonade,'50.00','D-64bdf4b5169af',NULL
1150,Wild berry Milkshake,'50.00','D-64bdf54527866',NULL
1151,Wood fire grilled veg Sandwich,'75.00','D-64be02d5b87c0',NULL
1152,Tandoori Chicken Sausage Sandwich,'90.00','D-64be039c76699',NULL
1153,Slow cooked Chicken Breast,Chickpea Mash','120.00',1
1154,Dill Scented Prawns,Seafood Bisque','150.00',1
1155,Parsley Crusted Cottage Cheese Steak,Nage,Mash',NULL
1156,Anti Bloat green juice,'55.00','D-64be05a8b450e',NULL
1157,Wild Berry smoothie,'65.00','D-64be061e11fe9',NULL
1158,Bircher Muesli Parfait,'100.00','D-64be067040312',1
1159,Mixed Nuts and Honey Parfait,'100.00','D-64be06d86ce69',NULL
1160,Classic Fattoush Salad,'90.00','D-64be075619c0f',NULL
1161,Sumac Rubbed Chicken,greens,Jalapeno',NULL
1162,Takeaway Detox Salad Veg,'100.00','D-64be0f85d8008',NULL
1163,Takeaway Detox Salad Non Veg,'110.00','D-64be0fc646a80',NULL
1164,Takeaway Sandwich Veg,'90.00','D-64be1069022a3',NULL
1165,Takeaway Chicken Sandwich,'100.00','D-64be10ea8c3f9',NULL
1166,Grilled Paneer With Accompaniments,'110.00','D-64be1165bb65d',NULL
1167,Grilled Chicken With Accompaniments,'150.00','D-64be11a31c6c4',NULL
1168,Build Your Own Salad Veg,'100.00','D-64be11ee68306',NULL
1169,Build Your Own Salad Non Veg,'110.00','D-64be1222d6067',NULL
1170,Plain Cheese Dosa,'60.00','D-64be1434d1903',NULL
1171,Chipotle Paneer Nachos,'80.00','D-64be16a0c5934',NULL
1172,Mexican Chicken Nachos,'90.00','D-64be17190fb6c',NULL
1173,Tempura Fried Veg In Oyster Sauce With Fried Rice,'100.00','D-64be1870de2e9',NULL
1174,Tempura Fried Veg In Oyster Sauce With Noodles,'100.00','D-64be18a450575',NULL
1175,Mushroom Risotto,'100.00','D-64be18df32ee4',NULL
1176,Mushroom With Chicken Risotto,'120.00','D-64be1919b2115',NULL
1177,Mexican Veg Stew with Mexican Rice,'100.00','D-64be2127bfb90',NULL
1178,Chicken Birra Stew with Mexican Rice,'120.00','D-64be2189285e2',NULL
1179,Citrus Booster Juice,'80.00','D-64be22fed5dfa',NULL
1180,Patra,'45.00','D-64be373ec24db',NULL
1181,Vermicelli Cutlet,'45.00','D-64be3771997fb',NULL
1182,Kadhi Kachori,'45.00','D-64be379c87eda',NULL
1183,Cuttack Dahi Bada,'45.00','D-64be37bfa2da6',NULL
1184,Paneer Paratha,'45.00','D-64be37e756dc8',NULL
1185,Mix Veg Paratha,'45.00','D-64be380cd64e4',NULL
1186,Vermicelli Upma,'45.00','D-64be383113355',NULL
1187,Sindhi Veg Biryani,'105.00','D-64be394fc77dc',NULL
1188,Sindhi Chicken Biryani,'135.00','D-64be39971f69c',NULL
1189,Green Peas Poha,'45.00','D-64be3a8057a72',NULL
1190,Green Peas Poha,'45.00','D-64be3ab4dceee',NULL
1191,Green Peas Poha,'45.00','D-64be3aece9768',NULL
1192,Special - Chana Jor Garam Chaat,'65.00','D-64be490008923',NULL
1193,Aloo Tikki Chaat,'45.00','D-64be49464edb9',NULL
1194,Chicken Chatpata,'65.00','D-64be4ca9ece69',NULL
1195,Chicken Chatpata,'65.00','D-64be4cd735122',0
1196,Tomato Bath,'45.00','D-64be4e563eb3a',NULL
1197,Tomato Rice Bhat,'45.00','D-64be4e563eb3a',0
1198,Tomato Rice Bhat,'45.00','D-64be4e563eb3a',0
1199,Tomato Rice Bhat,'40.00','D-64be4e95acb0a',NULL
1200,Aloo Papdi Chaat,'45.00','D-64be50f50f5c7',NULL
1201,DAHI KACHORI,'45.00','D-64be514c8e18c',NULL
1202,Sev Puri,'45.00','D-64be514c8e18c',NULL
1203,Sprouts  Chaat,'40.00','D-64be51d2be4a2',NULL
1204,Sprouts Bhel,'40.00','D-64be51d2be4a2',NULL
1205,Soya Milk,'35.00','D-64be5390cb6ee',NULL
1206,Oat Milk,'35.00','D-64be53b9dcdd0',NULL
1207,Almond Milk,'35.00','D-64be53e83e8bc',NULL
1208,Extra Expreso Shot,'50.00','D-64be540ad2a67',NULL
1209,Batata Vada Pav,'45.00','D-64bf1cb07c86c',NULL
1210,Kanchipuram Idli,'45.00','D-64bf1d0dd98e9',NULL
1211,Dal Wada,'45.00','D-64bf1d4433b20',NULL
1212,Methi Paratha,'45.00','D-64bf1d7d64f9f',NULL
1213,Vegetable Semiya Bhaat,'45.00','D-64bf1dbda6f8d',NULL
1214,Vegetable Semiya Bhaat,'45.00','D-64bf1deeaadd7',NULL
1215,Tari Pohe,'45.00','D-64bf34feee0b9',NULL
1216,Aloo Dum With Lucchi,'45.00','D-64bf35484bf50',NULL
1217,Aloo Dum With Lucchi,'45.00','D-64bf357550b7c',NULL
1218,Aloo Dum With Lucchi,'45.00','D-64bf3596afddc',NULL
1219,Ghee Podi Idli,'45.00','D-64bf36144856b',NULL
1220,Mooli Paratha,'45.00','D-64bf365454e49',NULL
1221,Mutter Paratha,'45.00','D-64bf367f9fe3b',NULL
1222,Mutter Paratha,'45.00','D-64bf36ac12046',NULL
1223,Mutter Paratha,'45.00','D-64bf36d1dad0b',NULL
1224,Ragi Millet Upma,'45.00','D-64bf37052cdc0',0
1225,Little Millet Pongal,'45.00','D-64bf372a78f9b',NULL
1226,Ragi Millet Upma,'45.00','D-64bf37528fb4d',0
1227,Ambur Veg Biryani,'105.00','D-64bf3e0d54f5a',NULL
1228,Ambur Chicken Biryani,'135.00','D-64bf3e3e7f021',NULL
1229,Belly Good Smoothie,'80.00','D-64bf4d00225d3',NULL
1230,Paneer Manchurian Sauce Combo with Fried Rice,'100.00','D-64bf66fa3dd95',0
1231,Paneer Manchurian Sauce Combo with Noodles,'100.00','D-64bf6783bb14b',0
1232,Special - Dahi Kachori Chat,'65.00','D-64bfa86fe7746',NULL
1233,Onion Pakoda Chaat,'45.00','D-64bfa87e6680b',NULL
1234,Dahi Bhalla,'45.00','D-64bfa8d1afc11',NULL
1235,Veg Nuggets,'40.00','D-64bfac8629576',NULL
1236,Veg Nuggets,'40.00','D-64bfb66a15f79',NULL
1237,Street Style Kulcha Pizza,'45.00','D-64c06db7773a5',0
1238,Wada Usal Pav,'45.00','D-64c06e480d204',NULL
1239,Wada Usal Pav,'45.00','D-64c06e7877b85',NULL
1240,Wada Usal Pav,'45.00','D-64c06e9a73274',NULL
1241,Dhokla,'45.00','D-64c06eec14f5c',NULL
1242,Mysore Bonda,'45.00','D-64c06f213d71c',NULL
1243,Dal Ka Paratha,'45.00','D-64c06f52236f8',NULL
1244,Barley Pongal,'45.00','D-64c06f7e6318e',NULL
1245,Barley Pongal,'45.00','D-64c06fa60c25f',NULL
1246,Barley Pongal,'45.00','D-64c06fc58cc49',NULL
1247,White Dhokla,'45.00','D-64c08ea6b8f3f',0
1248,Exotic Classic Italian Feast SW,'150.00','D-64c08f9a68f9a',NULL
1249,Lucknowi Veg Biryani,'105.00','D-64c09245d174b',NULL
1250,Lucknowi Chicken Biryani,'135.00','D-64c0926566184',NULL
1251,Kothambir Vadi,'45.00','D-64c09dda79890',NULL
1252,Kacchi Dabeli,'45.00','D-64c09e2025a62',NULL
1253,Dilli Style Puri Sabji,'45.00','D-64c09e5a78907',NULL
1254,Gobhi 65,'45.00','D-64c09eca2f7e4',NULL
1255,Aloo Paratha,'45.00','D-64c09efc36d7d',NULL
1256,Onion Mint Paratha,'45.00','D-64c09f28b3964',NULL
1257,Onion Mint Paratha,'45.00','D-64c09f5bc023a',NULL
1258,Onion Mint Paratha,'45.00','D-64c09f7baf753',NULL
1259,Tossed Vegetable Millet,'45.00','D-64c09fa97b480',NULL
1260,Tossed Vegetable Millet,'45.00','D-64c09fdb16e87',NULL
1261,Tossed Vegetable Millet,'45.00','D-64c0a00ced961',NULL
1262,Hearty Veg Cacclatore,Butter herb rice','100.00',1
1263,Chicken Cacclatore,Butter herb rice','120.00',1
1264,Palak Patte Ki Chaat,'40.00','D-64c0f40195fda',NULL
1265,Jhaal Moori,'40.00','D-64c0f430e439c',NULL
1266,Kachori,'30.00','D-64c0f7c214104',NULL
1267,Assorted Bajji,'40.00','D-64c0f8520be2d',NULL
1268,Tarakari Rice Bath,'45.00','D-64c0f8899befb',0
1269,Chicken Sukka,'60.00','D-64c0f8c36b558',NULL
1270,Herbed Cheese Potato Fingers,'40.00','D-64c0f8f16a0c3',NULL
1271,Herbed Cheese Potato Fingers,'40.00','D-64c0f8f16a0c3',NULL
1272,Tarakari Rice Bath,'40.00','D-64c0f9697d29c',NULL
1273,Assorted Bajji,'40.00','D-64c0f99958929',NULL
1274,Chicken Sukka,'60.00','D-64c0f9c68b098',NULL
1275,Herbed Cheese Potato Fingers,'40.00','D-64c0f9fd15854',NULL
1276,Grilled Fish With Accompaniment,'150.00','D-64c128b9524d3',NULL
1277,Aloo Mutter Bhaji With Puri,'45.00','D-64c1bd166641b',NULL
1278,Aloo Mutter Bhaji With Puri,'45.00','D-64c1bd4856b7b',NULL
1279,Sprouts Upma,'45.00','D-64c1bd9b2e2c4',NULL
1280,Vermicilli Upma,'45.00','D-64c1bdc826948',NULL
1281,Idli,'45.00','D-64c1bede4c916',NULL
1282,Idli,'45.00','D-64c1bf16bd32d',NULL
1283,Idli,'45.00','D-64c1bf4e78b37',NULL
1284,Kara Vada,'45.00','D-64c1bfba96aaa',NULL
1285,Kara Vada,'45.00','D-64c1bfea6b609',NULL
1286,Methi Thepla,'45.00','D-64c1c01297864',NULL
1287,Methi Thepla,'45.00','D-64c1c0369edc8',NULL
1288,Methi Thepla,'45.00','D-64c1c0a847382',NULL
1289,Jowar Upma,'45.00','D-64c1c0f7915cd',NULL
1290,Jowar Upma,'45.00','D-64c1c126f349a',NULL
1291,Jowar Upma,'45.00','D-64c1c2f39d061',NULL
1292,Dindigul Veg Biryani,'105.00','D-64c1ea20cee78',NULL
1293,Dindigul Chicken Biryani,'135.00','D-64c1eb44b8df1',NULL
1294,Kobi Bhajji,'45.00','D-64c1ecaf4c9c2',NULL
1295,Batata Vada Pav,'45.00','D-64c1eced88229',NULL
1296,Pav Bhaji,'45.00','D-64c1ed158cb78',NULL
1297,Pav Bhaji,'45.00','D-64c1ed3921bb2',NULL
1298,Pav Bhaji,'45.00','D-64c1ed3921bb2',NULL
1299,Pav Bhaji,'45.00','D-64c1ed749f358',NULL
1300,Madhurai Idli,'45.00','D-64c1edaa6cd3d',NULL
1301,Rajma Paratha,'45.00','D-64c1edeef18d9',NULL
1302,Rajma Paratha,'45.00','D-64c1ee177e4f1',NULL
1303,Multigrain Idli,'45.00','D-64c1ee4550700',NULL
1304,Multigrain Idli,'45.00','D-64c1ee8f7bb4f',NULL
1305,Multigrain Idli,'45.00','D-64c1ee8f7bb4f',NULL
1306,Multigrain Idli,'45.00','D-64c1eeb97cfd2',NULL
1307,Special Chat - Chole Pattice Chat,'65.00','D-64c221c32c581',0
1308,Kachori,'30.00','D-64c2324a275c1',NULL
1309,Veg Jalapeno Pops,'40.00','D-64c23dedd5ea1',NULL
1310,Veg Jalapeno Pops,'40.00','D-64c23dedd5ea1',NULL
1311,Veg Jalapeno Pops,'40.00','D-64c2412f77ff3',NULL
1312,Ragda Pattice,'40.00','D-64c245621f5a9',NULL
1313,Bengaluru Masala Chaat,'40.00','D-64c24774759a5',NULL
1314,Dry Fruit Sheera,'45.00','D-64c312fb7dc47',NULL
1315,Dry Fruit Sheera,'45.00','D-64c3138068730',NULL
1316,Chicken Potli Samosa,'45.00','D-64c313c4ba43d',NULL
1317,Tadka Idli,'45.00','D-64c313ee34f08',NULL
1318,Rasam Vadai,'45.00','D-64c3141726e76',NULL
1319,Rasam Vadai,'45.00','D-64c3144a24d3e',NULL
1320,Rasam Vadai,'45.00','D-64c31467daac6',NULL
1321,Soya Kheema Paratha,'45.00','D-64c314b072b8a',NULL
1322,Soya Kheema Paratha,'45.00','D-64c314d98437e',NULL
1323,Bajra Tadka,'45.00','D-64c31508d9e24',NULL
1324,Bajra Tadka,'45.00','D-64c3152cb8cb9',NULL
1325,Bajra Tadka,'45.00','D-64c3154e3d172',NULL
1326,Dry fruit Kesari Bhat,'40.00','D-64c31ce1cbb37',0
1327,Dry fruit Kesari Bhat,'40.00','D-64c31de31c842',NULL
1328,Paneer Pyaz Paratha,'45.00','D-64c3278eaab85',NULL
1329,Paneer Pyaz Paratha,'45.00','D-64c328402aeac',NULL
1330,Paneer Pyaz Paratha,'45.00','D-64c32899eaeee',NULL
1331,Hydrabadi Veg Biryani,'105.00','D-64c33d7f2d69b',NULL
1332,Hydrabadi Chicken Biryani,'135.00','D-64c33de2d5d64',NULL
1333,Fusion Samosa,'45.00','D-64c34894592f7',0
1334,Fusion Samosa,'45.00','D-64c34894592f7',0
1335,Cocktail Samosa,'45.00','D-64c3494cebf7d',NULL
1336,Bhutte Ka Tikki,'45.00','D-64c349774299a',NULL
1337,Bhutte Ka Tikki,'45.00','D-64c349ae664a4',NULL
1338,Bhutte Ka Tikki,'45.00','D-64c349d94778b',NULL
1339,Sweet Potato Bonda,'45.00','D-64c34a0f17d68',NULL
1340,Iced Cappuccino Roasted Hazelnut,'150.00','D-64c34adc3d1f9',0
1341,Oats Sheera,'45.00','D-64c34b176f062',NULL
1342,Oats Millet Porridge,'45.00','D-64c34b7be4a5c',0
1343,Vegetable Masala Oats,'45.00','D-64c34bc738513',NULL
1344,Mix Veg Pakoda Chaat,'40.00','D-64c39b55339a6',NULL
1345,Dahi wada,'45.00','D-64c39c0d0e49f',NULL
1346,Kanda Poha,'45.00','D-64c703cbc6f6e',NULL
1347,Kanda Poha,'45.00','D-64c703eadf7ed',NULL
1348,Kanda Poha,'45.00','D-64c7040f7669b',NULL
1349,Beetroot Idli,'45.00','D-64c704cab7f0f',NULL
1350,Beetroot Idli,'45.00','D-64c704efdc3cb',NULL
1351,Choice of Eggs with Choice of Bread,'55.00','D-64c71f8bc11c9',NULL
1352,Pancacke/Waffles,'60.00','D-64c71ffe73876',NULL
1354,Choice of Breads,'22.00','D-64c720cfd9e1d',NULL
1355,Veg Mediterranean spicy Cottage Cheese Sandwich,'75.00','D-64c72485a24f9',NULL
1356,Grilled Chicken Tenders,smoked BBQ Sandwich','90.00',1
1357,Grilled Cottage Cheese Staek with Olives,'100.00','D-64c725e3bf729',NULL
1358,Wild Mushroom Braised Chicken Scallopine,'120.00','D-64c727aea7e75',NULL
1359,Grilled Prawns Cous Cous in Pesto Sauce,'150.00','D-64c72874e93d3',NULL
1360,Tandoori Pineapple with Tossed Plum Tomato,'90.00','D-64c728b8baaaf',1
1361,Chicken Hawaiin organic greens,'100.00','D-64c7292a9ba51',1
1362,Green apple cucumber basil,'55.00','D-64c729afbf218',NULL
1363,Coffee banana almond smoothie,'65.00','D-64c72a393c4bc',NULL
1364,Medditernean spicy cottage cheese,'75.00','D-64c72c28b5131',NULL
1365,Thalassery Veg Biryani,'90.00','D-64c73afe6a993',NULL
1366,Thalassery Chicken Biryani,'125.00','D-64c73b44933e1',NULL
1367,Batata Ani Kanda Bhaji,'45.00','D-64c73c444a262',NULL
1368,Batata Ani Kanda Bhaji,'45.00','D-64c73ce9a1188',NULL
1369,Batata Ani Kanda Bhaji,'45.00','D-64c73d2668cec',NULL
1370,Batata Ani Kanda Bhaji,'45.00','D-64c73d4f95528',NULL
1371,Kacchi Dabeli,'45.00','D-64c7401f15a43',NULL
1372,Idly,'45.00','D-64c74072db777',NULL
1373,Festive Chicken Thali,'125.00','D-64c74099a1e6e',0
1374,Festive Special Paneer Thali,'120.00','D-64c740c2d7203',0
1375,South Indian Thali Veg,'80.00','D-64c740e6bee2b',NULL
1376,Makai Ki Tikki,'45.00','D-64c741206d110',NULL
1377,Makai Ki Tikki,'45.00','D-64c7414713659',NULL
1378,Makai Ki Tikki,'45.00','D-64c741757a80a',NULL
1379,Makai Ki Tikki,'45.00','D-64c74195b0803',NULL
1380,Mutter Ka Paratha,'45.00','D-64c74228e47b9',NULL
1381,Mutter Ka Paratha,'45.00','D-64c742614bc3d',NULL
1382,Mutter Ka Paratha,'45.00','D-64c742808d726',NULL
1383,Mutter Ka Paratha,'45.00','D-64c742afce51a',NULL
1384,Chicken 65,'75.00','D-64c742e7505be',NULL
1385,Chicken 65,'75.00','D-64c74318a796e',NULL
1386,Chicken 65,'75.00','D-64c7433b694d3',NULL
1387,Chicken 65,'75.00','D-64c7435c97ffb',NULL
1388,Veg Sub Sandwich,'130.00','D-64c74e7a1ed56',NULL
1389,Non-Veg Sub Sandwich,'130.00','D-64c7518d2d7f2',NULL
1390,Veg Thai Red Curry,'100.00','D-64c75301f1916',NULL
1391,Chicken Thai Red Curry,'120.00','D-64c75373bbfba',NULL
1392,Veg Snack,'45.00','D-64c7617c19bc5',NULL
1393,Non-Veg Snack,'75.00','D-64c761b44fbb7',NULL
1394,South Indian Veg Combo,'60.00','D-64c7622c1f686',NULL
1395,Aloo Matar With Puri,'60.00','D-64c762533bd76',NULL
1396,Special Chat - Dahi Bhalla Papadi Chaat,'65.00','D-64c77bbf90b26',0
1397,Katcha Aam Kala Chana Chaat,'40.00','D-64c792b5b4ff6',1
1398,Sprout Chaat,'40.00','D-64c79547d38b5',1
1399,Pav Bhaji,'45.00','D-64c7a2cf0f9f7',1
1400,Chicken Stroganoff with Parsley Rice,'120.00','D-64c7c20a55c7b',1
1401,Cottage Cheese Stroganoff with Parsley Rice,'100.00','D-64c7c4e19b2e9',1
1402,Cottage Cheese Stroganoff with Parsley Rice,'100.00','D-64c7c4e19b2e9',1
1403,Chicken Green Thai Curry with Ginger Cilantro Rice,'120.00','D-64c7c657ce99a',1
1404,Veg Cottage Cheese Green Thai Curry Cilantro Rice,'100.00','D-64c7c6f3d1905',1
1405,Batate Ka Rassa And Puri,'45.00','D-64c854eceab36',NULL
1406,Batate Ka Rassa And Puri,'45.00','D-64c8552b5809a',NULL
1407,Batate Ka Rassa And Puri,'45.00','D-64c85559e11e2',NULL
1408,Rawa Veg Upma,'45.00','D-64c855b25fd7e',NULL
1409,Rawa Veg Upma,'45.00','D-64c8563d8a339',NULL
1410,Rawa Veg Upma,'45.00','D-64c8565f5ac96',NULL
1411,Tadka Idli,'45.00','D-64c856aaa2875',NULL
1412,Sabudana Wada,'45.00','D-64c8570393a64',NULL
1413,Nagpuri Misal Pav,'45.00','D-64c8576930194',NULL
1414,Nagpuri Misal Pav,'45.00','D-64c85790eedb4',NULL
1415,Nagpuri Misal Pav,'45.00','D-64c857b7dd52a',NULL
1416,Chettinad Mushroom Biryani,'105.00','D-64c872650bbb2',0
1417,Chettinad Chicken Biryani,'135.00','D-64c872cdc600e',NULL
1418,Choice of Cereals with - Hot / Cold Milk,'85.00','D-64c87bde7320a',1
1419,Chole Kulche,'45.00','D-64c88211eee8e',NULL
1420,Chole Kulche,'45.00','D-64c8824c2c6ee',NULL
1421,Chole Kulche,'45.00','D-64c88271f271b',NULL
1422,Chole Kulche,'45.00','D-64c882a5ef64d',NULL
1423,Gobhi Mutter Corn Samosa,'45.00','D-64c8834a32328',0
1424,Mutter Samosa,'45.00','D-64c88370b8792',NULL
1425,Gobhi Mutter Corn Samosa,'45.00','D-64c8839b32c68',0
1426,Mutter Samosa,'45.00','D-64c883c801ccd',NULL
1427,Egg Florentine,'65.00','D-64c883c0a2396',0
1428,Wild Mushroom Crostini,'50.00','D-64c88458a4a32',1
1429,Berry Maple Pancake,'60.00','D-64c8861ef02c2',1
1430,Medu Vada,'45.00','D-64c8945e83c3a',NULL
1431,Medu Vada,'45.00','D-64c894964cae0',NULL
1432,Juhu Pav Bhaji,'45.00','D-64c894c590b90',0
1433,Khada Pav Bhaji,'45.00','D-64c894faac05c',NULL
1434,Juhu Pav Bhaji,'45.00','D-64c8952b43d7b',0
1435,Khada Pav Bhaji,'45.00','D-64c8955c89cdf',NULL
1436,Green Peas Idli,'45.00','D-64c895d443978',NULL
1437,Green Peas Idli,'45.00','D-64c8960315436',NULL
1438,Green Peas Idli,'45.00','D-64c8962e2bd80',NULL
1439,Green Peas Idli,'45.00','D-64c8964f1dc67',NULL
1440,Mix Veg Paratha,'45.00','D-64c8968c77b9c',NULL
1441,Jamaican Chicken Wings,'75.00','D-64c896ca7368e',NULL
1442,Jamaican Chicken Wings,'75.00','D-64c8971b68d08',NULL
1443,BBQ Chicken Wings,'75.00','D-64c897552eb34',NULL
1444,BBQ Chicken Wings,'75.00','D-64c897833d72e',NULL
1445,Palak Cabbage Bhajji,'45.00','D-64c89ffd811ea',NULL
1446,Batata Poha,'45.00','D-64c8a03de562c',NULL
1447,Batata Poha,'45.00','D-64c8a06295dbc',NULL
1448,Gujiya (1pcs),'35.00','D-64c8a0beac8d0',0
1449,Besibalabath,'45.00','D-64c8a10285684',NULL
1450,Besibalabath,'45.00','D-64c8a1333d43c',NULL
1451,Besibalabath,'45.00','D-64c8a218011b0',NULL
1452,Onion and Mint Paratha,'45.00','D-64c8a276e9cfb',NULL
1453,Onion and Mint Paratha,'45.00','D-64c8a29a11326',NULL
1454,Onion and Mint Paratha,'45.00','D-64c8a2bb0d385',NULL
1455,Barley Khichadi,'45.00','D-64c8a2e2842cf',NULL
1456,Barley Khichadi,'45.00','D-64c8a304c6c7d',NULL
1457,Barley Khichadi,'45.00','D-64c8a3279b3c6',NULL
1458,Kolkata Chicken Dum Biryani,'130.00','D-64c8ab18cec0c',1
1459,Kolkata Chicken Biryani,'130.00','D-64c8ac24aa478',1
1460,Ambur Egg Dum Biryani,'100.00','D-64c8ac94a519e',1
1461,Donne Veg Biryani,'100.00','D-64c8adb21bfed',1
1462,Mirchi Bhaji�Chaat,'40.00','D-64c8df9341288',NULL
1463,BBQ Chicken Wings,'75.00','D-64c8e0bed804d',NULL
1464,BBQ Chicken Wings,'75.00','D-64c8e10c6b922',NULL
1465,BBQ Chicken,'75.00','D-64c8e133b8f35',NULL
1466,BBQ Chicken,'75.00','D-64c8e15b33c3d',NULL
1467,Kanda Bhajji,'45.00','D-64c8e18b6bd4a',NULL
1468,Kanda Bhajji,'45.00','D-64c8e1aa1f8d3',NULL
1469,Kanda Bhajji,'45.00','D-64c8e1c5744e2',NULL
1470,Kanda Bhajji,'45.00','D-64c8e1e8944c1',NULL
1471,Batata Wada,'45.00','D-64c8e21d65888',NULL
1472,Chole Bhature,'45.00','D-64c9a83bdfe9b',NULL
1473,Chole Bhature,'45.00','D-64c9a86553674',NULL
1474,Chole Bhature,'45.00','D-64c9a88978683',NULL
1475,Chole Bhature,'45.00','D-64c9a8b3df7f2',NULL
1476,Sev Khamani,'45.00','D-64c9a94c123f3',NULL
1477,Sev Khamani,'45.00','D-64c9a9b957b68',NULL
1478,Sev Khamani,'45.00','D-64c9a9f69cd28',NULL
1479,Rawa Idli,'45.00','D-64c9aa503bbd0',NULL
1480,ADD on Cheese,'15.00','D-64c9aa7a8d3d6',0
1481,Sev Khamani,'45.00','D-64c9aab1b8645',NULL
1482,Rasam Vadai,'45.00','D-64c9aaed382ac',NULL
1483,Aloo Pyaz Paratha,'45.00','D-64c9ab785b617',NULL
1484,Aloo Pyaz Paratha,'45.00','D-64c9abbae71d9',NULL
1485,Mumbai Misal Pav,'45.00','D-64c9abf5ca59d',NULL
1486,Mumbai Misal Pav,'45.00','D-64c9ac1837324',NULL
1487,Mumbai Misal Pav,'45.00','D-64c9ac385ee25',NULL
1488,Mumbai Misal Pav,'45.00','D-64c9ac571e926',NULL
1489,Rawa Idli,'45.00','D-64c9aecb768b1',NULL
1490,Rawa Idli,'45.00','D-64c9aeeb67530',NULL
1491,Vada Pav,'45.00','D-64c9cf8aca21b',NULL
1492,Vada Pav,'45.00','D-64c9cfc79a655',NULL
1493,Khaman Dhokla,'45.00','D-64c9d037e8715',0
1494,Kanchipuram Idli,'45.00','D-64c9d0831a8d0',NULL
1495,Kota Pyaz Kachori,'45.00','D-64c9d2d28ded8',NULL
1496,Kota Pyaz Kachori,'45.00','D-64c9d2f2e6033',NULL
1497,Kota Pyaz Kachori,'45.00','D-64c9d31601753',NULL
1498,Kota Pyaz Kachori,'45.00','D-64c9d3359d232',NULL
1499,Vegetable Tempura,'45.00','D-64c9d38412c61',NULL
1500,Vegetable Tempura,'45.00','D-64c9d3a63908e',NULL
1501,Vegetable Tempura,'45.00','D-64c9d3c7454a7',NULL
1502,Vegetable Tempura,'45.00','D-64c9d3e7925ff',NULL
1503,Onion And Cheese paratha,'45.00','D-64c9d41651961',NULL
1504,Onion And Cheese paratha,'45.00','D-64c9d441844c2',NULL
1505,Onion And Cheese paratha,'45.00','D-64c9d461823a3',NULL
1506,Onion And Cheese paratha,'45.00','D-64c9d480d9fc5',NULL
1507,Chicken Manchurian,'75.00','D-64c9d4b3b8d70',NULL
1508,Chicken Manchurian,'75.00','D-64c9d5222ab5f',NULL
1509,Chicken Manchurian,'75.00','D-64c9d54b6b2e2',NULL
1510,Chicken Lollipop Gravy,'110.00','D-64c9d57f91739',NULL
1511,Kekda Bhajji (Onion Bhajji),'45.00','D-64c9edfd9b844',NULL
1512,Kekda Bhajji (Onion Bhajji),'45.00','D-64c9ee3172248',NULL
1513,Tikhat Sanjha,'45.00','D-64c9ee801e2db',NULL
1514,Tikhat Sanjha,'45.00','D-64c9eeb2e8563',NULL
1515,Goli Bhajji,'45.00','D-64c9ef14c69f6',NULL
1516,Goli Bhajji,'45.00','D-64c9ef4702951',NULL
1517,Ram Laddu,'45.00','D-64c9ef84e73ba',NULL
1518,Ram Laddu,'45.00','D-64c9efb326e83',NULL
1519,Rajma Paratha,'45.00','D-64c9efe7e9ea5',NULL
1520,Veg Upma,'45.00','D-64c9f048f1353',NULL
1521,Veg Upma,'45.00','D-64c9f076a9be0',NULL
1522,Omani Dum Aloo Machboos,'105.00','D-64c9f0ac9cafc',0
1523,Murgh Dum Biryani,'125.00','D-64c9f1b272bab',NULL
1524,Karara Batata Khata Meetha Chaat,'40.00','D-64ca37866fed1',1
1525,Dahi Tikki Chaat,'40.00','D-64ca38659cb61',1
1526,Karara Batata Khata Meetha Chaat,'40.00','D-64ca3b6b03c8e',1
1527,Karara Batata Khata Meetha Chaat,'40.00','D-64ca3b6b03c8e',1
1528,Karara Batata Khata Meetha Chaat,'40.00','D-64ca3b6b03c8e',1
1529,Dahi Tikki chaat,'40.00','D-64ca3bf532ac4',NULL
1530,corn cheese finger,'40.00','D-64ca3d27cb56e',NULL
1531,Chicken tawa masala,'60.00','D-64ca3d5c1cd5d',NULL
1532,Broken Wheat Khichdi,'45.00','D-64ca7b0a515ea',NULL
1533,Broken Wheat Khichdi,'40.00','D-64ca7c34251ed',NULL
1534,Poha,'45.00','D-64caa492525f4',NULL
1535,Poha,'45.00','D-64caa4c1d582a',NULL
1536,Samosa,'45.00','D-64caa8ad1399e',NULL
1537,Samosa,'45.00','D-64caa8d3ecdd6',NULL
1538,Samosa,'45.00','D-64caa9078a809',NULL
1539,Carrot Peas Idli,'45.00','D-64cafaa0b379d',NULL
1540,Green Peas Idli,'45.00','D-64cafafc78d91',NULL
1541,Dal Wada,'45.00','D-64cafb581ca27',NULL
1542,Soya Kheema Paratha,'45.00','D-64cafb9b56798',NULL
1543,Kolhapuri Misal Pav,'45.00','D-64cafd800e4b0',NULL
1544,Kolhapuri Misal Pav,'45.00','D-64cafdd1aef27',NULL
1545,Kolhapuri Misal Pav,'45.00','D-64cafdfd87d40',NULL
1546,Kolhapuri Misal Pav,'45.00','D-64cafe97b993a',NULL
1547,Veg Peshawari Biryani,'115.00','D-64cb1d920fea5',NULL
1548,Chicken Tikka Masala Biryani,'125.00','D-64cb1e00a51fc',NULL
1549,Makti Ussal/Pav,'45.00','D-64cb1f563dce5',NULL
1550,Makti Ussal/Pav,'45.00','D-64cb1f981a9a5',NULL
1551,Makti Ussal/Pav,'45.00','D-64cb1fc3aeb3f',NULL
1552,Makti Ussal/Pav,'45.00','D-64cb1ff3505aa',NULL
1553,Sabudana Wada,'45.00','D-64cb20364d981',NULL
1554,Aloo Bonda,'45.00','D-64cb20a74ae7f',NULL
1555,Aloo Bonda,'45.00','D-64cb20db6b7e9',NULL
1556,Aloo Bonda,'45.00','D-64cb21093535c',NULL
1557,Fried Idli,'45.00','D-64cb2161d96ba',NULL
1558,Fried Idli,'45.00','D-64cb21a7ceaba',NULL
1559,Chicken Pakoda,'60.00','D-64cb21d3589a4',NULL
1560,Fried Idli,'45.00','D-64cb21d3589a4',NULL
1561,Fried Idli,'45.00','D-64cb21f6ef2c0',NULL
1562,Methi Paratha,'45.00','D-64cb22d729c06',NULL
1563,Roast Chicken Wings,'75.00','D-64cb2356a3c99',NULL
1564,Roast Chicken Wings,'75.00','D-64cb23a9a9866',NULL
1565,Roast Chicken Wings,'75.00','D-64cb23c95a6da',NULL
1566,Roast Chicken Wings,'75.00','D-64cb23c95a6da',NULL
1567,Apple Cake,'20.00','D-64cb553a8a832',NULL
1568,Punjabi Samosa,'45.00','D-64cb645d280d6',NULL
1569,Punjabi Samosa,'45.00','D-64cb64853bc21',NULL
1570,Apple Sheera,'45.00','D-64cb64e84f66d',NULL
1571,Apple Sheera,'45.00','D-64cb65128b50a',NULL
1572,Apple Sheera,'45.00','D-64cb6548139d5',NULL
1573,Chana Dal Wada,'45.00','D-64cb65954b9a4',NULL
1574,Chana Dal Wada,'45.00','D-64cb65c18282a',NULL
1575,Chana Dal Wada,'45.00','D-64cb65f2e0edd',NULL
1576,Chana Dal Wada,'45.00','D-64cb661548ab7',NULL
1577,Sabudana Khichdi,'45.00','D-64cb664f7edb9',NULL
1578,Sabudana Khichadi,'45.00','D-64cb66b8a4ea0',NULL
1579,Sabudana Khichadi,'45.00','D-64cb66e544684',NULL
1580,Sabudana Khichadi,'45.00','D-64cb670a5e748',NULL
1581,Thatte Idli,'45.00','D-64cb678b2c478',NULL
1582,Thatte Idli,'45.00','D-64cb67d14fd7b',NULL
1583,Thatte Idli,'45.00','D-64cb67f6c83b5',NULL
1584,Indori Poha,'45.00','D-64cb68276a137',NULL
1585,Indori Poha,'45.00','D-64cb684a57fc2',NULL
1586,Paneer Paratha,'45.00','D-64cb68bfa4e48',NULL
1587,Soya Mutter Kheema With Kulcha,'45.00','D-64cb6911e4299',NULL
1588,Khaman Dhokla,'45.00','D-64cb69415213c',NULL
1589,Multigrain Dhokla,'45.00','D-64cb69695d524',NULL
1590,Khatta Dhokla,'45.00','D-64cb698c926ce',0
1591,Multigrain Dhokla,'45.00','D-64cb69b202019',NULL
1592,Rajasthani Kachori Chaat,'40.00','D-64cb763bad93c',NULL
1593,Poha Peanut Chaat,'40.00','D-64cb76afae3d0',NULL
1594,Special Chat - Dahi Wada,'65.00','D-64cb771b0c15f',0
1595,Chicken Chilli,'75.00','D-64cb848b86eab',NULL
1596,Chicken Chilli,'75.00','D-64cb84c57f416',NULL
1597,Chicken Chilli,'75.00','D-64cb852312d31',NULL
1598,Chicken Chilli,'75.00','D-64cb854add8bd',NULL
1599,Pepper Chicken,'60.00','D-64cb83076ec31',NULL
1600,Palak Rice,'40.00','D-64cb8afc7c18b',NULL
1601,Pepper Chicken,'60.00','D-64cb8b7a3f316',NULL
1602,Palak Rice,'40.00','D-64cb8ba2e7726',NULL
1603,Moong Dal Kachori,'30.00','D-64cbe5bced611',0
1604,Gujiya - (1pcs),'35.00','D-64cbe5f2d80cb',0
1605,Chicken Potli Samosa,'45.00','D-64cbe62068636',NULL
1606,Idly,'42.00','D-64cbedcf9fb97',NULL
1607,Medu Wada,'40.00','D-64cbee6ba5597',NULL
1608,Idli Wada,'40.00','D-64cbeea19e0ea',NULL
1609,Darshini Pulao,'40.00','D-64cbeee21166e',NULL
1610,Upma of The Day,'40.00','D-64cbef1c41761',NULL
1611,Deep Fried Snacks/Fritters,'40.00','D-64cbef61c68cc',NULL
1612,Poha- Vegetable,'40.00','D-64cbef9a947c8',NULL
1613,Sabudhana Kichidi,'40.00','D-64cbefcbb6e7c',NULL
1614,Chole Bathura,'60.00','D-64cbf0034714d',NULL
1615,Indian Street Food,'45.00','D-64cbf040640a4',NULL
1616,Chicken Preparation dry,'60.00','D-64cbf087cbaac',NULL
1617,Sweet,'30.00','D-64cbf0c67125b',NULL
1618,Veg Meal,'85.00','D-64cbf10ca1122',NULL
1619,Veg Meal Combo,'60.00','D-64cbf15a557cc',NULL
1620,Non-Veg Combo,'65.00','D-64cbf1948c643',NULL
1621,Non-Veg Meal,'100.00','D-64cbf1d0b2124',NULL
1622,Stuffed Paratha- Veg (Gobi/ Radish/ Aloo/ Mix Veg),'50.00','D-64cbf201e9a28',NULL
1623,Stuffed Paratha- Paneer,'50.00','D-64cbf23770ee4',NULL
1624,Plain Paratha- With Subzi,'50.00','D-64cbf2748f7ff',NULL
1625,Poori Subzi,'50.00','D-64cbf2a823793',NULL
1626,Poori Chole,'50.00','D-64cbf2d598bc2',NULL
1627,Pav Bhaji,'45.00','D-64cbf3013f920',NULL
1628,Veg Italian Spice Bowl,'90.00','D-64cbf72bb6988',NULL
1629,Non-Veg Italian Spice Bowl,'110.00','D-64cbf778584b8',NULL
1630,Rava Bhaat,'45.00','D-64cc4b39e23c8',NULL
1631,Rava Bhaat,'45.00','D-64cc4bafa0435',NULL
1632,Rava Bhaat,'45.00','D-64cc4bd48dfae',NULL
1633,Rava Bhaat,'45.00','D-64cc4bfa0dbe1',NULL
1634,Live Dosa,'40.00','D-64cc50f3d387c',NULL
1635,Indori Poha,'40.00','D-64cc512730ada',NULL
1636,Kesari Bhat,'40.00','D-64cc515453e65',NULL
1637,Kothambir Vadi,'45.00','D-64cc71c24e645',NULL
1638,Beetroot Idli,'45.00','D-64cc72b38aee3',NULL
1639,Tandoori Mix Veg Kulcha With Aloo Subji,'45.00','D-64cc72dfe6483',NULL
1640,Beetroot Idli,'45.00','D-64cc7308858a2',NULL
1641,Aloo Dum With Lucchi,'45.00','D-64cc734f9b4ab',NULL
1642,Soya Mutter Kheema Pav,'45.00','D-64cc7403df559',NULL
1643,Soya Mutter Kheema Pav,'45.00','D-64cc742f274f7',NULL
1644,Soya Mutter Kheema Pav,'45.00','D-64cc74502b701',NULL
1645,Soya Mutter Kheema Pav,'45.00','D-64cc74729ac53',NULL
1646,Aloo Paratha,'45.00','D-64cc74c626571',NULL
1647,Peri Peri Chicken Wings,'75.00','D-64cc74ef6bf6a',NULL
1648,Peri Peri Chicken Wings,'75.00','D-64cc7521a39bc',NULL
1649,Peri Peri Chicken Wings,'75.00','D-64cc75471a3bd',NULL
1650,Peri Peri Chicken Wings,'75.00','D-64cc756738ff6',NULL
1651,Kolkata Veg Biryani,'105.00','D-64cc7d6a7c093',NULL
1652,Kolkata Chicken Biryani,'135.00','D-64cc7da8eb707',NULL
1653,Veg Thali,'100.00','D-64cc83559f02d',NULL
1654,Non Veg Thali,'110.00','D-64cc84d89a2dc',NULL
1655,Mix Veg Paratha,'55.00','D-64cc8856dd31c',0
1656,Punjabi Samosa,'45.00','D-64ccafe7aa553',NULL
1657,Ajmeri Kadhi Kachori,'45.00','D-64ccb083e19a1',NULL
1658,Masala Puri With Aloo Gravy,'45.00','D-64ccb0b05a6c8',NULL
1659,Oats Upma,'45.00','D-64ccb134e2217',NULL
1660,Chilli Garlic Potato Shots,'40.00','D-64ccce7230243',NULL
1661,Chilli Garlic Potato Shots,'40.00','D-64ccceb4edb26',NULL
1662,Potato bhaji,'45.00','D-64ccceea3d2ca',NULL
1663,Mangalore Goli Bhajji,'45.00','D-64ccd1ac0fe97',NULL
1664,Roasted Dhania Murgh,'60.00','D-64ccd1de60253',NULL
1665,Mixed Papadi Bhel,'40.00','D-64cce203a75cb',NULL
1666,Kohlapuri Bhel,'40.00','D-64cce2418cd3a',NULL
1667,Special - Dahi Mirchi Pakoda Chaat,'65.00','D-64cdd9a0d8153',NULL
1668,Veg Meal,'75.00','D-64cde79f7d6ec',1
1669,Non Veg Meal,'85.00','D-64cde7d34c8ff',1
1670,Blueberry Duet,'100.00','D-64ce084604688',NULL
1671,Cherry Chocolate,'100.00','D-64ce08a5ba182',NULL
1672,CHOCOLATE CALLETS COOKIES,'100.00','D-64ce095761de5',NULL
1673,WHITE CHOCOLATE PEANUT BUTTER COOKIES,'100.00','D-64ce0afb75e64',NULL
1674,PEANUT BUTTER CHOCOLATE PIE,'140.00','D-64ce0ba373319',NULL
1675,Caprese Croissant Sandwich,'200.00','D-64ce0bf16e50a',NULL
1676,Veg Breakfast,'45.00','D-64ce11fee5f15',1
1677,Non Veg Breakfast,'45.00','D-64ce12429e6fa',NULL
1678,Paneer Tikka Pizza,'160.00','D-64ce201c0ad22',0
1679,Chicken Sausage Pizza,'160.00','D-64ce205133636',0
1680,Lal Puri & Batata Bhaji,'45.00','D-64cf876511c52',NULL
1681,Batata Bhaji Ani Poori,'45.00','D-64cf87c9ef0e7',NULL
1682,Batata Bhaji Ani Poori,'45.00','D-64cf87f89f3f7',NULL
1683,Batata Bhaji Ani Poori,'45.00','D-64cf881e722c5',NULL
1684,Keerai Wada,'45.00','D-64cf8903d0ac1',NULL
1685,Keerai Wada,'45.00','D-64cf892bf3220',NULL
1686,Keerai Wada,'45.00','D-64cf897b97d1b',NULL
1687,Keerai Wada,'45.00','D-64cf89b138115',NULL
1688,Gobhi Paratha,'45.00','D-64cf8a844b59c',NULL
1689,Gobhi Paratha,'45.00','D-64cf8aac650ff',NULL
1690,Gobhi Paratha,'45.00','D-64cf8adb0618f',NULL
1691,Gobhi Paratha,'45.00','D-64cf8b00b408f',NULL
1692,Tari Misal Pav,'45.00','D-64cf8b60b9d14',NULL
1693,Tari Misal Pav,'45.00','D-64cf8b86ed7e8',NULL
1694,Tari Misal Pav,'45.00','D-64cf8baeb98a5',NULL
1695,Tari Misal Pav,'45.00','D-64cf8bd95d845',NULL
1696,Green Moong Khichdi,'40.00','D-64d04315a0ae8',NULL
1697,Green Moong Khichdi,'40.00','D-64d0438497c86',NULL
1698,Green Moong Khichdi,'40.00','D-64d043bb8dd4e',NULL
1699,Dry fruit Kesari Bhat,'40.00','D-64d044c93b043',NULL
1700,Kesari Bath,'45.00','D-64d0473b70958',NULL
1701,Green Moong Khichdi,'40.00','D-64d047ac7704f',NULL
1702,Italian Style Fritata,'45.00','D-64d06e281f61c',NULL
1703,Spicy Paneer & Crunchy greens,mayo','75.00',1
1704,Smoked Tandoori Chicken sausage sandwich,'90.00','D-64d07656cabf4',1
1705,Chicken Sausage,Mix Greens,Jalapeno',NULL
1706,Coconut and Peanut Butter Smoothie,'65.00','D-64d076f24c7dc',1
1707,Apple,Beetroot,basil juice',NULL
1708,Thai Spiced Chicken cakes,Panang Curry','120.00',1
1709,Smoked Prawns,organic greens Seafood bisque','150.00',1
1710,Smoked Prawns,organic greens Seafood bisque','150.00',1
1711,Cottage Cheese steak green pea mash charred veg,'100.00','D-64d0782d059d6',NULL
1712,Sugarfree Crunchy Meusli Parfait,'100.00','D-64d081a4b947b',1
1713,Palak Moong Bhajji,'45.00','D-64d086134eab0',NULL
1714,Palak Moong Bhajji,'45.00','D-64d086393788d',NULL
1715,Choco Chip Cake,'20.00','D-64d0888139650',NULL
1716,Choco Chip Cake,'20.00','D-64d088c0f1db3',1
1717,Dahi Balle,'45.00','D-64d08a6f726a5',NULL
1718,Kothimbir Vadi,'25.00','D-64d0a48135890',NULL
1719,Kothimbir Vadi,'25.00','D-64d0a51fdcb72',NULL
1720,Mysore Bonda,'45.00','D-64d0b89e25c4a',NULL
1721,Pyaz Kachori,'45.00','D-64d0b8e9640f3',NULL
1722,Pyaz Kachori,'45.00','D-64d0b9131acbc',NULL
1723,Pyaz Kachori,'45.00','D-64d0b93a1ed04',NULL
1724,Pyaz Kachori,'45.00','D-64d0b95cc25a2',NULL
1725,Chicken Pakoda,'75.00','D-64d0ba2dee2c2',NULL
1726,Chicken Pakoda,'75.00','D-64d0ba6a3ba2f',NULL
1727,Chicken Pakoda,'75.00','D-64d0ba8bc9147',NULL
1728,Bread Pakoda,'45.00','D-64d0bddd606a9',1
1729,Masala Puri And Aloo Bhaji,'45.00','D-64d0be14d8b8c',NULL
1730,Masala Puri,'45.00','D-64d0be3ac4e7c',NULL
1731,Cocktail Samosa Chaat,'45.00','D-64d0c01883555',NULL
1732,Ragda Kachori,'40.00','D-64d0c05a44739',NULL
1733,Pudina rice bath,'45.00','D-64d0c14108a79',NULL
1734,Pudina rice bath,'40.00','D-64d0c17b13b15',NULL
1735,Pudina rice bath,'45.00','D-64d0c1aa74bba',1
1736,Pepper Chicken,'60.00','D-64d0c8fbbd908',NULL
1737,Pudina Rice Bhat,'45.00','D-64d0c92a2eaae',1
1738,Chilli bajji,'40.00','D-64d0c97c63226',NULL
1739,Seviyan Upma,'45.00','D-64d19146be7fb',NULL
1740,Seviyan Upma,'45.00','D-64d19185f0f78',NULL
1741,Kanjipuram Idli,'45.00','D-64d19392589e3',NULL
1742,Kanjipuram Idli,'45.00','D-64d193c3cbecd',NULL
1743,Pine apple Kesari Bhat,'40.00','D-64d19fbd77d71',NULL
1744,Donne Veg Biryani,'90.00','D-64d1ae0aeb453',NULL
1745,Donne Chicken Biryani,'125.00','D-64d1ae7a64461',NULL
1746,Tandoori Mix Veg Kulcha With Aloo Subji,'45.00','D-64d1d3f174194',NULL
1747,Basant Nagar Mirchi Pakoda,'45.00','D-64d1d42281ebe',NULL
1748,Tandoori Mix Veg Kulcha With Aloo Subji,'45.00','D-64d1d449607eb',NULL
1749,Tandoori Mix Veg Kulcha With Aloo Subji,'45.00','D-64d1d46c059b4',NULL
1750,Vegetable Cutlet,'45.00','D-64d1d4a153a67',NULL
1751,Vegetable Cutlet,'45.00','D-64d1d4c95ea40',NULL
1752,Vegetable Cutlet,'45.00','D-64d1d523e9d67',NULL
1753,Vegetable Cutlet,'45.00','D-64d1d54b59e3a',NULL
1754,Podi Idli,'45.00','D-64d1d5b132572',NULL
1755,Cholar Dal Lucchi,'45.00','D-64d1da87461f2',NULL
1756,Cholar Dal Lucchi,'45.00','D-64d1dac7dad27',NULL
1757,Ven Pongal,'45.00','D-64d205279d42e',NULL
1758,Ven Pongal,'45.00','D-64d2055121158',NULL
1759,Stuff Kulcha,'45.00','D-64d2057d33246',NULL
1760,Ven Pongal,'45.00','D-64d205ab85525',NULL
1761,Kaddu Ki Subji And Puri,'45.00','D-64d205e5d4f10',NULL
1762,Kaddu Ki Subji And Puri,'45.00','D-64d206416a9c5',NULL
1763,Kaddu Ki Subji And Puri,'45.00','D-64d2067583067',NULL
1764,Kaddu Ki Subji And Puri,'45.00','D-64d2069c5f3f2',NULL
1765,Brown Rice Kanda Poha,'45.00','D-64d207571848f',NULL
1766,Brown Rice Kanda Poha,'45.00','D-64d207826cb29',NULL
1767,Brown Rice Kanda Poha,'45.00','D-64d207b0833d0',NULL
1768,Rava Kesari,'40.00','D-64d29c7a1b0a9',1
1769,Masala Bhaat,'45.00','D-64d2e0be0b50b',NULL
1770,Masala Bhaat,'45.00','D-64d2e108ce728',NULL
1771,Rawa Bhaat,'45.00','D-64d2e145b0916',NULL
1772,Methi Masala Paratha,'45.00','D-64d2e169e13a9',NULL
1773,Rawa Bhaat,'45.00','D-64d2e19cc95ca',NULL
1774,Paneer Paratha,'55.00','D-64d2fa7c59128',1
1775,Masoor Bhaaji,'45.00','D-64d3074607090',NULL
1776,Masoor Bhaaji,'45.00','D-64d30773b935f',NULL
1777,Aloo Paneer Paratha,'45.00','D-64d307a511669',NULL
1778,Masoor Bhaaji,'45.00','D-64d307c9774db',NULL
1779,Corn Bhaaji,'45.00','D-64d3088087c3c',NULL
1780,Corn Bhaaji,'45.00','D-64d308a69ea62',NULL
1781,Corn Bhaaji,'45.00','D-64d308d2c1fe7',NULL
1782,Corn Bhaaji,'45.00','D-64d3090893c57',NULL
1783,Vegetable Pakoda,'45.00','D-64d309674a563',NULL
1784,Vegetable Pakoda,'45.00','D-64d309b5b5c6f',NULL
1785,Chicken Manchurian Sauce Combo with Fried Rice,'120.00','D-64d309dbc67d9',0
1786,Vegetable Pakoda,'45.00','D-64d30aa41df8f',NULL
1787,Vegetable Pakoda,'45.00','D-64d30afbba9d0',NULL
1788,Soya Kheema Samosa,'45.00','D-64d30b37bffa8',NULL
1789,Soyabean Kheema Paratha,'45.00','D-64d30b6a0d3fc',NULL
1790,Soyabean Kheema Paratha,'45.00','D-64d30b90140af',NULL
1791,Soyabean Kheema Paratha,'45.00','D-64d30bbaacd62',NULL
1792,Chicken Pop Corns,'75.00','D-64d30bf00b3b2',NULL
1793,Chicken Pop Corns,'75.00','D-64d30c203ba58',NULL
1794,Chicken Pop Corns,'75.00','D-64d30c91e862e',NULL
1795,Chicken Pop Corns,'75.00','D-64d30cbfdefaa',NULL
1796,Hoskote Donne Mutton Biryani,'275.00','D-64d335a1126c6',1
1797,English Cheddar & Chicken Ham Croissant Sandwich,'175.00','D-64d338b06d272',NULL
1798,Chicken Chilli Croissant,'125.00','D-64d34f6f1010b',NULL
1799,Lemon Slice Cake,'105.00','D-64d34fdbed9ee',NULL
1800,Barley Upma,'45.00','D-64d3529342039',NULL
1801,Barley Upma,'45.00','D-64d352e8a8fc2',NULL
1802,Barley Upma,'45.00','D-64d3530f66643',NULL
1805,Soyabean Kheema Paratha,'45.00','D-64d3568c8c58f',NULL
1806,Chicken Wings,'75.00','D-64d36c799435c',NULL
1807,Chicken Wings,'75.00','D-64d36caaefdc6',NULL
1808,Chicken Wings,'75.00','D-64d36cd1469af',NULL
1809,Chicken Wings Dry,'110.00','D-64d36cf6c9987',NULL
1810,Mysore Bonda,'40.00','D-64d37194cd747',1
1811,Garlic Roast Chicken,'60.00','D-64d371e2be769',1
1812,Mysore Bonda,'40.00','D-64d372edaf431',1
1813,Veg Nuggets,'40.00','D-64d374ad93904',1
1814,Peas Paratha,'50.00','D-64d3cd406a29a',1
1815,Gobi  Paratha,'40.00','D-64d3cd845532a',1
1816,Sweet Pongal,'40.00','D-64d3cfeac9bfd',1
1817,Peas Paratha,'55.00','D-64d3d10cb1828',0
1818,Usal Pav,'45.00','D-64d439aa82e4d',NULL
1819,Usal Pav,'45.00','D-64d439e131a95',NULL
1820,Semiya Upma,'45.00','D-64d43c9701a72',NULL
1821,Vegetable Dum Biryani,'90.00','D-64d43d533dfd7',NULL
1822,Hyderabadi Kachi Biryani (Mutton),'160.00','D-64d43d999343e',NULL
1823,Puri And Sabji,'45.00','D-64d43d999343e',NULL
1824,Khandvi,'45.00','D-64d448b0b3a56',NULL
1825,Khandvi,'45.00','D-64d448e72576c',NULL
1826,Methi Thepla,'45.00','D-64d449636dd75',NULL
1827,Curry Idli,'45.00','D-64d449968b47c',NULL
1828,Curry Idli,'45.00','D-64d449cc81c35',NULL
1829,Curry Idli,'45.00','D-64d449f308469',NULL
1830,Curry Idli,'45.00','D-64d44a23a4d80',NULL
1831,Bread Pakoda,'45.00','D-64d44af6c0594',NULL
1832,Garlic And Herb Chicken,'60.00','D-64d44b47a00cc',NULL
1833,Garlic And Herb Chicken,'60.00','D-64d44b8236002',NULL
1834,Herb Roast Chicken Sub Sandwich,'160.00','D-64d44ba516c8c',NULL
1835,Garlic And Herb Chicken,'60.00','D-64d44bc648934',NULL
1836,Vanilla,'35.00','D-64d460e50b67c',NULL
1837,Roasted Hazelnut,'35.00','D-64d461d380bb6',NULL
1838,Salted Caramel,'35.00','D-64d461ffa61b2',NULL
1839,Chocolate,'35.00','D-64d462274d5eb',NULL
1840,Slim Milk,'35.00','D-64d4625d6589a',NULL
1841,Choco Chip Slice Cake,'75.00','D-64d46ef207610',NULL
1842,Extra Single Pav,'5.00','D-64d46fd646269',NULL
1843,Extra Single Pav,'5.00','D-64d472429fd12',NULL
1844,Extra Single Pav,'5.00','D-64d472cc30009',NULL
1845,Extra Single Pav,'5.00','D-64d472f47d73a',NULL
1846,Bengoli Veg Cutlet,'45.00','D-64d4877903876',NULL
1847,Bengoli Veg Cutlet,'45.00','D-64d487a053855',NULL
1848,Bengoli Veg Cutlet,'45.00','D-64d487c97929d',NULL
1849,Bengoli Veg Cutlet,'45.00','D-64d487f27913a',NULL
1850,Masala Quinoa,'45.00','D-64d488217b72f',NULL
1851,Masala Quinoa,'45.00','D-64d4884aeebe3',NULL
1852,Masala Quinoa,'45.00','D-64d4887b85125',NULL
1853,coriander roasted chicken,'60.00','D-64d4bd036afd0',1
1854,coriander Roasted chicken,'60.00','D-64d4be10709ee',1
1855,Bangalore Chaat,'40.00','D-64d4c058102e8',1
1856,Ragda Pattice,'40.00','D-64d4c112e32dd',1
1857,coriander Roasted chicken,'60.00','D-64d4c1f111060',1
1858,Potato veggies,'45.00','D-64d4c51a4d12a',NULL
1859,Potato veggies,'45.00','D-64d4c588445f1',NULL
1860,Potato veggies,'45.00','D-64d4c5c6c30a4',NULL
1861,Potato veggies,'4.00','D-64d4c5f9ce338',NULL
1862,Pongal,'40.00','D-64d53a2573998',1
1863,Puri And Sabji,'45.00','D-64d586cf4370e',NULL
1864,Puri And Sabji,'45.00','D-64d5879c34866',NULL
1865,Puri And Sabji,'45.00','D-64d587ea35290',NULL
1866,Junnar Misal Pav,'45.00','D-64d5892409bda',NULL
1867,Junnar Misal Pav,'45.00','D-64d5895f7de5a',NULL
1868,Junnar Misal Pav,'45.00','D-64d5898f05309',NULL
1869,Junnar Misal Pav,'45.00','D-64d589b4d2ef7',NULL
1870,Spiced Potato Wedges,'40.00','D-64d59676f2ea0',NULL
1871,Cream Cheese and exotic veg crostini,'50.00','D-64d5974db8a69',NULL
1872,Dahi Wada,'45.00','D-64d5cf1144b19',NULL
1873,Dahi Wada,'45.00','D-64d5cfa52e01c',NULL
1874,Dahi Wada,'45.00','D-64d5cfcb1f514',NULL
1875,Dahi Wada,'45.00','D-64d5cff1d4aca',NULL
1876,Pyaz Aur Batata Ki Bhajji,'45.00','D-64d5d02e2db9d',NULL
1877,Pyaz Aur Batata Ki Bhajji,'45.00','D-64d5d06274691',NULL
1878,Pyaz Aur Batata Ki Bhajji,'45.00','D-64d5d08fcee2f',NULL
1879,Pyaz Aur Batata Ki Bhajji,'45.00','D-64d5d0c4463cf',NULL
1880,Goli Bhaaji,'45.00','D-64d5d0fb642da',NULL
1881,Goli Bhaaji,'45.00','D-64d5d143e58c9',NULL
1882,Goli Bhaaji,'45.00','D-64d5d177bc93c',NULL
1883,Goli Bhaaji,'45.00','D-64d5d19f9ea09',NULL
1884,Onion Green Chilli Paratha,'45.00','D-64d5ea952191e',NULL
1885,Onion Green Chilli Paratha,'45.00','D-64d5ead9ca2f0',NULL
1886,Onion Green Chilli Paratha,'45.00','D-64d5eb0d99a71',NULL
1887,Onion Green Chilli Paratha,'45.00','D-64d5eb5cf193c',NULL
1888,Chicken Koliwada,'75.00','D-64d5eb96a231d',NULL
1889,Chicken Koliwada,'75.00','D-64d5ebccedb31',NULL
1890,Chicken Koliwada,'75.00','D-64d5ec9d89b58',NULL
1891,Chicken Koliwada,'75.00','D-64d5ecee8985b',NULL
1892,Special Chat - Chana Chaat,'60.00','D-64d604a434324',NULL
1893,Bread Upma,'45.00','D-64d60674232cd',NULL
1894,Bajra Upma,'45.00','D-64d606c0b3402',NULL
1895,Bajra Upma,'45.00','D-64d606e2e0f5a',NULL
1896,Bajra Upma,'45.00','D-64d6072b45b9c',NULL
1897,Puliyogare,'40.00','D-64d615fc41b21',1
1898,Puliyogare,'45.00','D-64d6166d982eb',1
1899,Chilli Bhaji Ki Chaat,'40.00','D-64d617844f0a7',1
1900,Vada Pav Slider,'45.00','D-64d621504f6b8',NULL
1901,Anda Bhurjee,'45.00','D-64d6dcc20c4e6',NULL
1902,Anda Bhurjee,'45.00','D-64d6dcfd240f5',NULL
1903,Veg Meal,'75.00','D-64d7196d0ec8d',NULL
1904,Non Veg Meal,'85.00','D-64d719bb4d922',NULL
1905,Aloo Sabji And Puri,'45.00','D-64d74b7fa1a20',NULL
1906,Aloo Sabji And Puri,'45.00','D-64d74bb81d500',NULL
1907,Akuri Pav,'45.00','D-64d74d7b7ea70',NULL
1908,Akuri Pav,'45.00','D-64d74dbdedab5',NULL
1909,Chilli Potato Veggies,'45.00','D-64d765f061477',NULL
1910,Chilli Potato Veggies,'45.00','D-64d76652af99b',NULL
1911,Pesto Scented Paneer & Crunchy Greens with,'75.00','D-64d878cf0b7f3',1
1912,Chicken Salami & Picked Jalapeno,Sandwich','90.00',1
1913,Classic Panzenella Salad,'90.00','D-64d87b6dbbfab',NULL
1914,Grilled Chicken,Wood Smoked Pineapple','100.00',1
1915,Slow Roasted Chicken Terrine,Chared Rosemary','120.00',1
1916,Dill Scented Prawns,Organic Greens,Olive Mash',NULL
1917,Marinated Cottage Cheese Steak,Smashed Green Pea','100.00',1
1918,MILLET KICHADI,'40.00','D-64d889fe1f0cf',1
1919,MILLET KICHADI,'40.00','D-64d88b85b03a7',1
1920,WHITE KESARI,'40.00','D-64d88be0d1358',1
1921,MILLET KICHADI,'40.00','D-64d88c84cb38a',1
1922,Green Peas Rawa Idli,'45.00','D-64d8d5107fd14',NULL
1923,Agra Bedmi Puri And Aloo Sabji,'45.00','D-64d8d984ca618',NULL
1924,Agra Bedmi Puri And Aloo Sabji,'45.00','D-64d8d9b2a10b8',NULL
1925,Chennai Beach Sundal,'45.00','D-64d8d9f335f0c',NULL
1926,Chennai Beach Sundal,'45.00','D-64d8da266417c',NULL
1927,Veg Pasta In Mama Rosa Sauce,'100.00','D-64d8da63b2817',NULL
1928,Fried Chicken,'75.00','D-64d8dabd67525',NULL
1929,Fried Chicken,'60.00','D-64d8dae7cfe7b',NULL
1930,Fried Chicken,'60.00','D-64d8db0f13fcb',1
1931,Bombay Veg Dum Biryani,'90.00','D-64d8dbb678056',NULL
1932,Bombay Chicken Dum Biryani,'125.00','D-64d8dbe9628d1',NULL
1933,PODI IDLI,'45.00','D-64d8e05cdee35',NULL
1934,Peri Peri Potato Wedges,'40.00','D-64d99035f3ca2',NULL
1935,Classic Lebneh,& Falafel','50.00',1
1936,Indian Thali Combo Veg,'60.00','D-64d994b130a82',0
1937,Indian Thali Combo Non-Veg,'70.00','D-64d995195888d',NULL
1938,Rawa Upma,'45.00','D-64d997358239b',NULL
1939,Rawa Upma,'45.00','D-64d99765729e1',NULL
1940,Veg Open Sandwich,'80.00','D-64d9bd0d225b0',NULL
1941,Non-Veg Open Sandwich,'90.00','D-64d9bd7453bdc',NULL
1942,Coriander Butter Milk,'30.00','D-64d9d09d2f583',1
1943,Wild Berry  Lassi,'50.00','D-64d9d14ceda11',1
1944,jal jeera,'50.00','D-64d9d3c6d95f4',1
1945,Peppar Chicken,'60.00','D-64da1214d2d9a',1
1946,Chitranna,'45.00','D-64da125c92ef1',1
1947,Chees Jalephion,'40.00','D-64da12dccbfe5',1
1948,Onion Vadi,'45.00','D-64db8ce3049d8',NULL
1949,Special-Masala Soya Kheema Maggi,'60.00','D-64db8d2f7d336',NULL
1950,Daliya Khichdi,'45.00','D-64db8d6c6ad29',NULL
1951,Lencha,'45.00','D-64db8da1c657e',NULL
1952,Schezwan Idli,'45.00','D-64dc1d13da98b',NULL
1953,Schezwan Idli,'45.00','D-64dc1d694fbaa',NULL
1954,Madhur Wada,'45.00','D-64dc1db6e0355',NULL
1955,Madhur Wada,'45.00','D-64dc1e104c82d',NULL
1956,Madhur Wada,'45.00','D-64dc1e104c82d',NULL
1957,Goli Baji,'40.00','D-64dc2f61dd219',1
1958,Aloo Onion Paratha,'50.00','D-64dc2fc577d23',1
1959,Aloo Paratha,'40.00','D-64dc3011eabb9',1
1960,Onion Paratha,'55.00','D-64dc30ff2b347',0
1961,Yakhani Veg Biryani,'90.00','D-64dc5182394f6',NULL
1962,Yakhani Chicken Biryani,'125.00','D-64dc51ba56eca',NULL
1963,Semiya Upma,'45.00','D-64dc53b7833a7',NULL
1964,Bengaluru Masala Puri,'45.00','D-64dc54922fd88',NULL
1965,Onion and Mint Paratha,'45.00','D-64dc54e18a9e6',NULL
1966,Spicy Poppers Fry Chicken,'75.00','D-64dc551bcce09',NULL
1967,Chicken Piccata,'60.00','D-64dc555be9614',NULL
1968,Chicken Piccata,'60.00','D-64dc558eac159',NULL
1969,Chicken Piccata,'60.00','D-64dc55f9d6f57',NULL
1970,Soya Kheema Kulcha,'45.00','D-64dc5ae04644a',NULL
1971,Soya Kheema Kulcha,'45.00','D-64dc5b10db523',NULL
1972,Soya Kheema Kulcha,'45.00','D-64dc5b4a405a9',NULL
1973,Soya Kheema Kulcha,'45.00','D-64dc5b8e69b4f',NULL
1974,Cajun Spiced Paneer Sub Sandwich,'150.00','D-64dc8ab3d8a7a',NULL
1975,Upas Aloo,'45.00','D-64dc8ae13746b',NULL
1976,Peri Peri Grilled Chicken Sub Sandwich,'160.00','D-64dc8ae13746b',NULL
1977,Pan Tossed Prawns Sub Sandwich,'170.00','D-64dc8b22237c2',NULL
1978,Special-Cajun Chicken Maggi,'60.00','D-64dc8b652ff01',NULL
1979,Special Chat - Ragda Tikki Chaat,'60.00','D-64dc9586937b8',0
1980,Aloo Peanut Chaat,'40.00','D-64dca8435ec70',NULL
1981,Hara Bhara Kabab,'40.00','D-64dca8fa75cce',NULL
1982,Hara Bhara Kabab,'40.00','D-64dcaa4f0e20d',1
1983,Hara Bhara Kabab,'40.00','D-64dcabba3c043',1
1984,Mirchi Pakoda,'45.00','D-64dcae53ea21f',NULL
1985,Mirchi Pakoda,'45.00','D-64dcaec0cd940',NULL
1986,Onion Vada,'45.00','D-64dd6ff665ba8',NULL
1987,Ghee Idli,'45.00','D-64dd7375a169f',NULL
1988,Palak Cabbage Bhajji,'45.00','D-64dd7815c48a6',NULL
1989,Plain Idli,'42.00','D-64dd7ef599446',0
1990,Medu Wada,'45.00','D-64dd7f2db4b31',0
1991,Masala Dosa,'50.00','D-64dd7f64ed63c',NULL
1992,idli Wada,'40.00','D-64dd7f8739855',NULL
1993,Set Dosa,'50.00','D-64dd7faacaa50',NULL
1994,Kara bath,'45.00','D-64dd7fd071d2d',NULL
1995,Rava Pongal,'40.00','D-64dd7ff413c36',NULL
1996,Plain Dosa,'45.00','D-64dd801b213e1',NULL
1997,Uthaapam,'45.00','D-64dd803ccc8cd',NULL
1998,Podi Dosa,'40.00','D-64dd80649449d',NULL
1999,Karabath,'45.00','D-64dd81ed8360c',NULL
2000,VEN  Pongal,'45.00','D-64dd821560499',0
2001,Kara bath,'45.00','D-64dd8679c190c',NULL
2002,Ajmeri Kadhi Kachori,'45.00','D-64dd8fdcd123d',NULL
2003,Garlic And lemon Rubbed Chicken,'60.00','D-64dd90ed5e263',NULL
2004,Garlic And lemon Rubbed Chicken,'60.00','D-64dd910e7b20d',NULL
2005,Garlic And lemon Rubbed Chicken,'60.00','D-64dd918f5d625',NULL
2006,Garlic And lemon Rubbed Chicken,'60.00','D-64dd91ce130ab',NULL
2007,Patra,'45.00','D-64ddb199aebe9',NULL
2008,Sindhi Dal Pakwan,'45.00','D-64ddb30f18a2f',NULL
2009,Sindhi Dal Pakwan,'45.00','D-64ddb3ccacc50',NULL
2010,Faralli Pattice,'45.00','D-64ddb5bf5847f',0
2011,Farali Usal,'45.00','D-64ddb6023334f',NULL
2012,Faralli Pattice,'45.00','D-64ddb62cbf099',0
2013,Special-Chilli Garlic Maggi,'60.00','D-64ddb7622a910',NULL
2014,Roasted Tomato Basil Soup,'50.00','D-64ddb78a90e6b',NULL
2015,Italian Minestrone Soup,'50.00','D-64ddb7cbef45a',NULL
2016,Ragi Millet Dosa,'45.00','D-64ddb83e154c4',0
2017,Multigrain Uttapam,'45.00','D-64ddb8734d013',NULL
2018,Ragi Millet Dosa,'45.00','D-64ddb8a21011f',0
2019,Mathura ki Aloo Kachori,'30.00','D-64ddb913f3412',0
2020,Mathura ki Aloo Kachori,'30.00','D-64ddb9660a0b6',0
2021,Non-Veg Sub Sandwich,'140.00','D-64ddba0ded694',NULL
2022,Punugulu,'45.00','D-64ddf7139bb3e',1
2023,Lemon Rice,'45.00','D-64ddf7465737a',1
2024,Chicken Bolognese Sub Sandwich,'160.00','D-64ddffd203ea5',NULL
2025,Seared Pesto Prawns Sub Sandwich,'170.00','D-64de000480ca5',NULL
2026,Coconut Water,'80.00','D-64de00443d7a7',NULL
2027,Anda Curry With Pav,'75.00','D-64de008088a88',NULL
2028,Khichdi,'40.00','D-64ded035debf3',1
2029,godi upma,'40.00','D-64ded23381288',NULL
2030,Kesari Bhat,'40.00','D-64ded26401c03',1
2031,Rava  Upma,'45.00','D-64ded3ca37c3f',NULL
2032,Dabeli,'45.00','D-64dee5853b3ea',NULL
2033,Dabeli,'45.00','D-64dee5bc800f4',NULL
2034,Dabeli,'45.00','D-64dee5fcbd578',NULL
2035,Dabeli,'45.00','D-64dee645879ac',NULL
2036,Corn Poha,'45.00','D-64dee6f8c8292',NULL
2037,Corn Poha,'45.00','D-64dee7b82eb12',NULL
2038,Corn Poha,'45.00','D-64dee7f5c9ac5',NULL
2039,Bombay Bhaji Pav,'45.00','D-64df050f9f3e7',NULL
2040,Bombay Bhaji Pav,'45.00','D-64df0546144ff',NULL
2041,Bombay Bhaji Pav,'45.00','D-64df05797c306',NULL
2042,Bombay Bhaji Pav,'45.00','D-64df05a8ca3e9',NULL
2043,Special Chat - Corn Chat,'60.00','D-64df2954605e5',NULL
2044,Batata Bhajiya,'45.00','D-64df324fbb45b',NULL
2045,Batata Bhajiya,'45.00','D-64df32872636f',NULL
2046,Batata Bhajiya,'45.00','D-64df32bbadcb6',NULL
2047,Batata Bhajiya,'45.00','D-64df32fe75c0b',NULL
2048,Bhutte ke Pakode,'45.00','D-64df336f45d16',NULL
2049,Bhutte ke Pakode,'45.00','D-64df339d0b2bc',NULL
2050,Bhutte ke Pakode,'45.00','D-64df33d4aa9bd',NULL
2051,Japanese Egg Potato Sandwich,'130.00','D-64df3410209b3',NULL
2052,Herb Potato Wedges,'45.00','D-64df34443894b',0
2053,Chicken Hot Dog,'75.00','D-64df347fc43c5',NULL
2054,Vegetable Masala Oats,'45.00','D-64df34e18ec47',NULL
2055,Vegetable Oats,'45.00','D-64df351480e77',NULL
2056,Vegetable Masala Oats,'45.00','D-64df354d1378d',NULL
2057,Cajun Spice Rubbed Fried Chicken,'75.00','D-64df3d1552dbc',NULL
2058,Cajun Spice Rubbed Fried Chicken,'75.00','D-64df3d57f1a4c',NULL
2059,Cajun Spice Rubbed Fried Chicken,'75.00','D-64df3d8fa4586',NULL
2060,Cajun Spice Rubbed Fried Chicken,'75.00','D-64df3dd383e4b',NULL
2061,Churmur Chat,'40.00','D-64df437b8a009',1
2062,Chatpata Chana,'40.00','D-64df43bd4e71e',1
2063,Banana Bhajji,'40.00','D-64df44c7400c3',1
2064,FARSAN 50,'50.00','MT001',NULL
2065,FARSAN 30,'30.00','MT002',NULL
2066,FARSAN 45,'45.00','MT003',NULL
2067,FARSAN 40,'40.00','MT004',NULL
2068,FARSAN 35,'35.00','MT005',NULL
2069,FARSAN 02,'2.00','MT006',NULL
2070,FARSAN 01,'1.00','MT007',NULL
2071,PANI PURI,'23.00','MT008',NULL
2072,SEV PURI,'25.00','MT009',NULL
2073,SUKKHA BHEL,'26.00','MT010',NULL
2074,GILLA BHEL,'26.00','MT011',NULL
2075,SUKKHA PURI,'25.00','MT012',NULL
2076,MSL PURI,'25.00','MT013',NULL
2077,RAGDA PURI,'25.00','MT014',NULL
2078,DAHI PURI,'27.00','MT015',NULL
2079,PAPDI CHAAT,'35.00','MT016',NULL
2080,DAHI PAPDI CHAAT,'35.00','MT017',NULL
2081,RAGDA PATTICE (C),'28.00','MT018',NULL
2082,RAGDA CHAAT,'35.00','MT019',NULL
2083,SAMOSA CHAAT,'35.00','MT020',NULL
2084,CHANNA CHAT,'35.00','MT021',NULL
2085,MSL BHEL,'28.00','MT022',NULL
2086,CORN CHAAT,'35.00','MT023',NULL
2087,EXTRA,'2.00','MT024',NULL
2088,EXTRA 1,'5.00','MT025',NULL
2089,RAGDA SAMOSA CHAAT,'35.00','MT026',NULL
2090,DAHI SAMOSA CHAAT,'42.00','MT027',NULL
2091,SPROUT CHAAT,'35.00','MT028',NULL
2092,DAHI RAGDA PURI,'28.00','MT029',NULL
2093,BREAD BUTTER,'22.00','MT030',NULL
2094,BREAD BUTTER JAM,'24.00','MT031',NULL
2095,CHUTNEY SND,'25.00','MT032',NULL
2096,CHUTNEY CHEESE SND,'35.00','MT033',NULL
2097,VEG SND,'42.00','MT034',NULL
2098,VEG CHEE SND,'55.00','MT035',NULL
2099,VEG MAYONAISE SND,'40.00','MT036',NULL
2100,VEG CLUB SND,'64.00','MT037',NULL
2101,PANEER TIKKA SND,'56.00','MT038',NULL
2102,PANEER TIKKA CHEESE SND,'70.00','MT039',NULL
2103,ALOO SND,'28.00','MT040',NULL
2104,ALOO CHEESE SND,'42.00','MT041',NULL
2105,ALOO MSL SND,'31.00','MT042',NULL
2106,ALOO MSL CHEESE SND,'44.00','MT043',NULL
2107,ALOO CAPSICUM SND,'30.00','MT044',NULL
2108,ALOO CAPSICUM CHEESE SND,'45.00','MT045',NULL
2109,OMLETTE SND,'45.00','MT046',NULL
2110,OMLETTE CHEESND,'56.00','MT047',NULL
2111,CHI  TIKKA SND ,'56.00','MT048',NULL
2112,CHI  TIKKA CHEESE SND,'69.00','MT049',NULL
2113,CHI  MAYONNAISE SND ,'56.00','MT050',NULL
2114,CHI  MAYONNAISE CHEE SND ,'69.00','MT051',NULL
2115,CHI CLUB SND,'78.00','MT052',NULL
2116,BOILED EGG SND ,'35.00','MT053',NULL
2117,BOILED EGG CHEE SND ,'50.00','MT054',NULL
2118,BROWN BREAD !,'8.00','MT055',NULL
2119,BROWN BREAD !!,'8.00','MT056',NULL
2120,ONLY CHESSE SANDWICH,'35.00','MT057',NULL
2121,EXTRA BOILD EGG,'11.00','MT058',NULL
2122,EXTRA OMLETTE- SANDWICH,'15.00','MT059',NULL
2123,CORN MAYO SANDWICH,'42.00','MT060',NULL
2124,CORN MAYO CHEES SANDWICH,'56.00','MT061',NULL
2125,BOILED EGG MAYO SND,'56.00','MT062',NULL
2126,BOILED EGG MAYO CHEES SND,'69.00','MT063',NULL
2127,CHILLI CHEESE SANDWICH,'43.00','MT064',NULL
2128,EXTRA CHEESE,'20.00','MT065',NULL
2129,VEG CHEESE MAYO SANDWICH,'50.00','MT066',NULL
2130,CHICKEN ROASTED SANDWICH,'69.00','MT067',NULL
2131,CHICKEN SALAMI SANDWISH,'69.00','MT068',NULL
2132,VEG FRANKEY,'27.00','MT069',NULL
2133,VEG SEZ FRANKEY,'35.00','MT070',NULL
2134,VEG CHEE FRANKEY ,'43.00','MT071',NULL
2135,PANEER CHEE FRANKEY,'60.00','MT072',NULL
2136,PANEER CHEE SEZ FRANKEY,'68.00','MT073',NULL
2137,EGG FRANKEY,'35.00','MT074',NULL
2138,EGG VEG FRANKEY,'43.00','MT075',NULL
2139,CHI CHEE FRANKEY,'60.00','MT076',NULL
2140,CHI TIKKA FRANKEY,'53.00','MT077',NULL
2141,CHI TIKKA CHEE FRANKEY,'69.00','MT078',NULL
2142,CHI TANDOORI FRANKEY,'61.00','MT079',NULL
2143,CHI CHILLY FRANKEY,'53.00','MT080',NULL
2144,EXTRA CHEESE- FRANKY,'17.00','MT081',NULL
2145,WHEAT ROTI,'14.00','MT082',NULL
2146,CHICKEN FRANKY,'43.00','MT083',NULL
2147,DOUBLE EGG FRANKY,'50.00','MT084',NULL
2148,EXTRA OMLETTE - FRANKY,'14.00','MT085',NULL
2149,PANEER FRANKY,'43.00','MT086',NULL
2150,CHI MUNCHURIAN FRANKY,'52.00','MT087',NULL
2151,EGG CHEES FRANKY,'53.00','MT088',NULL
2152,EGG ALOO CHEES FRANKY,'61.00','MT089',NULL
2153,DOUBLE EGG CHI TIKKA CHEES,'98.00','MT090',NULL
2154,CHICKEN GARLIC FRANKY,'53.00','MT091',NULL
2155,EXTRA SCHEZWAN- FRANKY,'10.00','MT092',NULL
2156,VEG MANCHURIAN FRANKIE,'35.00','MT093',NULL
2157,VEG NOODLE FRANKIE,'35.00','MT094',NULL
2158,SINGLE OMLETTE FRANKIE,'35.00','MT095',NULL
2159,CHICKEN SEEKH FRANKIE,'68.00','MT096',NULL
2160,CHICKEN STICK FRANKIE,'69.00','MT097',NULL
2161,CHICKEN TIKKA KABAB PAV,'56.00','MT098',NULL
2162,TOMATO CHILLA,'43.00','MT099',NULL
2163,CHICKEN BUN ROLL,'56.00','MT100',NULL
2164,MAYSOR DOSA,'35.00','MT101',NULL
2165,EGG BURMA TOAST,'56.00','MT102',NULL
2166,SET DOSSA,'43.00','MT103',NULL
2167,FRENCH TOASST,'42.00','MT104',NULL
2168,BESAN CHILA,'45.00','MT105',NULL
2169,FRY MISAL,'45.00','MT106',NULL
2170,TROLLEY 1000,'1000.00','MT107',NULL
2171,TROLLEY 500,'500.00','MT108',NULL
2172,TROLLEY 10,'10.00','MT109',NULL
2173,TROLLEY 5,'5.00','MT110',NULL
2174,TROLLEY 2,'2.00','MT111',NULL
2175,TROLLEY 1,'1.00','MT112',NULL
2176,CHICKEN CORN SOUP,'70.00','MT113',NULL
2177,NON VEG COMBO NOODLES,'167.00','MT114',NULL
2178,VEG COMBO NOODLES,'140.00','MT115',NULL
2179,NON VEG COMBO RICE,'167.00','MT116',NULL
2180,VEG COMBO RICE,'140.00','MT117',NULL
2181,EXTRA OMLET- CHINESE,'14.00','MT118',NULL
2182,EXTRA SCHEZWANS- CHINESE,'14.00','MT119',NULL
2183,EGG HAKKA NOODLE,'95.00','MT120',NULL
2184,CHICKEN HAKKA NOODLE,'95.00','MT121',NULL
2185,VEG HAKKA NOODLESS,'84.00','MT122',NULL
2186,CHICKEN FRIED RICE,'95.00','MT123',NULL
2187,EGG FRIED RICE,'95.00','MT124',NULL
2188,VEG FRIED RICE,'83.00','MT125',NULL
2189,FISH IN SOYA GARLIC SAUCE,'177.00','MT126',NULL
2190,CHICKEN IN HOT GARLIC SAUCE,'101.00','MT127',NULL
2191,CHICKEN CHILLY GRAVY,'110.00','MT128',NULL
2192,FISH CHILLY DRY,'177.00','MT129',NULL
2193,CHICKEN CHILLY DRY,'110.00','MT130',NULL
2194,CHI LOLYPOP TOSSED IN SZN,'89.00','MT131',NULL
2195,CRISPY CORN PPR HONEY GARLIC SAUCE,'83.00','MT132',NULL
2196,STIR FRIED VEG IN BLACK BEAN SAUCE,'83.00','MT133',NULL
2197,VEG IN HOT GARLIC SAUCE,'91.00','MT134',NULL
2198,VEG MANCHURIAN GRAVY,'84.00','MT135',NULL
2199,VEG MANCHURIAN DRYS,'84.00','MT136',NULL
2200,SWEET CORN VEG SOUP,'64.00','MT137',NULL
2201,CHICKEN MANCHOW SOUP,'72.00','MT138',NULL
2202,VEG MANCHOE SOUP,'64.00','MT139',NULL
2203,EXTRA BUTER- MAGGI,'10.00','MT140',NULL
2204,EXTRA SCZEWAN- MAGGI,'10.00','MT141',NULL
2205,EXTRA CHEESE 3,'22.00','MT142',NULL
2206,CHI  CHOWMIN MAGGI,'56.00','MT143',NULL
2207,OMLET CHOWMIN MAGGI,'56.00','MT144',NULL
2208,CHI  FRY MAGGI,'56.00','MT145',NULL
2209,EGG OMLET FRY MAGGI,'56.00','MT146',NULL
2210,BOILED EGG FRY MAGGI,'56.00','MT147',NULL
2211,EGG OMLET MAGGI,'58.00','MT148',NULL
2212,EGG FULL FRY MAGGI,'50.00','MT149',NULL
2213,EGG HALF FRY MAGGI,'50.00','MT150',NULL
2214,BOILED EGG MAGGI,'50.00','MT151',NULL
2215,VEG. SEZCHWAN CHOWMIN MAGGIE,'56.00','MT152',NULL
2216,VEG. CHOWMIN MAGGI,'50.00','MT153',NULL
2217,VEG. SEZCHWAN FRIED MAGGIE,'56.00','MT154',NULL
2218,VEG. FRY MAGGI,'40.00','MT155',NULL
2219,VEG. SCHEZWAN MAGGI,'42.00','MT156',NULL
2220,VEG. MAGGI,'35.00','MT157',NULL
2221,PLAIN MAGGI,'27.00','MT158',NULL
2222,CHICKEN TANGDI FRY,'56.00','MT159',NULL
2223,ONLY FISH,'60.00','MT160',NULL
2224,FISH/STEAMRICE,'95.00','MT161',NULL
2225,DAL KHICHDI,'50.00','MT162',NULL
2226,STAFF NV MEAL,'45.00','MT163',NULL
2227,STAFF VEG MEAL,'35.00','MT164',NULL
2228,THEPLA,'14.00','MT165',NULL
2229,SANNA IDLI,'15.00','MT166',NULL
2230,NEER DOSA,'14.00','MT167',NULL
2231,ROASTED PAPAD,'5.00','MT168',NULL
2232,FRY PAPAD,'8.00','MT169',NULL
2233,FRYMS,'15.00','MT170',NULL
2234,CHAPATI,'8.00','MT171',NULL
2235,PARATA,'22.00','MT172',NULL
2236,DESSERT 2,'22.00','MT173',NULL
2237,DESSERT 1,'14.00','MT174',NULL
2238,RAITA,'22.00','MT175',NULL
2239,SALAD,'22.00','MT176',NULL
2240,STEAM RICE,'27.00','MT177',NULL
2241,SPL RICE,'35.00','MT178',NULL
2242,DAL,'22.00','MT179',NULL
2243,VEG. SABZI,'28.00','MT180',NULL
2244,EGG GRAVY,'43.00','MT181',NULL
2245,CHICKEN GRAVY,'43.00','MT182',NULL
2246,NON VEG MINI MEAL,'61.00','MT183',NULL
2247,VEG MINI MEAL,'55.00','MT184',NULL
2248,NON VEG MEAL,'75.00','MT185',NULL
2249,VEG MEAL,'67.00','MT186',NULL
2250,NON VEG TDH,'71.00','MT187',NULL
2251,VEG TDH,'63.00','MT188',NULL
2252,ONION TAMATO MASALA UTTAPAM,'50.00','MT189',NULL
2253,GARDEN MASALA DOSA,'28.00','MT190',NULL
2254,SINGLE SET DOSA,'18.00','MT191',NULL
2255,CHINESE DOSA,'56.00','MT192',NULL
2256,EXTRA BUTTER- DOSA,'10.00','MT193',NULL
2257,EXTRA CHEESE- DOSA,'22.00','MT194',NULL
2258,TOMATO OMLETTE,'48.00','MT195',NULL
2259,TOMATO SALSA,'50.00','MT196',NULL
2260,KERALA DOSA,'50.00','MT197',NULL
2261,CHINISE DOSA,'50.00','MT198',NULL
2262,SPRING DOSA,'50.00','MT199',NULL
2263,SET DOSA,'43.00','MT200',NULL
2264,CORN UTTAPPA,'42.00','MT201',NULL
2265,CARROT CAPSICUM UTTAPPA,'35.00','MT202',NULL
2266,CAPSICUM UTTAPPA,'35.00','MT203',NULL
2267,CARROT UTTAPPA,'35.00','MT204',NULL
2268,COCONUT UTTAPPA,'35.00','MT205',NULL
2269,ONION TOMATO UTTAPPAM,'42.00','MT206',NULL
2270,TOMATO UTTAPPAM,'35.00','MT207',NULL
2271,ONION UTTAPPAM,'35.00','MT208',NULL
2272,MSL UTTAPPAM,'35.00','MT209',NULL
2273,PLAIN UTTAPPAM,'28.00','MT210',NULL
2274,MYSORE MSL DOSA,'42.00','MT211',NULL
2275,MYSORE SADA DOSA,'35.00','MT212',NULL
2276,SCHEZWAN MSL DOSA,'43.00','MT213',NULL
2277,SCHEZWAN SADA DOSA,'35.00','MT214',NULL
2278,PALAK MSL DOSA,'42.00','MT215',NULL
2279,PALAK SADA DOSA,'35.00','MT216',NULL
2280,MSL DOSA,'28.00','MT217',NULL
2281,ONION BUTTER SADA DOSA,'42.00','MT218',NULL
2282,SADA DOSA,'25.00','MT219',NULL
2283,GUJIYA,'35.00','MT220',NULL
2284,CHIKEN CHILLY WITHOUT PAV,'50.00','MT221',NULL
2285,PAV BHAJI (WITHOUT PAV),'45.00','MT222',NULL
2286,PANEER BHURJI (WITHOUT PAV),'50.00','MT223',NULL
2287,DHOKLA,'42.00','MT224',NULL
2288,CHICKEN CHESSE TOAST,'56.00','MT225',NULL
2289,CORN CHESSE TOAST,'42.00','MT226',NULL
2290,LAPSI RAWA,'35.00','MT227',NULL
2291,CHICKEN MASALA (WITHOUT PAV),'50.00','MT228',NULL
2292,CHICKEN 65 (WITHOUT PAV),'50.00','MT229',NULL
2293,CHICKEN KHEEMA (WITHOUT PAV),'50.00','MT230',NULL
2294,CHICKEN TIKKA PAV (SINGLE),'28.00','MT231',NULL
2295,MIRCHI BHAJIYA,'35.00','MT232',NULL
2296,BUTTER PAV,'11.00','MT233',NULL
2297,CHOLE(WITHOUT PAV),'36.00','MT234',NULL
2298,NASTA-,'25.00','MT235',NULL
2299,VEG. CHOP,'35.00','MT236',NULL
2300,VEG. CRISPY,'42.00','MT237',NULL
2301,BABY CORN CHILLY,'42.00','MT238',NULL
2302,SINGLE DABELI,'22.00','MT239',NULL
2303,SINGLE PUNJABI SAMOSA PAV,'22.00','MT240',NULL
2304,PUNJABI SAMOSA PAV,'42.00','MT241',NULL
2305,SINGLE BREAD PAKODA,'18.00','MT242',NULL
2306,SOYA CHILLY DRY,'42.00','MT243',NULL
2307,ALOO CHILLY DRY,'42.00','MT244',NULL
2308,STAFF SNACKS 25,'25.00','MT245',NULL
2309,STAFF SNACKS 20,'20.00','MT246',NULL
2310,STAFF SNACKS 2,'15.00','MT247',NULL
2311,STAFF SNACKS 1,'10.00','MT248',NULL
2312,EXTRA BUTTER- SNACKS,'10.00','MT249',NULL
2313,EXTRA CHEESE- SNACKS,'22.00','MT250',NULL
2314,EXTRA SCHEZWAN - SNACKS,'10.00','MT251',NULL
2315,SINGLE BATATA WADA PAV,'20.00','MT252',NULL
2316,BATATA WADA PAV,'40.00','MT253',NULL
2317,EXTRA SAMBAR- SNACKS,'10.00','MT254',NULL
2318,POTATO PAKODA FF,'42.00','MT255',NULL
2319,VEG PIZZA,'65.00','MT256',NULL
2320,CHICKEN LEG FRY,'65.00','MT257',NULL
2321,ALOO PARATHA,'35.00','MT258',NULL
2322,PURI BHAJI,'60.00','MT259',NULL
2323,TEA,'11.00','MT260',NULL
2324,BURGER,'50.00','MT261',NULL
2325,DABELI,'42.00','MT262',NULL
2326,CHANA CHAT !,'35.00','MT263',NULL
2327,SESAME TOAST,'35.00','MT264',NULL
2328,CHI  CHILLY PAV,'56.00','MT265',NULL
2329,CHI  65 PAV,'56.00','MT266',NULL
2330,CHI  KHEEMA PAV,'55.00','MT267',NULL
2331,CHI  LIVER PAV,'56.00','MT268',NULL
2332,CHI  LOLLYPOP,'55.00','MT269',NULL
2333,CHI  TIKKA PAV,'55.00','MT270',NULL
2334,CHI  KEBAB PAV,'56.00','MT271',NULL
2335,CHI  MASALA PAV,'56.00','MT272',NULL
2336,CHCIKEN EGG ROLL,'56.00','MT273',NULL
2337,CHI  BUN ROLL,'56.00','MT274',NULL
2338,CHI  HOT DOG,'55.00','MT275',NULL
2339,VEG HOT DOG,'50.00','MT276',NULL
2340,CHI  MANCHURIAN ROLL,'60.00','MT277',NULL
2341,VEG MANCHURIAN ROLL,'50.00','MT278',NULL
2342,PANEER TIKKA ROLL,'50.00','MT279',NULL
2343,CHCIKEN MAYO ROLL,'56.00','MT280',NULL
2344,VEG MAYO ROLL,'50.00','MT281',NULL
2345,PANEER BHURJI PAV,'55.00','MT282',NULL
2346,CHINESE BHEL,'35.00','MT283',NULL
2347,CHICKEN  SAMOSA,'42.00','MT284',NULL
2348,PUNJABI SAMOSA SINGLE,'18.00','MT285',NULL
2349,PUNJABI SAMOSA,'35.00','MT286',NULL
2350,CHICKEN PASTA,'56.00','MT287',NULL
2351,SCHEZWAN PASTA,'50.00','MT288',NULL
2352,VEG PASTA,'50.00','MT289',NULL
2353,BREAD CHEESE PAKODA,'50.00','MT290',NULL
2354,PAV PATTICE,'35.00','MT291',NULL
2355,BREAD ROLL,'42.00','MT292',NULL
2356,BREAD PAKODA,'35.00','MT293',NULL
2357,SABUDHANA WADA SINGLE,'22.00','MT294',NULL
2358,SABUDHANA WADA,'35.00','MT295',NULL
2359,SABUDHANA KICHADI,'35.00','MT296',NULL
2360,DAHI KACHORI SINGLE,'28.00','MT297',NULL
2361,DAHI KACHORI,'42.00','MT298',NULL
2362,VEG. CUTLET SINGLE,'18.00','MT299',NULL
2363,VEG. CUTLET,'36.00','MT300',NULL
2364,DAHI MISSAL PAV,'40.00','MT301',NULL
2365,ONLY MISSAL,'30.00','MT302',NULL
2366,MISSAL PAV,'35.00','MT303',NULL
2367,ONLY USSAL,'25.00','MT304',NULL
2368,USSAL PAV,'28.00','MT305',NULL
2369,KESHRI SHEERA,'28.00','MT306',NULL
2370,PINEAPPLE SHEERA,'28.00','MT307',NULL
2371,BANANA SHEERA,'28.00','MT308',NULL
2372,POHA UPMA MIX,'35.00','MT309',NULL
2373,SEVAYA UPMA,'35.00','MT310',NULL
2374,GREEN PEAS UPMA,'27.00','MT311',NULL
2375,TOMATO UPMA,'27.00','MT312',NULL
2376,VEG. UPMA,'27.00','MT313',NULL
2377,UPMA,'27.00','MT314',NULL
2378,BREAD POHA,'35.00','MT315',NULL
2379,MSL POHA,'27.00','MT316',NULL
2380,POTATO POHA,'27.00','MT317',NULL
2381,ONION POHA,'27.00','MT318',NULL
2382,POHA,'27.00','MT319',NULL
2383,PAV BHAJI,'50.00','MT320',NULL
2384,CHOLE PAV,'42.00','MT321',NULL
2385,BATATA BHAJIA,'35.00','MT322',NULL
2386,DAL WADA,'42.00','MT323',NULL
2387,MOONG BHAJIYA,'40.00','MT324',NULL
2388,CHINISE BHAJIYA,'42.00','MT325',NULL
2389,MIX BHAJIA,'35.00','MT326',NULL
2390,PALAK BHAJIA,'35.00','MT327',NULL
2391,ONION BHAJIA,'36.00','MT328',NULL
2392,DAHI WADA,'43.00','MT329',NULL
2393,MYSORE BONDA,'28.00','MT330',NULL
2394,SCHEZWAN WADA PAV,'42.00','MT331',NULL
2395,BATATA WADA SINGLE,'18.00','MT332',NULL
2396,BATATA WADA,'35.00','MT333',NULL
2397,IDLI WADA MIX,'28.00','MT334',NULL
2398,MEDU WADA SINGLE,'15.00','MT335',NULL
2399,MEDU WADA,'27.00','MT336',NULL
2400,TAWA IDLI,'40.00','MT337',NULL
2401,MSL IDLI,'36.00','MT338',NULL
2402,SCHEZWAN IDLI,'35.00','MT339',NULL
2403,TADKA IDLI,'35.00','MT340',NULL
2404,IDLI FRY,'35.00','MT341',NULL
2405,IDLI CHILLY,'35.00','MT342',NULL
2406,IDLI SAMBAR SINGLE,'15.00','MT343',NULL
2407,IDLI SAMBAR,'28.00','MT344',NULL
2408,SADA PAV,'5.00','MT345',NULL
2409,PLAIN OMLET WITH PAV,'35.00','MT346',NULL
2410,PLAIN OMLET,'30.00','MT347',NULL
2411,EGG WHITE,'11.00','MT348',NULL
2412,FRENCH TOAST,'56.00','MT349',NULL
2413,EXTRA SCHZEWAN- EGG,'10.00','MT350',NULL
2414,SADA PAV 1,'5.00','MT351',NULL
2415,BUTER PAV,'11.00','MT352',NULL
2416,MASALA HALF FRY,'35.00','MT353',NULL
2417,MASALA HALF FRY PAV,'42.00','MT354',NULL
2418,MASALA FULL FRY,'35.00','MT355',NULL
2419,MASALA FULL FRY PAV,'42.00','MT356',NULL
2420,EGG 81 (No Pav),'40.00','MT357',NULL
2421,BOILED EGG BHURJI,'40.00','MT358',NULL
2422,TRIPLE EGG TURANT PALTI,'45.00','MT359',NULL
2423,TRIPLE EGG TURANT PALTI PAV,'52.00','MT360',NULL
2424,TURANT PALTI,'32.00','MT361',NULL
2425,TURANT PALTI PAV,'35.00','MT362',NULL
2426,TRIPPLE SCRAMBLED EGG,'45.00','MT363',NULL
2427,TRIPPLE SCRAMBLED EGG PAV,'55.00','MT364',NULL
2428,SCRAMBLED EGG,'30.00','MT365',NULL
2429,SCRAMBLED EGG PAV,'35.00','MT366',NULL
2430,TRIPLE BOILED EGG BHURJI,'60.00','MT367',NULL
2431,TRIPLE BOILED EGG BHURJI PAV,'65.00','MT368',NULL
2432,EGG MSL OMLET (WITHOUT PAV),'40.00','MT369',NULL
2433,EXTRA BUTTER- EGG,'10.00','MT370',NULL
2434,EXTRA CHEESE- EGG,'22.00','MT371',NULL
2435,EXTRA SHEZWAN- EGG,'10.00','MT372',NULL
2436,TRIPLE EGG BHURJI,'60.00','MT373',NULL
2437,TRIPLE EGG BHURJI PAV,'65.00','MT374',NULL
2438,TRIPLE EGG MASALA OMLETT,'60.00','MT375',NULL
2439,TRIPLE EGG MASALA OMLETT PAV,'65.00','MT376',NULL
2440,BOILED EGG MASALA OMLETT,'50.00','MT377',NULL
2441,TRIPLE EGG FULL FRY,'45.00','MT378',NULL
2442,TRIPLE EGG HALF FRY,'45.00','MT379',NULL
2443,TRIPLE EGG OMLETT,'45.00','MT380',NULL
2444,TRIPLE EGG FULL FRY PAV,'51.00','MT381',NULL
2445,TRIPLE EGG HALF FRY PAV,'51.00','MT382',NULL
2446,TRIPLE EGG OMLETT PAV,'51.00','MT383',NULL
2447,SINGLE FULL FRY,'16.00','MT384',NULL
2448,SINGLE HALF FRY,'16.00','MT385',NULL
2449,SINGLE OMLET,'16.00','MT386',NULL
2450,BOILED EGG,'12.00','MT387',NULL
2451,EGG BHURMA TOAST,'56.00','MT388',NULL
2452,EGG MALEGAON,'43.00','MT389',NULL
2453,EGG IRANI,'43.00','MT390',NULL
2454,BOILED EGG MOURIESES,'43.00','MT391',NULL
2455,EGG OMLETTE MOURIESES,'43.00','MT392',NULL
2456,EGG 81 PAV,'45.00','MT393',NULL
2457,BOILED EGG MSL OMLETTE PAV,'55.00','MT394',NULL
2458,EGG MSL OMLET PAV,'45.00','MT395',NULL
2459,BOILED EGG BHURJI PAV,'45.00','MT396',NULL
2460,KING SLICE,'43.00','MT397',NULL
2461,EGG BHURJI,'40.00','MT398',NULL
2462,EGG BHURJI PAV,'43.00','MT399',NULL
2463,EGG FULL FRY,'32.00','MT400',NULL
2464,EGG FULL FRY PAV,'35.00','MT401',NULL
2465,EGG HALF FRY,'32.00','MT402',NULL
2466,EGG HALF FRY PAV,'35.00','MT403',NULL
2467,EGG OMLETTE,'32.00','MT404',NULL
2468,EGG OMLETTE PAV,'35.00','MT405',NULL
2469,VEG THALI FESTIVAL,'81.00','MT406',NULL
2470,NON VEG THALI FESTIVAL,'115.00','MT407',NULL
2471,MUTTON (A LA CARTE),'58.00','MT408',NULL
2472,ONLY CHICKEN,'40.00','MT409',NULL
2473,EXTRA 05,'5.00','MT410',NULL
2474,EXTRA 10,'10.00','MT411',NULL
2475,EXTRA 20,'20.00','MT412',NULL
2476,CLASSIC CHI PATTICE,'22.00','MT413',NULL
2477,CLASSIC VEG PATTICE,'20.00','MT414',NULL
2478,CHI PAN PIZZA,'55.00','MT415',NULL
2479,CHI - BURGER BKRY,'50.00','MT416',NULL
2480,CHI TIKKA ROLL BKRY,'48.00','MT417',NULL
2481,CHICKEN PIE,'50.00','MT418',NULL
2482,CHICKEN INTERNET,'38.00','MT419',NULL
2483,CUTLET BKRY,'35.00','MT420',NULL
2484,SPICY CHI PATTICE,'30.00','MT421',NULL
2485,BAKERY 1,'1.00','MT422',NULL
2486,BAKERY 2,'2.00','MT423',NULL
2487,BAKERY 5,'5.00','MT424',NULL
2488,BAKERY 10,'10.00','MT425',NULL
2489,BAKERY 500,'500.00','MT426',NULL
2490,BAKERY 1000,'1000.00','MT427',NULL
2491,BAKERY 20,'20.00','MT428',NULL
2492,BAKERY 30,'30.00','MT429',NULL
2493,BAKERY 50,'50.00','MT430',NULL
2494,DTCH TRFL PASTRY,'70.00','MT431',NULL
2495,ALMND DTCH PASTRY,'70.00','MT432',NULL
2496,BROWNIE SQUARE,'60.00','MT433',NULL
2497,CHOCO LAVA,'75.00','MT434',NULL
2498,DONUT CHOCLATE,'40.00','MT435',NULL
2499,TIFFINE CAKE,'15.00','MT436',NULL
2500,SWISS ROLL,'15.00','MT437',NULL
2501,VEG PATTICE BKRY,'25.00','MT438',NULL
2502,PNR PATITICE BKRY,'30.00','MT439',NULL
2503,PNR TIKKA ROLL BKRY,'48.00','MT440',NULL
2504,VEG BURGER,'50.00','MT441',NULL
2505,VEG PAN PIZZA,'48.00','MT442',NULL
2506,WATER MELON JUICE,'35.00','MT443',NULL
2507,PINEAPPLE JUICE,'35.00','MT444',NULL
2508,ROOH AFZA,'46.00','MT445',NULL
2509,GRAPE JUICE,'42.00','MT446',NULL
2510,COCKTAIL JUICE,'42.00','MT447',NULL
2511,MESHMELON JUICE,'35.00','MT448',NULL
2512,PAPAYA JUICE,'35.00','MT449',NULL
2513,MARA MARI JUICE,'42.00','MT450',NULL
2514,ORANGE JUICE,'39.00','MT451',NULL
2515,MOSAMBI JUICE,'39.00','MT452',NULL
2516,KOKUM,'22.00','MT453',NULL
2517,KALA KHATTA,'15.00','MT454',NULL
2518,LEMON JUICE,'14.00','MT455',NULL
2519,BUTTER MILK,'14.00','MT456',NULL
2520,SWEET LASSI,'50.00','MT457',NULL
2521,BANANA MILKSHAKE,'40.00','MT458',NULL
2522,CHICKOO MILKSHAKE,'43.00','MT459',NULL
2523,MESHMELON MILKSHAKE,'43.00','MT460',NULL
2524,PAPAYA MILKSHAKE,'43.00','MT461',NULL
2525,APPLE MILKSHAKE,'43.00','MT462',NULL
2526,COLD COFFEE,'43.00','MT463',NULL
2527,COLD BOURNVITA,'43.00','MT464',NULL
2528,COLD HORLICKS,'43.00','MT465',NULL
2529,CHOCOLATE MILKSHAKE,'51.00','MT466',NULL
2530,ROSE MILKSHAKE,'51.00','MT467',NULL
2531,KESAR MILKSHAKE,'51.00','MT468',NULL
2532,STRAWBERRY MILKSHAKE,'51.00','MT469',NULL
2533,BUTTERSCOTCH MILKSHAKE,'51.00','MT470',NULL
2534,MANGO MILKSHAKE (SEASONAL),'60.00','MT471',NULL
2535,THANDAI MILKSHAKE,'55.00','MT472',NULL
2536,ANJEER MILKSHAKE,'60.00','MT473',NULL
2537,KAJU ANJEER MILKSHAKE,'60.00','MT474',NULL
2538,ROSE FALOODA,'60.00','MT475',NULL
2539,STRAWBERRY FALOODA,'60.00','MT476',NULL
2540,FRUIT PLATE,'35.00','MT477',NULL
2541,SPL. FRUIT PLATE,'50.00','MT478',NULL
2542,APPLE (WHOLE),'55.00','MT479',NULL
2543,MOSAMBI / ORENGE (WHOLE),'15.00','MT480',NULL
2544,BANANA (WHOLE),'10.00','MT481',NULL
2545,VEGETABLE JUICE,'50.00','MT482',NULL
2546,KOKAM WITH LIME,'25.00','MT483',NULL
2547,LEMON WITH SABZA,'22.00','MT484',NULL
2548,PEAR (WHOLE),'30.00','MT485',NULL
2549,EXTRA SABZA,'8.00','MT486',NULL
2550,MILK,'20.00','MT487',NULL
2551,KESAR THANDAI,'65.00','MT488',NULL
2552,ROSE THANDAI,'65.00','MT489',NULL
2553,Puri Bhaji,'45.00','D-64dfb2bfe0276',NULL
2554,Puri Bhaji,'45.00','D-64dfb2e691d9e',NULL
2555,Puri Bhaji,'45.00','D-64dfb323d1e79',NULL
2556,Anda Bhurjee,'45.00','D-64e016b613414',NULL
2557,Poha,'45.00','D-64e01776a759c',NULL
2558,Veg Meal,'75.00','D-64e029de2c4be',NULL
2559,Non Veg Meal,'85.00','D-64e02a0c4f54a',NULL
2560,Kala Chana And Puri,'45.00','D-64e05e18c7e7d',NULL
2561,Wild Mushroom,Caramalized Onion,Smoked Mayo',NULL
2562,Overloded ham & Cheese Sandwich,'100.00','D-64e10f543cd3d',1
2563,Mexican Three Beans Salad,'90.00','D-64e1101688c45',NULL
2564,Tuna Nicoise salad,'100.00','D-64e110d6b2a79',1
2565,Almond Granola & Chia seed Parfait,'100.00','D-64e111e0b4dd7',1
2566,Chocolate & Banana smoothie,'65.00','D-64e112430376a',1
2567,Grilled Chicken,Pea Mash,Tosssed Vegetable',NULL
2568,Dill Scented Seared Prawns,Gralic Mash,Saffron',NULL
2569,COTTAGE CHEESE STEAK WITH ASIAN GREEN AND COUS,'100.00','D-64e1140c4b181',1
2570,Rose Infused Sweet Lassi,'40.00','D-64e11fd61358c',1
2571,Salted Butter Milk,'33.00','D-64e120824168e',NULL
2572,Classic Masala Lemonade,'50.00','D-64e12123aec9c',1
2573,Organic Cherry Milk Shake,'50.00','D-64e12155b3bae',1
2574,Mini Samosa,'45.00','D-64e1effb8e5d8',NULL
2575,Garlic Rubbed Baby Potato,'40.00','D-64e22d892da7e',1
2576,Masroor Cheese Crostini,'40.00','D-64e22dc99fba6',1
2577,Masala Poha,'40.00','D-64e23400e3cef',1
2578,Kanchipuram Idli,'42.00','D-64e234511cb63',0
2579,Ghoogni And Loochi,'45.00','D-64e2b1fea0861',NULL
2580,Ghoogni And Loochi,'45.00','D-64e2b22d81328',NULL
2581,Ghoogni And Loochi,'45.00','D-64e2b24f30f34',NULL
2582,Manglorian Banana Buns,'45.00','D-64e2b4694c089',NULL
2583,Manglorian Banana Buns,'45.00','D-64e2b48dac574',NULL
2584,Manglorian Banana Buns,'45.00','D-64e2b4a94053b',NULL
2585,Moong Dal Kachori,'45.00','D-64e2cc1b49692',NULL
2586,Moong Dal Wada,'45.00','D-64e2cc78cfe69',NULL
2587,Moong Dal Wada,'45.00','D-64e2ccab01153',NULL
2588,Moong Dal Wada,'45.00','D-64e2ccdca9b0e',NULL
2589,Potato Wedges,'45.00','D-64e2cddb65b35',NULL
2590,Herb Potato Wedges,'45.00','D-64e2ce00319a0',0
2591,Aloo Mutter Samosa,'45.00','D-64e2ce2930745',NULL
2592,Aloo Mutter Samosa,'45.00','D-64e2ce5594f25',NULL
2593,Dahi Kachori,'45.00','D-64e2ceae4f5e4',NULL
2594,Dahi Kachori,'45.00','D-64e2ceccea992',NULL
2595,Dahi Kachori,'45.00','D-64e2cefe2fc29',NULL
2596,Dahi Kachori,'45.00','D-64e2cf3b7844b',NULL
2597,Bengoli Vegtable Chop,'45.00','D-64e2cfd84e6b9',NULL
2598,Bengoli Vegtable Chop,'45.00','D-64e2d0060da4e',NULL
2599,Bengoli Vegtable Chop,'45.00','D-64e2d02c14de6',NULL
2600,Bengoli Vegtable Chop,'45.00','D-64e2d090eb008',NULL
2601,Dal Ka Paratha,'45.00','D-64e2d0be0bfea',NULL
2602,Chicken Nuggets,'75.00','D-64e2d0fe3978d',NULL
2603,Chicken Nuggets,'75.00','D-64e2d211454b6',NULL
2604,Chicken Nuggets,'75.00','D-64e2d23de668f',NULL
2605,Chicken Nuggets,'75.00','D-64e2d2af0d4bc',NULL
2606,Farali Usal,'45.00','D-64e2d3db11168',NULL
2607,Palak And Cabbage Bhajji,'45.00','D-64e2db2c527bc',NULL
2608,Palak And Cabbage Bhajji,'45.00','D-64e2db6e3e5a8',NULL
2609,Palak And Cabbage Bhajji,'45.00','D-64e2dbc425413',NULL
2610,Palak And Cabbage Bhajji,'45.00','D-64e2dc08d3a21',NULL
2611,Upas Aloo,'45.00','D-64e2dc6ba0f0a',NULL
2612,Upas Aloo,'45.00','D-64e2dd3716750',NULL
2613,Upas Aloo,'45.00','D-64e2ddaf3993e',NULL
2614,Seviyan Upma,'45.00','D-64e2e14a7596d',NULL
2615,Soya Tikka Biryani,'105.00','D-64e2e36965abb',0
2616,Chicken Tikka Biryani,'135.00','D-64e2e3aa8ac1d',0
2617,Bhuna Chicken Pizza,'160.00','D-64e2e4996b4e9',0
2618,Wheat Base Paneer Tikka Pizza,'180.00','D-64e2e4de00bbd',0
2619,Samosa,'30.00','D-64e2fedf81b1b',NULL
2620,Fried Chicken,'75.00','D-64e33f5547839',NULL
2621,Chitranna,'45.00','D-64e33f4c8bd99',1
2622,Prawns Pasta In Mama Rosa Sauce,'140.00','D-64e33f83bf15f',NULL
2623,Fried Chicken,'75.00','D-64e33faeef496',NULL
2624,Chitarnna,'40.00','D-64e33f938108b',1
2625,Fried Chicken,'75.00','D-64e3401080bb6',NULL
2626,Chilli Garlic Potato Shorts,'40.00','D-64e341303e9a1',1
2627,Onion Pakoda,'45.00','D-64e342250364f',1
2628,Kachori,'22.00','D-64e343e28e4f4',1
2629,Overloded ham & Cheese Sandwich.,'90.00','D-64e3474ce6b11',NULL
2630,Egg Pakoda,'50.00','D-64e3517fbb259',1
2631,Egg Pakoda,'50.00','D-64e356fce6790',1
2632,Egg Pakoda,'55.00','D-64e35e14e59a4',1
2633,Egg Pakoda,'50.00','D-64e3607a0c5ee',1
2634,Cabbage Vada,'45.00','D-64e403e4cac23',NULL
2635,Cabbage Vada,'45.00','D-64e40417b0898',NULL
2636,Cabbage Vada,'45.00','D-64e4043d94afb',NULL
2637,Upas Aloo Jeera,'45.00','D-64e4048f5ee1a',NULL
2638,Upas Aloo Jeera,'45.00','D-64e404db878e5',NULL
2639,Upas Aloo Jeera,'45.00','D-64e404f857a11',NULL
2640,Aloo Mutter Samosa,'45.00','D-64e42cf1369fa',NULL
2641,Aloo Paneer Kathi Roll,'45.00','D-64e42d2ee9efe',NULL
2642,Aloo Paneer Kathi Roll,'45.00','D-64e42d53243bb',NULL
2643,Sprouts Masala,'45.00','D-64e42dec7a91a',NULL
2644,Sprout Masala,'45.00','D-64e42e315a7f6',NULL
2645,Sprout Masala,'45.00','D-64e42f779a6b5',NULL
2646,Sprout Masala,'45.00','D-64e42fa049627',NULL
2647,Crispy Fried Chicken,'75.00','D-64e4309b19c23',NULL
2648,Crispy Fried Chicken,'75.00','D-64e430c179889',NULL
2649,Crispy Fried Chicken,'75.00','D-64e430ef3e6cc',NULL
2650,Crispy Fried Chicken,'75.00','D-64e4311ac7a0e',NULL
2651,Mughlai Veg Biryani,'90.00','D-64e4400743d76',NULL
2652,Mughlai Mutton Biryani,'150.00','D-64e4423d2b520',NULL
2653,Oats Masala,'45.00','D-64e444979f710',NULL
2654,Croissant,'25.00','D-64e444d67493b',0
2655,Extra Chicken Dinner,'55.00','D-64e44516cee7b',NULL
2656,Chicken Croissant Sandwich - 2 pc,'40.00','D-64e4454c519d5',0
2657,Croissant,'25.00','D-64e4456f14664',0
2658,Jamaican Fried Chicken,'75.00','D-64e446cc68e6b',NULL
2659,Jamaican Fried Chicken,'75.00','D-64e44714045ed',NULL
2660,Masala Maggi,'45.00','D-64e4473f42081',NULL
2661,Moong Dal Bhajji,'45.00','D-64e44bb3a0519',NULL
2662,Shakarkand Ka Chaat,'45.00','D-64e483d15a353',NULL
2663,Shakarkand Ki Chaat,'45.00','D-64e4846f87525',NULL
2664,Shakarkand Ki Chaat,'45.00','D-64e484a3482a7',NULL
2665,Shakarkand Ki Chaat,'45.00','D-64e484eb6d51a',NULL
2666,Pineapple Sheera,'45.00','D-64e5557b1e66f',NULL
2667,Pineapple Sheera,'45.00','D-64e555ac45241',NULL
2668,Pineapple Sheera,'45.00','D-64e555d8c5cc9',NULL
2669,Pineapple Sheera,'45.00','D-64e55617d9828',NULL
2670,Masala Idli,'45.00','D-64e5572563578',NULL
2671,Mooli Paratha,'45.00','D-64e5577ff4180',NULL
2672,HORSEGRAM IDLI,'40.00','D-64e568649b438',NULL
2673,Sabudana Vada,'45.00','D-64e568a6e709e',NULL
2674,Avalakki Bhat,'40.00','D-64e568e6d5e74',NULL
2675,Coconut Jaggery Idli,'40.00','D-64e569d5df666',NULL
2676,PUNUGULU,'45.00','D-64e56a0fb329e',0
2677,Avalakki Bhat,'40.00','D-64e56a2c1bc70',NULL
2678,Millet Khichdi,'45.00','D-64e56ac992b55',0
2679,Palak Idli,'42.00','D-64e56c07d95ec',1
2680,Sabudana Vada,'45.00','D-64e56c4ed951c',NULL
2681,Avalakki Bhat,'40.00','D-64e56d84480f6',NULL
2682,Nawabi Chicken Biryani,'135.00','D-64e571720fd5c',0
2683,Nawabi Subz Biryani,'105.00','D-64e571cb12643',0
2684,Pyaz Aloo Ka Bhajiya,'45.00','D-64e5723b4d56b',NULL
2685,Pyaz Aloo Ka Bhajiya,'45.00','D-64e57313ac9c9',NULL
2686,Pyaz Aloo Ka Bhajiya,'45.00','D-64e573401252e',NULL
2687,Pyaz Aloo Ka Bhajiya,'45.00','D-64e573b08c4e1',NULL
2688,Aloo Kaddu Ki Sabji And Puri,'45.00','D-64e573b08c4e1',NULL
2689,Aloo Kaddu Ki Sabji And Puri,'45.00','D-64e573b08c4e1',NULL
2690,Cheese Maggi,'60.00','D-64e573e44c8d4',NULL
2691,Carrot Ginger Booster Juice,'80.00','D-64e5744683d7b',NULL
2692,Immune Strong Coconut Smoothie,'80.00','D-64e5746a70392',NULL
2693,Takeaway Quinoa Salad Non-Veg,'110.00','D-64e5748688dc1',NULL
2694,Chicken Peri Peri Finger,'75.00','D-64e5754d9a3da',NULL
2695,Chicken Peri Peri Finger,'75.00','D-64e575750c1d9',NULL
2696,Chicken Peri Peri Finger,'75.00','D-64e57599f0c46',NULL
2697,Chicken Peri Peri Finger,'75.00','D-64e576039791e',NULL
2698,Gajar Ka Halwa,'45.00','D-64e582aaae1b8',0
2699,Special-Anda Ghotala,'60.00','D-64e59bf66d828',NULL
2700,Special-Curried Egg Maggi,'60.00','D-64e59c443c914',NULL
2701,Mohan Thal,'45.00','D-64e59cb081179',NULL
2702,Gulab Jamun - 2 pcs,'45.00','D-64e59cf8f3c25',NULL
2703,Cilantro Pesto Paneer Sub Sandwich,'150.00','D-64e59d2801f2c',NULL
2704,Chicken In BBQ Sauce Sub Sandwich,'160.00','D-64e59d58befc5',NULL
2705,Gobhi 65,'45.00','D-64e5a43d061fd',NULL
2706,Chicken Nicoise Salad,'100.00','D-64e5afda20bd6',1
2707,Special Chat - Ragda Kachori,'60.00','D-64e5b8237f4a9',NULL
2708,Assorted Pakoda,'40.00','D-64e5df5f57054',1
2709,Assorted Pakoda,'40.00','D-64e5dfac3ce92',1
2710,Assorted Pakoda,'40.00','D-64e5dfe267949',1
2711,Egg Pakoda,'55.00','D-64e5e274d7978',1
2712,Sabudana Idli,'45.00','D-64e6a68d2f48a',NULL
2713,Sabudana Idli,'45.00','D-64e6a6c99f7a4',NULL
2714,Sabudana Idli,'45.00','D-64e6a6f483190',NULL
2715,Sabudana Idli,'45.00','D-64e6a73be5468',NULL
2716,Nagpuri Misal Pav,'45.00','D-64e6b8b75354c',NULL
2717,Surti Dabeli,'45.00','D-64e6c655d6cb1',NULL
2718,Surti Dabeli,'45.00','D-64e6c692d97ae',NULL
2719,Surti Dabeli,'45.00','D-64e6c6bc0f743',NULL
2720,Farali Usal,'45.00','D-64e6c6fd0551c',NULL
2721,Aloo Paneer Kathi Roll,'45.00','D-64e6c792bd43d',NULL
2722,Onion Mint Paratha,'45.00','D-64e6c7f7ae98a',NULL
2723,Crispy Spicy Grilled Chicken,'75.00','D-64e6c87e60108',NULL
2724,Crispy Spicy Grilled Chicken,'75.00','D-64e6c8bf026e8',NULL
2725,Crispy Spicy Grilled Chicken,'75.00','D-64e6c918ebb88',NULL
2726,Chicken Grilled Cajun Spice,'60.00','D-64e6c94d23126',NULL
2727,Veg Handi Dum Biryani,'105.00','D-64e6c9fe63554',0
2728,Chicken Handi Dum Biryani,'135.00','D-64e6ca311dbcb',NULL
2729,Kachori,'22.00','D-64e6cb66e3c7b',0
2730,Surti Dabeli,'45.00','D-64e6dcd520a3f',NULL
2731,Veg Frankie Roll,'45.00','D-64e6e90642c70',NULL
2732,Veg Frankie Roll,'45.00','D-64e6e9519cc0e',NULL
2733,Veg Frankie Roll,'45.00','D-64e6e98be2bdc',NULL
2734,Veg Frankie Roll,'45.00','D-64e6e9ccd663e',NULL
2735,Chicken Curry With Pav,'75.00','D-64e6ea6734d5b',NULL
2736,Special-Masala Egg Quasadilla,'60.00','D-64e6ea9e30750',NULL
2737,Jamaican Fried Chicken,'75.00','D-64e6eacf9c048',NULL
2738,Chicken Tikka Maggi,'60.00','D-64e6eb7472ea1',NULL
2739,rava idly,'42.00','D-64e6ec3c6ffbc',0
2740,Special - Aloo Tikki Chaat,'65.00','D-64e7072b41a3b',0
2741,Steamed Idli,'45.00','D-64e72d434c89f',NULL
2742,Steamed Idli,'45.00','D-64e72d60a78fb',NULL
2743,Steamed Idli,'45.00','D-64e72da667bda',NULL
2744,Steamed Idli,'45.00','D-64e72dc9aee84',NULL
2745,Masala Puri And Aloo Chana Sabji,'45.00','D-64e72e6c9812d',NULL
2746,Masala Puri And Aloo Chana Sabji,'45.00','D-64e72e9db22d8',NULL
2747,Masala Puri And Aloo Chana Sabji,'45.00','D-64e72ec8448c3',NULL
2748,Masala Puri And Aloo Chana Sabji,'45.00','D-64e72ef7bd391',NULL
2749,Undi (steamed Rice and coconut Dumpling),'45.00','D-64e7f98290062',NULL
2750,Undi (steamed Rice and coconut Dumpling),'45.00','D-64e7f9b472133',NULL
2751,Undi (steamed Rice and coconut Dumpling),'45.00','D-64e7f9ee94a78',NULL
2752,Undi (steamed Rice and coconut Dumpling),'45.00','D-64e7fa1deada2',NULL
2753,Kanjipuram Idli,'45.00','D-64e7fa8eaa61f',NULL
2754,COCONUT SEMIYA,'40.00','D-64e812bd8b298',NULL
2755,Semiya bath,'45.00','D-64e8134a36670',0
2756,Corn Vada,'40.00','D-64e81381c89ed',NULL
2757,Tadni kalu Vada,'40.00','D-64e81381c89ed',NULL
2758,Corn Vada,'40.00','D-64e813bff085a',NULL
2759,Semiya upma,'40.00','D-64e815f44b3ec',NULL
2760,Bisi bele bath,'40.00','D-64e816aad50a2',NULL
2761,Pumpkin Idly,'40.00','D-64e819adce852',NULL
2762,Peri Peri Maggi,'45.00','D-64e81d59eaf1e',NULL
2763,Peri Peri Maggi,'45.00','D-64e81d8501a8f',NULL
2764,Vegetable Maggi,'45.00','D-64e81dbd80973',NULL
2765,Peri Peri Maggi,'45.00','D-64e81ddd3f819',NULL
2766,Chicken Tempura,'75.00','D-64e81e4384b00',NULL
2767,Chicken Tempura,'60.00','D-64e81e7707078',NULL
2768,Chicken Tempura,'60.00','D-64e81ebb3bc40',NULL
2769,Chicken Tempura,'60.00','D-64e81f4129dc7',NULL
2770,Kolhapuri Kat Vada,'45.00','D-64e81f9fb2081',0
2771,Kolhapuri Cut Vada,'45.00','D-64e81fc8da43a',NULL
2772,Kolhapuri Kat Vada,'45.00','D-64e81fe63d214',0
2773,Kolhapuri Cut Vada,'45.00','D-64e8201093621',NULL
2774,Chettinad Vegetable Biryani,'105.00','D-64e8205c2ab41',0
2775,Upas Aloo Jeera,'45.00','D-64e825c75ba3f',NULL
2776,Kesar Sheera,'45.00','D-64e826bd89fee',NULL
2777,Kesar Sheera,'45.00','D-64e826ea85e63',NULL
2778,Kesar Sheera,'45.00','D-64e82704ba2d5',NULL
2779,Kesar Sheera,'45.00','D-64e82731a4c23',NULL
2780,BBQ Fried Chicken,'75.00','D-64e82731a4c23',NULL
2781,Green Peas And Capsicum Maggi,'45.00','D-64e827af1dec2',NULL
2782,Plain Maggi,'45.00','D-64e827af1dec2',NULL
2783,Green Peas And Capsicum Maggi,'45.00','D-64e827e864232',NULL
2784,Green Peas And Capsicum Maggi,'45.00','D-64e8286901df1',NULL
2785,Dum Aloo Subji And Puri,'45.00','D-64e828c7972bf',NULL
2786,Dum Aloo Subji And Puri,'45.00','D-64e8290bcb26c',NULL
2787,Dum Aloo Subji And Puri,'45.00','D-64e82949dde6c',NULL
2788,Dum Aloo Subji And Puri,'45.00','D-64e829736f613',NULL
2789,Indian Spice Tossed Sprouts,'45.00','D-64e829be39fca',NULL
2790,Indian Spice Tossed Sprouts,'45.00','D-64e829f28ae49',NULL
2791,Indian Spice Tossed Sprouts,'45.00','D-64e82a3c8503d',NULL
2792,Indian Spice Tossed Sprouts,'45.00','D-64e82a61e4b69',NULL
2793,Poppers Fry Chicken,'75.00','D-64e82a9b5e410',NULL
2794,Chicken Maggi,'60.00','D-64e82adc31e55',NULL
2795,Chicken Maggi,'60.00','D-64e82b31d8cd6',NULL
2796,Mutton Biryani,'160.00','D-64e84bfc45d6f',NULL
2797,Special - Karare Mutter Chat,'65.00','D-64e85924212d7',NULL
2798,Masala Chai,'15.00','D-64e8876a811cd',1
2799,Masala Chai,'15.00','D-64e8894157460',1
2800,Tomato Upma,'45.00','D-64e9b6b84a274',NULL
2801,Cheese Maggi,'60.00','D-64e9b6f900712',NULL
2802,GRILLED SWEET PAPPER,'75.00','D-64eb8204ab1cb',1
2803,GRILLED SWEET PAPPERS,'75.00','D-64eb836343abe',1
2804,Chicken Hawaiian Sandwich,'90.00','D-64eb83cb87157',1
2805,Panzanella salad,'90.00','D-64eb843428f25',NULL
2806,SOUTHERN STYLE CHICKEN SALAD,'100.00','D-64eb84ee8d853',1
2807,Braised Chicken with Potatoes and Chive Butter,'120.00','D-64eb884a4b934',1
2808,DIL SCENTED PRAWN WITH GARLIC MASH CORN & PEAS,'150.00','D-64eb88a32b6d6',1
2809,MORDERN STYLE RATATOUILLE ON GARLIC RUBBED BREAD,'100.00','D-64eb88f322dd7',1
2810,MIXED BERRY AND TOSTED SEED PARFAIT,'100.00','D-64eb90278e090',1
2811,CUCUMBER AND SHIA JUICE,'55.00','D-64eb90ddbac88',1
2812,COCONUT AND KALE SMOOTHIE,'65.00','D-64eb91daf3d32',1
2813,DRYFRUIT SWEET LASSI,'60.00','D-64eb9719ebce0',1
2814,Coffee and Hazelnut MILK SHAKE,'50.00','D-64eb97bcb5ac5',1
2815,Mordern Style Ratatouille Crostini,'40.00','D-64eb99db0fdb7',1
2816,CAJUN SPICED POTATO WEDGES,'40.00','D-64eb9a249bbed',1
2817,Pongal,'45.00','D-64ebed4991ae4',NULL
2818,Pongal,'45.00','D-64ebed7c41df1',NULL
2819,Pongal,'45.00','D-64ebedb226915',NULL
2820,Carrot Peas Idli,'45.00','D-64ebee97af2d3',NULL
2821,Ghee Podi Idli,'45.00','D-64ec129b218ca',NULL
2822,Masala Maggi,'45.00','D-64ec1330ad1e9',NULL
2823,Vegetable Upma,'45.00','D-64ec136978583',NULL
2824,Vegetable Upma,'45.00','D-64ec13a423208',NULL
2825,Vegetable Upma,'45.00','D-64ec13dccceeb',NULL
2826,Vegetable Upma,'45.00','D-64ec140890372',NULL
2827,Masala Maggi,'50.00','D-64ec2c15b4a90',NULL
2828,Asian Veg Meal With Rice Or Noodles,'80.00','D-64ec2d76bfc7a',NULL
2829,Asian Chicken Meal With Rice Or Noodles,'90.00','D-64ec2dbb11f6a',NULL
2830,Veg Pasta In Puttanesca Sauce,'115.00','D-64ec2eaec5c7a',0
2831,Chicken Pasta In Puttanesca Sauce,'135.00','D-64ec2f78a5e3c',0
2832,Special - Palak Patte Ki Chaat,'65.00','D-64ec4cbec532b',NULL
2833,Onion Bonda,'45.00','D-64ec4e516ab29',NULL
2834,Vegetable Lasagna,'115.00','D-64ec5592cd6b4',0
2835,Spinach Onion Jam Ravioli in Mushroom Cream Sauce,'115.00','D-64ec5637ab03d',0
2836,Broken Wheat Upma,'45.00','D-64ec6c8c7c080',NULL
2837,Broken Wheat Upma,'45.00','D-64ec6d3c5ccf0',NULL
2838,keerai bonda,'40.00','D-64ec77e6bf7d5',NULL
2839,keerai bonda,'40.00','D-64ec77e6bf7d5',NULL
2840,Kanjipurum Idli,'45.00','D-64ed3d42f2617',NULL
2841,Aloo Paratha,'55.00','D-64ed414d7d1ed',1
2842,Poha,'45.00','D-64ed42590a107',0
2843,Bisi bele bath,'45.00','D-64ed429296645',0
2844,Goli Bhaji,'45.00','D-64ed51ae9799a',0
2845,Amritsar chole Bhature,'40.00','D-64ed55b79efdc',1
2846,Mangalore Goli Bhaji,'40.00','D-64ed58fc10876',1
2847,Strawberry Trifle,'125.00','D-64ed5ebf141b2',NULL
2848,Lemon Mascarpone Cheese Cake,'220.00','D-64ed5f07681b0',NULL
2849,Plain Idli,'45.00','D-64ed676701f0f',NULL
2850,Plain Idli,'45.00','D-64ed67942d4b1',NULL
2851,Plain Idli,'45.00','D-64ed67c99c564',NULL
2852,Plain Idli,'45.00','D-64ed68174879c',NULL
2853,Green Moong Sundal,'45.00','D-64ed68668208e',NULL
2854,Green Moong Sundal,'45.00','D-64ed68936bf9d',NULL
2855,Green Moong Sundal,'45.00','D-64ed68cc588ac',NULL
2856,Green Moong Sundal,'45.00','D-64ed68f6be6f7',NULL
2857,Mutter Paratha,'45.00','D-64ed6a14358d6',NULL
2858,Poppers Fry Chicken,'75.00','D-64ed6a65923ff',NULL
2859,Chicken Fajita,'60.00','D-64ed6ab71ed98',NULL
2860,Chicken Fajita,'60.00','D-64ed6b29c68c8',NULL
2861,Chicken Fajita,'60.00','D-64ed6b74585e3',NULL
2862,Masala Pav,'45.00','D-64ed75759e62b',NULL
2863,Masala Pav,'45.00','D-64ed75a3a5cd7',NULL
2864,Masala Pav,'45.00','D-64ed75cc95a60',NULL
2865,Gobi Paratha,'45.00','D-64ed760320cf7',NULL
2866,Boiled Sprouts,'45.00','D-64ed7634c14a7',NULL
2867,Sprouts Chaat,'45.00','D-64ed766be2566',NULL
2868,Plain Maggi,'50.00','D-64ed84c3f38a3',NULL
2869,Tandoori Roti/ Naan,'20.00','D-64ed861f21305',NULL
2870,Combo Vegetarian Meal,'50.00','D-64ed8ed10132c',NULL
2871,Combo Non-Vegetarian Meal,'60.00','D-64ed8fa0095c5',NULL
2872,Chicken Diane With Chick Pea Mash,'135.00','D-64ed9340d7060',0
2873,Non veg meal combo,'60.00','D-64ed947c68f39',NULL
2874,Non veg Combo,'65.00','D-64ed95ab3a82e',NULL
2875,Non veg combo,'60.00','D-64ed9705da049',NULL
2876,Non veg Combo,'65.00','D-64ed9b1b58a41',NULL
2877,Non veg combo,'60.00','D-64ed9b4f2937b',NULL
2878,Veg Mac N Cheese,'100.00','D-64ed9b91b8c73',NULL
2879,Veg Combo,'50.00','D-64ed9b7ab914b',NULL
2880,Non veg combo,'65.00','D-64ed9bd1a3563',NULL
2881,Special-Macroni Maggi,'60.00','D-64edaa6e27ee2',NULL
2882,Special - Samosa Ragda Chaat,'65.00','D-64edab6894e53',NULL
2883,Badam Milk,'22.00','D-64edc7221c18f',NULL
2884,Badam Milk,'22.00','D-64edc7221c18f',NULL
2885,Badam Milk,'22.00','D-64edc7221c18f',NULL
2886,Black Chana Chat,'45.00','D-64edc9b25514f',NULL
2887,Kabuli Chana Chat,'45.00','D-64edc9fcd2f8a',NULL
2888,Kabuli Chana Chat,'45.00','D-64edca27c68ca',NULL
2889,Kabuli Chana Chat,'45.00','D-64edca544255a',NULL
2890,PALAK IDLI,'42.00','D-64ee6f6ee6c93',1
2891,PALAK IDLI,'42.00','D-64ee7005c896a',1
2892,SABUDANA VADA,'40.00','D-64ee70a76bbc9',1
2893,SABUDANA VADA,'45.00','D-64ee70e3cb18f',1
2894,Puneri Misal Pav,'45.00','D-64ee934b05d01',NULL
2895,Kara Vada,'45.00','D-64eea6ad4ef34',NULL
2896,Cuttack Dahi Wada,'45.00','D-64eeb11b384df',0
2897,Kanda Poha,'45.00','D-64eeb21b302e9',NULL
2898,Carrot Idli,'45.00','D-64eec3ec15d46',NULL
2899,Carrot Idli,'45.00','D-64eec42d1c129',NULL
2900,Carrot Idli,'45.00','D-64eec4dc09fc3',NULL
2901,Broken Wheat Khichadi,'45.00','D-64eec69a66ff2',NULL
2902,Broken wheat Upma,'45.00','D-64eec6d61383a',NULL
2903,Kachori,'45.00','D-64eed20639205',NULL
2904,Kachori,'45.00','D-64eed23266c27',NULL
2905,Kachori,'45.00','D-64eed26883c47',NULL
2906,Veg Asian Clear Soup,'60.00','D-64eef3ece0211',0
2907,Chicken Rendang Curry With Noodles,'120.00','D-64eef46878089',NULL
2908,Special - Jhal Muri,'65.00','D-64eef8d241bc5',NULL
2909,Peri Peri Chicken,'75.00','D-64ef120c63f28',NULL
2910,Peri Peri Chicken,'75.00','D-64ef12344bc91',NULL
2911,Peri Peri Chicken,'75.00','D-64ef1255c6354',NULL
2912,Peri Peri Chicken,'60.00','D-64ef12821fe28',NULL
2913,Assorted Pakoda,'40.00','D-64ef1fc5cb6a3',1
2914,Assorted Pakoda,'40.00','D-64ef1fc5cb6a3',1
2915,CHOW Mein,'45.00','D-64ef8af3096b1',NULL
2916,Sabudana Bonda,'45.00','D-64ef8da51200b',NULL
2917,Chow Mein,'45.00','D-64ef8eb115387',NULL
2918,Chow Mein,'45.00','D-64ef8f00d2632',NULL
2919,Extra Chicken,'55.00','D-64ef8f459c955',NULL
2920,Sabudana Bonda,'45.00','D-64ef912d18c79',NULL
2921,Sweet Pongal,'40.00','D-64efd65de7d55',1
2922,RAGI IDLI,'42.00','D-64efd6bea1634',0
2923,RAGI IDLI,'42.00','D-64efd70feb829',0
2924,SWEET PONGAL,'40.00','D-64efd74d6fa3f',1
2925,SWEET PONGAL,'40.00','D-64efd7e69a08c',1
2926,SWEET PONGAL,'40.00','D-64efd81d6fe5f',1
2927,SWEET PONGAL,'40.00','D-64efd84eddeeb',1
2928,MYSORE BONDA,'45.00','D-64efd9aef34bd',0
2929,Vada Usal Pav,'60.00','D-64efe02f67c70',NULL
2930,Vada Usal Pav,'45.00','D-64efe066527bb',NULL
2931,Vada Usal Pav,'45.00','D-64efe095d8ce4',NULL
2932,Seviyan Upma,'45.00','D-64f0067946905',NULL
2933,Dal Pakwan,'45.00','D-64f0070716f17',NULL
2934,Mumbai Pav Bhaji,'45.00','D-64f0075b80f45',NULL
2935,Mumbai Pav Bhaji,'45.00','D-64f007839b828',NULL
2936,Mumbai Pav Bhaji,'45.00','D-64f007b324d24',NULL
2937,Mumbai Pav Bhaji,'45.00','D-64f007d749c3a',NULL
2938,Dal Pakwan,'45.00','D-64f00ab38f98f',NULL
2939,Dal Pakwan,'45.00','D-64f00af818af5',NULL
2940,Dal Pakwan,'45.00','D-64f00b3e2ee26',NULL
2941,Onam Special Veg Thali,'85.00','D-64f0389dbb783',NULL
2942,Onam Special Non-Veg Thali,'95.00','D-64f0391ba7a64',NULL
2943,Onam Special Veg Thali,'85.00','D-64f0397b5f0eb',NULL
2944,Onam Special Non-Veg Thali,'95.00','D-64f039c72017e',NULL
2945,KACHORI,'45.00','D-64f0e0dc76935',NULL
2946,KACHORI,'45.00','D-64f0e1408260c',NULL
2947,Hullikalu Idly,'40.00','D-64f12dc3de47f',1
2948,HESARU KALU VADA,'40.00','D-64f12e078ebb1',1
2949,HESARU KALU VADA,'45.00','D-64f12e7b45e95',0
2950,Oats Idly,'42.00','D-64f12ea9d3624',0
2951,Avalakki Idly,'40.00','D-64f12fb1ebba0',1
2952,OATS IDLI,'42.00','D-64f1307f83a14',0
2953,HESARU KALU VADA,'45.00','D-64f1322a0c317',0
2954,Cabbage Bonda,'45.00','D-64f1337d5821f',NULL
2955,Cabbage Bonda,'45.00','D-64f133ad23db9',NULL
2956,Cabbage Bonda,'45.00','D-64f133e89b31a',NULL
2957,Green Moong Idli,'45.00','D-64f1509e42931',NULL
2958,Green Moong Idli,'45.00','D-64f150fab679b',NULL
2959,Green Moong Idli,'45.00','D-64f15138ca628',NULL
2960,Broken Wheat Khichadi,'45.00','D-64f151a8979d8',NULL
2961,Masala Idli,'45.00','D-64f15200d0525',NULL
2962,Onion Bonda,'45.00','D-64f152daca50b',NULL
2963,Onion Bonda,'45.00','D-64f1537a6df86',NULL
2964,Chatpata Steam Corn,'45.00','D-64f155602a29e',NULL
2965,Chatpata Steam Corn,'45.00','D-64f155ab4b643',NULL
2966,Chatpata Steam Corn,'45.00','D-64f155f3165e3',NULL
2967,Chatpata Steam Corn,'45.00','D-64f15624cf325',NULL
2968,Pataya Chicken Fry,'75.00','D-64f157d141d1c',NULL
2969,Pataya Chicken Fry,'75.00','D-64f158149537d',NULL
2970,Pataya Chicken Fry,'75.00','D-64f1584f422d4',NULL
2971,Chicken Fry,'75.00','D-64f158814f8ab',NULL
2972,Pataya Chicken Fry,'75.00','D-64f158bb52fc6',NULL
2973,Vegetable Maggi,'50.00','D-64f158f403d6c',NULL
2974,Capsicum Idli,'45.00','D-64f159b713ca9',NULL
2975,Capsicum Idli,'45.00','D-64f159ef548c2',NULL
2976,Capsicum Idli,'45.00','D-64f15a38616e9',NULL
2977,Chilli Maggi,'50.00','D-64f15a74189d2',NULL
2978,Regular Maggi,'50.00','D-64f15b1bd849a',NULL
2979,Special - Purani Delhi ke Tikki Chaat,'65.00','D-64f161113e3d2',0
2980,Assorted Pakoda,'40.00','D-64f1872499c78',NULL
2981,Regular Tea,'15.00','D-64f18bde6dd2b',NULL
2982,Dill Scented Prawn,Garlic Mash Corn,Peas Salsa',NULL
2983,Kesari Bhaat,'45.00','D-64f28f63e04e7',NULL
2984,Uttapam,'50.00','D-64f291019bbb4',NULL
2985,Tomato Upma,'45.00','D-64f2c680129cf',NULL
2986,Potato Peanut Poha,'45.00','D-64f37763ddb4b',NULL
2987,Aloo Paratha,'50.00','D-64f420d0e11b6',NULL
2988,Sunny Side up,'60.00','D-64f4228ea2984',NULL
2989,Three pepper & Roasted Courgette Crostini,'50.00','D-64f4232394e57',NULL
2990,Peanut Poha,'45.00','D-64f44ef26917e',NULL
2991,Mutter Poha,'45.00','D-64f528b41e0f0',NULL
2992,Mutter Poha,'45.00','D-64f528e1e1a5c',NULL
2993,Mutter Poha,'45.00','D-64f5291a7c4d7',NULL
2994,Pyaz Paratha,'45.00','D-64f52ad3c33ee',NULL
2995,Braised Chicken Terrine,Milange Of Vegetable,Juse',NULL
2996,Kachori With Bhaji,'45.00','D-64f54d5c7dc4f',NULL
2997,Aloo Pyaz Paratha With Cheese,'45.00','D-64f54d7d1c24a',NULL
2998,Kachori With Bhaji,'45.00','D-64f54da895c57',NULL
2999,Kachori With Bhaji,'45.00','D-64f54df00a868',NULL
3000,Veg Poha With Peanut,'45.00','D-64f54e4834d7b',NULL
3001,Veg Poha With Peanut,'45.00','D-64f54e73af9b6',NULL
3002,Veg Poha With Peanut,'45.00','D-64f54ea01b582',NULL
3003,Veg Poha With Peanut,'45.00','D-64f54ecb3fc8d',NULL
3004,Veg Roll,'45.00','D-64f54f8e82ae3',NULL
3005,Veg Roll,'45.00','D-64f54fc369971',NULL
3006,Veg Roll,'45.00','D-64f54feec2946',NULL
3007,Veg Roll,'45.00','D-64f55017f39a9',NULL
3008,Tandoori Chicken Wings,'75.00','D-64f55084594e8',NULL
3009,Tandoori Chicken Wings,'75.00','D-64f550aca6c6d',NULL
3010,Tandoori Chicken Wings,'75.00','D-64f550d909589',NULL
3011,Tandoori Chicken Wings,'75.00','D-64f5512e1a636',NULL
3012,Garlic Rubbed Prawns,Brocolli & Asparagus,Seafood',NULL
3013,Curried Butter Milk,'30.00','D-64f56a1d7bda5',NULL
3014,Methi Kulcha With Aloo Bhaji,'45.00','D-64f5730f8b67b',NULL
3015,Masala Idli,'45.00','D-64f57338de49a',NULL
3016,Methi Kulcha With Aloo Bhaji,'45.00','D-64f57369be08c',NULL
3017,Methi Kulcha With Aloo Bhaji,'45.00','D-64f57392b900f',NULL
3018,EXTRA CHI SALAMI,'20.00','D-64f571ae89ef6',NULL
3019,EXTRA CHI SEEKH,'35.00','D-64f575a763026',NULL
3020,EXTRA VEG MANCHURIAN,'15.00','D-64f5768d4089d',NULL
3021,EXTRA VEG NOODLE,'15.00','D-64f5784d163ea',NULL
3022,CHICKEN BURGER,'56.00','D-64f578b30ae08',NULL
3023,CHI CHEESE BURGER,'64.00','D-64f57b3708982',NULL
3024,VEG CHEESE BURGER,'64.00','D-64f57b996660a',NULL
3025,RAGDA PATTICE,'42.00','D-64f57be1e1c3e',NULL
3026,PANEER PARATHA,'56.00','D-64f57c3b12ac2',NULL
3027,CHI TIKKA PAV,'56.00','D-64f582a2b020f',NULL
3028,EXTRA PURI,'8.00','D-64f5835aaa623',NULL
3029,EGG WHITE OMLT PAV,'35.00','D-64f5839c3448c',NULL
3030,EGG WHITE OMLETTE,'32.00','D-64f5843842aa1',NULL
3031,FRESH TOAST,'43.00','D-64f58496b1438',NULL
3032,EGG BURMA TOAST,'56.00','D-64f584ef1870d',NULL
3033,EXTRA SCHEZWAN DOSA,'15.00','D-64f586087d3e7',NULL
3034,BESAN TOMATO CHILLA,'43.00','D-64f5866a7f479',NULL
3035,SET DOSA,'45.00','D-64f586bb13a15',NULL
3036,PLAIN FRY MAGGI,'43.00','D-64f587091d191',NULL
3037,SITAFAL MILKSHAKE,'60.00','D-64f5878b76b94',NULL
3038,Veg 65 Biryani,'105.00','D-64f67f475c4b1',NULL
3039,Chicken 65 Biryani,'135.00','D-64f67f9f3f574',NULL
3040,Agra Bedmi Puri With Aloo Pumpkin Sabji,'45.00','D-64f6af82951ed',NULL
3041,Agra Bedmi Puri With Aloo Pumpkin Sabji,'45.00','D-64f6b02207806',NULL
3042,Agra Bedmi Puri With Aloo Pumpkin Sabji,'45.00','D-64f6b05cc3cb7',NULL
3043,Agra Bedmi Puri With Aloo Pumpkin Sabji,'45.00','D-64f6b08942301',NULL
3044,Cabbage Bonda,'45.00','D-64f6b15071c0c',NULL
3045,Chana Kulcha,'45.00','D-64f6b19c23a33',NULL
3046,Chana Kulcha,'45.00','D-64f6b20aa08bd',NULL
3047,Chana Kulcha,'45.00','D-64f6b29ec9a86',NULL
3048,Iced Latte Salted Caramel,'150.00','D-64f6b29ec9a86',NULL
3049,Chana Kulcha,'45.00','D-64f6b316596b0',NULL
3050,Sabudana Bonda,'45.00','D-64f6b3e7d02ce',NULL
3051,Masala Pav,'45.00','D-64f6efc9ce948',NULL
3052,Masala Pav,'45.00','D-64f6efed68fbb',NULL
3053,Masala Pav,'45.00','D-64f6f016564a8',NULL
3054,Special-Fried Egg Maggi,'60.00','D-64f6f0861e844',NULL
3055,Sprouts Chat,'45.00','D-64f6f0d3c91e4',0
3056,Paneer Tikka Roll,'45.00','D-64f7fe156f7ae',NULL
3057,Paneer Tikka Roll,'45.00','D-64f7feadb43cb',NULL
3058,Paneer Tikka Roll,'45.00','D-64f7fedb0bdb1',NULL
3059,Paneer Tikka Roll,'45.00','D-64f7ff3656e7d',NULL
3060,Moong Dal Kachori,'30.00','D-64f7ffac8ea13',0
3061,Veg Burger,'45.00','D-64f7ffec5b200',NULL
3062,Veg Burger,'45.00','D-64f8003783654',NULL
3063,Macroni Pasta With Cheese Sauce,'100.00','D-64f80079a5d51',NULL
3064,Thumbs Up can,'40.00','D-64f8393f192c8',0
3065,Diet Coke,'40.00','D-64f839784f8cc',0
3066,Fanta,'40.00','D-64f839c77c50d',0
3067,Coca - Cola,'40.00','D-64f83a57bb018',0
3068,Bisleri Water 300ml,'50.00','D-64f84124078f7',NULL
3069,Special - Ragda Pattice Chaat,'65.00','D-64f84870019e6',NULL
3070,White Chocolate Mocha Combo With Cookies,'215.00','D-64f84a5316880',NULL
3071,Cold White Caffe Mocha Combo With Cookies,'220.00','D-64f84a8339be1',NULL
3072,Chicken Butter Garlic Dry,'110.00','D-64f84ac6ac681',NULL
3073,Chicken Chilli Garlic Dry,'110.00','D-64f84af6ed76d',NULL
3074,Chicken Reauben Sandwich,'180.00','D-64f84b18eeb9f',NULL
3075,Egg Bhurji,'50.00','D-64f85623041e6',1
3076,Egg Vepudu,'50.00','D-64f856a9b649f',1
3077,Egg Bhurji,'50.00','D-64f856dfb780b',1
3078,Chlli Bhaji,'40.00','D-64f85812cf663',1
3079,Egg Bhurji,'50.00','D-64f858dc63503',1
3080,Chlli Bhaji,'40.00','D-64f859c41dfb7',1
3081,Nashik Sabudana Wada,'45.00','D-64f8d7e1dde9d',NULL
3082,Vegetable Spring Roll,'45.00','D-64f8d87ce1a2d',0
3083,Sabudana Finger,'45.00','D-64f8d9205b9e3',NULL
3084,Vegetable Spring Roll,'45.00','D-64f8d9677e567',0
3085,Sabudana Finger,'45.00','D-64f8db19991ac',NULL
3086,Vegetable Spring Roll,'80.00','D-64f8db9ecc321',NULL
3087,Sabudana Wada,'45.00','D-64f8dbd78a4d8',NULL
3088,Nashik Sabudana Wada,'45.00','D-64f8dccb20949',NULL
3089,Jhanjhanit Misal Pav,'45.00','D-64f91b3765e96',NULL
3090,Methi Masala Paratha,'45.00','D-64f91cc2cbef7',NULL
3091,Methi Masala Paratha,'45.00','D-64f91cfd85289',NULL
3092,Methi Masala Paratha,'45.00','D-64f91e8b91197',NULL
3093,MANGLORE GOLI BAJJI,'45.00','D-64f924e6664eb',1
3094,MANGLORE GOLI BAJJI,'45.00','D-64f924e6664eb',1
3095,MANGLORE GOLI BAJJI,'40.00','D-64f924e6664eb',1
3096,Baked Samosa,'45.00','D-64f95b31cda37',NULL
3097,Baked Samosa,'45.00','D-64f95b63227cb',NULL
3098,Baked Samosa,'45.00','D-64f95b9eb974a',NULL
3099,Baked Samosa,'45.00','D-64f95bcfe891e',NULL
3100,Malwani Sukka Komdi,'75.00','D-64f95c436b119',NULL
3101,Malwani Sukka Komdi,'75.00','D-64f95c814ad37',NULL
3102,Malwani Sukka Komdi,'75.00','D-64f95cb259bbe',NULL
3103,Malwani Sukka Komdi,'75.00','D-64f95cddc6d61',NULL
3104,Mumbai Veg Biryani,'90.00','D-64f96456ab6a3',NULL
3105,Mumbai Chicken Biryani,'125.00','D-64f964a35b640',NULL
3106,Corn Ke Pakode,'45.00','D-64f96692626d6',NULL
3107,Corn Ke Pakode,'45.00','D-64f966e83e918',NULL
3108,Corn Ke Pakode,'45.00','D-64f96715903bf',NULL
3109,Special - Dahi Mirchi Chat,'65.00','D-64f96d11478ac',NULL
3110,Special - Katori Chaat,'80.00','D-64f96ddb60e33',NULL
3111,Corn Chat,'50.00','D-64f96e85abc36',NULL
3112,Samosa,'45.00','D-64f99659ae6db',NULL
3113,KARAMANI VADA,'40.00','D-64fa6a509c3d2',1
3114,Pruppu Vada,'40.00','D-64fa6a509c3d2',1
3115,MASALA RICE,'40.00','D-64fa6ac443b80',1
3116,Mix Veg Pakoda,'45.00','D-64fa938f59cd5',NULL
3117,Mix Veg Pakoda,'45.00','D-64fa9424d3c5e',NULL
3118,Mix Veg Pakoda,'45.00','D-64fa947f16002',NULL
3119,Mix Veg Pakoda,'45.00','D-64fa98eba0292',NULL
3120,Veg Semiya Upma,'45.00','D-64fa99d17eb98',NULL
3121,Veg Semiya Upma,'45.00','D-64fa9a584c51e',NULL
3122,Veg Semiya Upma,'45.00','D-64fa9abe83826',NULL
3123,Veg Semiya Upma,'45.00','D-64fa9b0a0ec58',NULL
3124,Masala Mutter Kulcha,'45.00','D-64fa9c075dc28',NULL
3125,Masala Mutter Kulcha,'45.00','D-64fa9c4fdc687',NULL
3126,Masala Mutter Kulcha,'45.00','D-64fa9c8979c03',NULL
3127,Masala Mutter Kulcha,'45.00','D-64fa9cc85912b',NULL
3128,Wada Pav With Fried Chilli,'45.00','D-64fa9d5d81067',NULL
3129,Wada Pav With Fried Chilli,'45.00','D-64fa9deb7e852',NULL
3130,Wada Pav With Fried Chilli,'45.00','D-64fa9e2a575d0',NULL
3131,Vegetable Sandwich,'50.00','D-64fa9e659212c',NULL
3132,Wada Pav With Fried Chilli,'45.00','D-64fa9f5978b86',NULL
3133,Crub Fried Chicken,'75.00','D-64fa9fbe4cced',NULL
3134,Crub Fried Chicken,'75.00','D-64faa0079c367',NULL
3135,Crub Fried Chicken,'75.00','D-64faa046bc694',NULL
3136,Crub Fried Chicken,'75.00','D-64faa07b9e768',NULL
3137,Madhur Vada,'40.00','D-64fafc97a2e62',1
3138,Madhur Vada,'40.00','D-64fafcc48af05',1
3139,Madhur Vada,'40.00','D-64fafcf14541b',1
3140,Festive Special Chicken Thali,'120.00','D-64fb1f916612c',0
3141,Mix Veg Paneer Paratha,'45.00','D-64fb6d7bc8a0f',NULL
3142,Bhajiya,'45.00','D-64fb6db6a2b71',NULL
3143,Bhajiya,'45.00','D-64fb6de35e96c',NULL
3144,Palak Wada,'45.00','D-64fc108e49d2e',NULL
3145,Palak Wada,'45.00','D-64fc108e49d2e',NULL
3146,Rasmalai,'45.00','D-64fe139acb57e',NULL
3147,Rasmalai,'45.00','D-64fe14977ac15',NULL
3148,Kara Bonda,'45.00','D-64fe6306c6ebb',NULL
3149,Kara Bonda,'45.00','D-64fe633e9717b',NULL
3150,Kara Bonda,'45.00','D-64fe636d60a75',NULL
3151,Godi Uppitu,'45.00','D-64fe74cd183db',0
3152,Ragi Uppitu,'45.00','D-64fe752738d34',1
3153,Ragi Dosa,'40.00','D-64fe755d7e4fe',1
3154,Ragi Dosa,'40.00','D-64fe758782e6d',1
3155,ECUADORIAN MOTE PILLO,'60.00','D-64fe79776c36c',1
3156,Broccoli & Cheddar Tart,'50.00','D-64fe7a574517b',1
3157,JAMAICAN SPICED RUBBED POTATO WEDGES,'40.00','D-64fe7ad92067f',1
3158,Daliya Upma,'45.00','D-64fe7bfb963de',NULL
3159,Hara Bhara Patty,Cucumber Yogurt,Charred Peppers',NULL
3160,Italian Chicken Salami,Pickle Cucumber,Red Onion',NULL
3161,Organic Broken Wheat Tabbouleh,with Crunchy Greens','90.00',1
3162,Sweet Pepper Chicken Panzenella,'100.00','D-64fe86686bdf5',1
3163,Coconut Raspberry Attack,'65.00','D-64fe86f8b0f3d',1
3164,Bunny The Rabbit( Carrot,Ginger,Basil,'Null'
3165,Wood Fried Onion & Nuts Stuffed Chicken Tarrine,'120.00','D-64fe87f776c3e',1
3166,Iced Americano,'120.00','D-64fe88ec2bbae',NULL
3167,Jamaican Spiced Prawns,Sweet Potato Mash','150.00',1
3168,Cottage Cheese & Exotic Vegetable Lasagne,'100.00','D-64fe8bcc4bdd5',1
3169,Batata Vada Pav,'45.00','D-64fe9138ba244',NULL
3170,Onion Kulcha With Chole,'45.00','D-64fe91d895a9f',NULL
3171,Onion Kulcha With Chole,'45.00','D-64fe925947e9f',NULL
3172,Onion Kulcha With Chole,'45.00','D-64fe92b96b893',NULL
3173,Bunny The Rabbit( Carrot,Ginger,Basil,'Null'
3174,Peanut Butter,Granola & Chia Parfait','100.00',1
3175,Dry Fruit & Chia Lassi,'50.00','D-64fe974882b5b',1
3176,Chatpata Jaljeera,'50.00','D-64fe97ddcdf10',1
3177,Jeera Masala Chaas,'30.00','D-64fe983d6070e',1
3178,Banana Raspberry Milk Shake,'50.00','D-64fe992dc60ad',1
3179,Chicken Fry,'75.00','D-64fe9a78329d9',NULL
3180,Chicken Fry,'75.00','D-64fe9aaa24bd9',NULL
3181,Chicken Fry,'75.00','D-64fe9ae92c312',NULL
3182,Onion Kulcha With Chole,'45.00','D-64fe9b29458b1',NULL
3183,Matar Paneer Paratha,'45.00','D-64fe9fd603555',NULL
3184,Matar Paneer Paratha,'45.00','D-64fea037ea9d5',NULL
3185,Matar Paneer Paratha,'45.00','D-64fea08b9fb12',NULL
3186,Matar Paneer Paratha,'45.00','D-64fea0c5ef0b3',NULL
3187,Iced Latte Tiramisu,'150.00','D-64fea5ae9108b',NULL
3188,Iced Latte Roasted Hazelnut,'150.00','D-64fea5ec53152',NULL
3189,Ice Tea Peach,'140.00','D-64fea635ba3c8',NULL
3190,Ice Tea Masala,'140.00','D-64fea671e5935',NULL
3191,Chicken Pop,'75.00','D-64fea6d1d6e33',NULL
3192,Chicken Pop,'75.00','D-64fea7064307a',NULL
3193,Chicken Pop,'75.00','D-64fea7787afdb',NULL
3194,Chicken Pop,'75.00','D-64fea7babbd20',NULL
3195,Veg Lunch Box,'578.00','D-64fec3979f3f7',NULL
3196,Non Veg Lunch Box,'683.00','D-64fec435ea72a',NULL
3197,Onion Bonda,'45.00','D-64feded83f996',NULL
3198,Sheera,'45.00','D-64fedfbe0f721',NULL
3199,Sheera,'45.00','D-64fee001758d2',NULL
3200,Kolkota Chowmein,'45.00','D-64fee086c5c91',NULL
3201,Kolkota Chowmein,'45.00','D-64fee0e6ee4f8',NULL
3202,Kolkota Chowmein,'45.00','D-64fee12259e43',NULL
3203,Chicken Dry Chatpat,'60.00','D-64feee16d3e98',NULL
3204,Corn Cheese Nuggets,'40.00','D-64feef429333b',NULL
3205,Masala Poha,'45.00','D-64ffb3f54f36f',NULL
3206,Masala Poha,'45.00','D-64ffb4354f3f1',NULL
3207,Masala Poha,'45.00','D-64ffb4897b530',NULL
3208,Tomato Upma,'45.00','D-64ffb4fca30f5',NULL
3209,Methi Kulcha With Aloo Bhaji,'45.00','D-64ffb57d2812b',NULL
3210,Veg Machurian Roll,'45.00','D-64ffcb0b6cfe2',NULL
3211,Veg Machurian Roll,'45.00','D-64ffcb760e01c',NULL
3212,Veg Machurian Roll,'45.00','D-64ffcbbb4ea9f',NULL
3213,Veg Machurian Roll,'45.00','D-64ffcc0849293',NULL
3214,Aloo Rassa With Puri,'45.00','D-64ffcc91d89ff',NULL
3215,Aloo Rassa With Puri,'45.00','D-64ffccd09f5c4',NULL
3216,Veg Rendang Curry With Noodles,'100.00','D-64ffec122bd87',NULL
3217,Crumb Fried Chicken,'75.00','D-64fff889b5b34',NULL
3218,Crumb Fried Chicken,'75.00','D-64fff8eaadf70',NULL
3219,Crumb Fried Chicken,'75.00','D-64fff93951dc2',NULL
3220,Crumb Fried Chicken,'75.00','D-64fff9805122a',NULL
3221,Grilled Paneer Meal,'115.00','D-64fffe6bb4b95',NULL
3222,Grilled Chicken Meal,'135.00','D-64fffeb063541',NULL
3223,Mughlai Chicken Biryani,'125.00','D-6500015f041b5',NULL
3224,Mix Veg Bhajia,'45.00','D-65002f68a090f',NULL
3225,Mix Veg Bhajia,'45.00','D-65002f9e60ef2',NULL
3226,Mix Veg Bhajia,'45.00','D-65002fe246a32',NULL
3227,Mix Veg Bhajia,'45.00','D-65003018b5295',NULL
3228,Aloo Rassa With Puri,'45.00','D-650036d881aa9',NULL
3229,Aloo Rassa With Puri,'45.00','D-65003729cbd33',NULL
3230,TOMATO BATH,'45.00','D-65003ad1c9742',NULL
3231,Asparagus & Summer Vegetable Salad,'90.00','D-650095cb84a4f',1
3232,Super Food Citrus Quinoa & Roasted Chicken Salad,'100.00','D-6500973ee82f0',1
3233,Leafy Green Goddess Shots,'25.00','D-6500b682b450e',1
3234,Leafy Green Goddess Shots,'25.00','D-6500b682b450e',1
3235,Carrot and Turmeric Shots,'25.00','D-6500b6edc660e',1
3236,Muskmelon Celery & Ginger Shot,'25.00','D-6500b7370eadd',1
3237,Beetroot Apple & Basil Shots,'25.00','D-6500b787895d8',1
3238,Prawns Pasta In Red Sauce,'140.00','D-6500be72820bd',NULL
3239,Aloo Kaddu Ki Sabji And Puri,'45.00','D-650106f14705c',NULL
3240,Kanda Bhaji Pav,'45.00','D-650108623c8f3',NULL
3241,Kanda Bhaji Pav,'45.00','D-650108961255a',NULL
3242,Kanda Bhaji Pav,'45.00','D-650108e9267e8',NULL
3243,Kanda Bhaji Pav,'45.00','D-6501091b1502d',NULL
3244,Masala Cheese Omlette,'60.00','D-65010a5cb45fc',NULL
3245,Plain Cheese Omelette,'60.00','D-65010b016a284',NULL
3246,Batata Pakoda,'45.00','D-65012bf24ff1c',NULL
3247,Batata Pakoda,'45.00','D-65012c56bf1d1',NULL
3248,Batata Pakoda,'45.00','D-65012caa844a5',NULL
3249,Machurian Frankie,'45.00','D-65012d62ad5c3',NULL
3250,Machurian Frankie,'45.00','D-65012d9a9d266',NULL
3251,Machurian Frankie,'45.00','D-65012ddd73fc8',NULL
3252,Pindi Chana With Stuff Beetroot Kulcha,'45.00','D-650149c5106f2',NULL
3253,Pindi Chana With Stuff Beetroot Kulcha,'45.00','D-65014a2b503d1',NULL
3254,Pindi Chana With Beetroot Kulcha,'45.00','D-65014a8b63906',NULL
3255,Pindi Chana With Beetroot Kulcha,'45.00','D-65014acc4a716',NULL
3256,Palak Wada,'45.00','D-65014ee65193b',NULL
3257,Palak Wada,'45.00','D-65014f3b16bfa',NULL
3258,Vegetable Khichadi,'45.00','D-65014f903cff2',NULL
3259,Green Peas Upma,'45.00','D-65014fee057f6',NULL
3260,Green Peas Upma,'45.00','D-6501503ae23d7',NULL
3261,Mediterranian Chickpea Salad,'90.00','D-65015cbbd849e',1
3262,Garlic Rubbed Braised Prawns,'150.00','D-65015d2bea543',1
3263,Chicken Pasta With Soya Bolognese,'120.00','D-65015ea7952d2',NULL
3264,Potato Chips,'20.00','D-65015ee85d440',NULL
3265,Extra Cheese (Xpress),'20.00','D-65015f28763fb',NULL
3266,Tadka Idli,'45.00','D-650177b7ee031',NULL
3267,Coconut Poha,'45.00','D-65017828a1abf',NULL
3268,Coconut Poha,'45.00','D-65017867677fe',NULL
3269,Anda Curry With Rice,'75.00','D-650178a4a9916',NULL
3270,Coconut Poha,'45.00','D-650178dbeeca4',NULL
3271,Aloo Kulcha And Mutter Ki Bhaji,'45.00','D-6501797b2eebe',NULL
3272,jamaican spice rubbed Prawn olive citrus cous cous,'150.00','D-650178f66e5b1',NULL
3273,Aloo Kulcha And Mutter Ki Bhaji,'45.00','D-650179d2770fc',NULL
3274,Aloo Kulcha And Mutter Ki Bhaji,'45.00','D-65017a06a9aa6',NULL
3275,Aloo Kulcha And Mutter Ki Bhaji,'45.00','D-65017a501d0cc',NULL
3276,Ice Tea Roasted Hazelnut,'140.00','D-65017a501d0cc',NULL
3277,Dadpe Pohe,'45.00','D-65018953686b3',NULL
3278,Dadpe Pohe,'45.00','D-65018977334e5',NULL
3279,Dadpe Pohe,'45.00','D-65018999f37d4',NULL
3280,Mix Veg Paratha With Cheese,'65.00','D-650189df51b67',NULL
3281,Manchurian Frankie,'45.00','D-6501cdbea2925',NULL
3282,Manchurian Frankie,'45.00','D-6501ce345dd45',NULL
3283,Manchurian Frankie,'45.00','D-6501e3d00509e',NULL
3284,Veg &Noodle Spring Roll,'45.00','D-650207cccfab6',NULL
3285,Street Style Hakka Noodle,'45.00','D-65020822d5642',NULL
3286,Veg &Noodle Spring Roll,'45.00','D-6502086230fc9',NULL
3287,Chicken Spring Roll,'90.00','D-650208aee17f6',NULL
3288,Onion Wada,'45.00','D-650256aac4baa',NULL
3289,Onion Wada,'45.00','D-650256e54b1b0',NULL
3290,Onion Wada,'45.00','D-6502573656b75',NULL
3291,Veg Malabar Biryani,'90.00','D-650259c8d5514',NULL
3292,Chicken Malabar Biryani,'125.00','D-65025a1885057',NULL
3293,Bottle Gourd & lemongrass juice,'50.00','D-65026e2bd2d6d',NULL
3294,Bittergourd & ginger shots,'25.00','D-65026ef9738df',NULL
3295,Gooseberry & Galangal shots,'25.00','D-65026f54e6f00',NULL
3296,Guava & Bird Eye Chilli Shots,'25.00','D-65026f9902db9',NULL
3297,Green Peas Upma,'45.00','D-6502765a27da6',NULL
3298,Veg Pongal,'45.00','D-650276ae8f85e',NULL
3299,Masala Poha,'45.00','D-6502775d26f98',NULL
3300,Paneer Chilli Roll,'45.00','D-650277959dee0',NULL
3301,Paneer Chilli Roll,'45.00','D-650277ce699e5',NULL
3302,Paneer Chilli Roll,'45.00','D-650277f68bc40',NULL
3303,Paneer Chilli Dry,'100.00','D-6502783213a8d',NULL
3304,Makhana Aloo Ki Sabji And Puri,'45.00','D-65027876cd702',NULL
3305,Makhana Aloo Ki Sabji And Puri,'45.00','D-650278af05c92',NULL
3306,Makhana Aloo Ki Sabji And Puri,'45.00','D-650278d6243a6',NULL
3307,Makhana Aloo Ki Sabji And Puri,'45.00','D-650278ff1e16b',NULL
3308,Vada Pav Slider,'45.00','D-65027e9284557',NULL
3309,Cottage Cheese Hot Dog,'45.00','D-65027ed95b358',NULL
3310,Vada Pav,'45.00','D-65027f2703994',NULL
3311,Pepper Fried Chicken Wings,'75.00','D-65029f107cca1',NULL
3312,Vegetable Khichadi,'45.00','D-65029f623ccd4',NULL
3313,Vegetable Khichadi,'45.00','D-65029fb37dc4b',NULL
3314,Vegetable Khichadi,'45.00','D-6502a014c1388',NULL
3315,Poha,'40.00','D-6502d9b4e8684',NULL
3316,Chicken Sukka,'60.00','D-6502dafb38aed',NULL
3317,Mutton Biryani,'100.00','D-6503318075a4d',NULL
3318,Lemon Seviyan Upma,'45.00','D-6503a7f0671d8',NULL
3319,Lemon Seviyan Upma,'45.00','D-6503a82c935a3',NULL
3320,Lemon Seviyan Upma,'45.00','D-6503a85c21e2e',NULL
3321,Ambur Tofu Biryani,'90.00','D-6503af535c7a9',NULL
3322,Palak Cabbage Pakoda,'45.00','D-6503ce8a6778a',NULL
3323,Palak Cabbage Pakoda,'45.00','D-6503ced29384e',NULL
3324,Palak Cabbage Pakoda,'45.00','D-6503cefaa0c5a',NULL
3325,Green Peas Paratha,'45.00','D-6503cf4088ddc',NULL
3326,Vegetable Roll,'45.00','D-6503cf8ea4a15',NULL
3327,Vegetable Roll,'45.00','D-6503cfc2b5509',NULL
3328,Vegetable Roll,'45.00','D-6503cfef383de',NULL
3329,Paneer Fajita Tacos,'130.00','D-6503d0638af44',NULL
3330,jalapeno cheese poppers,'40.00','D-65042f9a0ed9c',NULL
3331,Paneer Roll,'45.00','D-65049136c39ab',NULL
3332,Paneer Roll,'45.00','D-650491939ac89',NULL
3333,Paneer Roll,'45.00','D-650491e6638bf',NULL
3334,Onion Uttapam,'45.00','D-65050de33e3b8',NULL
3335,Puri Aloo Bhaji,'45.00','D-6505de1f8c3b3',NULL
3336,Anda Bhurjee,'45.00','D-650663b5a61e4',NULL
3337,Veg Meal,'75.00','D-65069f5102307',NULL
3338,Non Veg Meal,'85.00','D-65069f96daa97',NULL
3339,Puri Bhaji,'45.00','D-6506d2ec38402',NULL
3340,Idli,'45.00','D-6506d34267f8b',NULL
3341,Aloo Palak Pyaz Pakoda,'45.00','D-650740f588b5c',NULL
3342,Jeera Wada,'45.00','D-650741e012b95',NULL
3343,Jowar Ki Khichdi,'45.00','D-65076f53ab1a9',NULL
3344,Masala Upma,'45.00','D-65079e1124fda',NULL
3345,Masala Upma,'45.00','D-65079e449fd54',NULL
3346,Masala Upma,'45.00','D-65079e86b51c2',NULL
3347,Guntur Veg Biryani,'90.00','D-6507a395075b0',NULL
3348,Guntur Chicken Biryani,'125.00','D-6507a3d56567b',NULL
3349,Classic Insalata Horiatiki,'90.00','D-6507b52454f2d',NULL
3350,Chicken Hawaiian Salad,'100.00','D-6507b5da2fa5c',NULL
3351,Paneer Tikka,Crunchy onions','75.00',1
3352,Classic Chicken Pepproni,'90.00','D-6507b75442177',NULL
3353,Salted Butter Milk,'50.00','D-6507b85c57554',NULL
3354,Smoked leek & Mushroom Vol-u-vent,'40.00','D-6507ba1ce3541',NULL
3355,Veg Meal Bowl,'90.00','D-6507e2b84fb45',NULL
3356,Non Veg Meal in Bowl,'100.00','D-6507e381189aa',NULL
3357,Vada Pav,'45.00','D-6507e63fbec01',NULL
3358,Batata Poha,'45.00','D-6507e69baf3fc',NULL
3359,MASALA VADA,'40.00','D-65082b4649696',NULL
3360,Paneer Kulcha And  Makhana Aloo Ki Sabji,'45.00','D-6509315a8cb7f',NULL
3361,Paneer Kulcha And  Makhana Aloo Ki Sabji,'45.00','D-650932b561d30',NULL
3362,Paneer Kulcha And  Makhana Aloo Ki Sabji,'45.00','D-650932fd6aaa2',NULL
3363,Paneer Kulcha And  Makhana Aloo Ki Sabji,'45.00','D-65093339d512f',NULL
3364,Vegetable Kathi Roll,'45.00','D-650959d6cda3f',NULL
3365,Vegetable Kathi Roll,'45.00','D-65095a1759238',NULL
3366,Vegetable Kathi Roll,'45.00','D-65095a45b04f4',NULL
3367,Rawa Uppitu,'45.00','D-650a3fc2adafe',NULL
3368,Rawa Uppitu,'45.00','D-650a3ff9daee1',NULL
3369,Rawa Uppitu,'45.00','D-650a4022e22a2',NULL
3370,Batata Pakoda,'45.00','D-650a60efe5791',NULL
3371,Cold Brew - Citrus,'140.00','D-650a62fd93601',NULL
3372,Cold Brew - Cranberry,'140.00','D-650a6338cdb67',NULL
3373,Banana wild Honey smoothie,'65.00','D-650a69b2ded1e',NULL
3374,Dried Berry & almond Granola Parfait,'100.00','D-650a6a61b3e94',NULL
3375,Chipotle Grilled Chicken,Green Pea Parmesan nage','120.00',1
3376,Braised Prawns,Garlic Mash,Seafood Bisque',NULL
3377,Grilled Cottage Cheese Steak with Olives Tapenade,'100.00','D-650a91fbca739',NULL
3378,Cold Brew,'115.00','D-650ab6baa1d9e',1
3379,Cold Brew,'115.00','D-650ab6baa1d9e',NULL
3380,POUR OVER COFFEE,'95.00','D-650ab6fca9308',NULL
3381,Masala Kulcha And Gobhi Aloo Sabji,'45.00','D-650ac1df8c4ac',NULL
3382,Masala Kulcha And Gobhi Aloo Sabji,'45.00','D-650ac222c1a29',NULL
3383,Masala Kulcha And Gobhi Aloo Sabji,'45.00','D-650ac24debb38',NULL
3384,Masala Kulcha And Gobhi Aloo Sabji,'45.00','D-650ac2785ac39',NULL
3385,GHEE ROAST CHICKEN,'60.00','D-650acd3762371',NULL
3386,GHEE ROAST CHICKEN,'60.00','D-650ace47addbf',NULL
3387,GOLLI BAJJI,'40.00','D-650acf1ebc3b5',NULL
3388,GHEE ROAST,'60.00','D-650ad08a7f6ad',NULL
3389,GHEE ROAST CHICKEN,'60.00','D-650ad0e6f099a',NULL
3390,GHEE ROAST CHICKEN,'60.00','D-650ad0e6f099a',NULL
3391,MASALA RICE BATH,'40.00','D-650ad184581ea',NULL
3392,Aloo Poha,'45.00','D-650b0fc275880',NULL
3393,Aloo Poha,'45.00','D-650b1004dbd9a',NULL
3394,Aloo Poha,'45.00','D-650b104424658',NULL
3395,Palak Cabbage Pakoda,'45.00','D-650b92e8dfc18',NULL
3396,Capsicum Idli,'45.00','D-650b933525cd1',NULL
3397,Garlic Fried Chicken,'75.00','D-650b93a38c65f',NULL
3398,Garlic Fried Chicken,'75.00','D-650b93e36fb8b',NULL
3399,Garlic Fried Chicken,'75.00','D-650b940ca8b29',NULL
3400,Garlic Fried Chicken,'75.00','D-650b943c63b46',NULL
3401,Grilled Cottage Cheese Steak with Olive tapenade.,'100.00','D-650be684e2e60',NULL
3402,Gobhi Ka Kulcha And Aloo Rassa,'45.00','D-650ce57631a8e',NULL
3403,Gobhi Ka Kulcha And Aloo Rassa,'45.00','D-650ce5c1539cd',NULL
3404,Gobhi Ka Kulcha And Aloo Rassa,'45.00','D-650ce5ea1892d',NULL
3405,Mutter Upma,'45.00','D-650ce729bfd3e',NULL
3406,Mutter Upma,'45.00','D-650ce7655c5cd',NULL
3407,Mutter Upma,'45.00','D-650ce79225f15',NULL
3408,Mutter Upma,'45.00','D-650ce7f7d05e4',NULL
3409,Vegetable Poha,'45.00','D-650d073bc04da',NULL
3410,Vegetable Poha,'45.00','D-650d078141c99',NULL
3411,Vegetable Poha,'45.00','D-650d08205d7c2',NULL
3412,Honey Mustard Smoked Chicken Croissant,'220.00','D-650d6684a8761',NULL
3413,METI DRY CHICKEN,'60.00','D-650d687ceb367',NULL
3414,METI DRY CHICKEN,'60.00','D-650d68c599d34',NULL
3415,METI DRY CHICKEN,'60.00','D-650d6986e45ec',NULL
3416,BADAM MILK,'22.00','D-650d94c8cb5ad',0
3417,Kesari Bhaat,'45.00','D-650e351259aff',NULL
3418,Uttappam,'45.00','D-650e35ec69b34',NULL
3419,Egg Bhurji,'50.00','D-650e4be8bd7b3',NULL
3420,Cappuccino Demi,'70.00','D-650eb07c0784a',0
3421,Cappuccino Demi - Vanilla,'80.00','D-650eb184d0ae7',NULL
3422,Cappuccino Demi - Caramel,'80.00','D-650eb2b7ab02b',NULL
3423,Takeaway Barley Greek Garden Salad Non-Veg,'110.00','D-650eb303b5557',NULL
3424,Latte Demi - Plain,'70.00','D-650eb35b64510',0
3425,Latte Demi - Vanilla,'80.00','D-650eb39bb7a9c',NULL
3426,Latte Demi - Caramel,'80.00','D-650eb3e199991',NULL
3427,Takeaway Barley Greek Garden Salad Veg,'100.00','D-650eb4228d4d4',NULL
3428,Pour Over,'140.00','D-650eb54e87737',NULL
3429,French Press,'110.00','D-650eb59fe4247',NULL
3430,Vietnamese Iced Coffee,'170.00','D-650eb6034387e',NULL
3431,Matcha Latte Hot,'150.00','D-650eb6a506e06',NULL
3432,Biscoff Latte Hot,'150.00','D-650eb747b2838',NULL
3433,Signature Hot Chocolate,'150.00','D-650eb7c42ef3f',NULL
3434,Blue Vanilla Frappe,'150.00','D-650eb8002e6df',NULL
3435,Strawberry Colada Frappe,'150.00','D-650eb86255076',NULL
3436,Berry Blast Frappe,'160.00','D-650eb8b5a8ef2',NULL
3437,Hazelnut Iced Tea,'130.00','D-650eb905a68de',NULL
3438,Matcha Latte Frappe,'150.00','D-650eb96bdfa80',NULL
3439,Potato Peanut Poha,'45.00','D-650ef9c6e67f2',NULL
3440,Egg Bhurjee Pav,'50.00','D-650efa0d34572',NULL
3441,Uttapam,'45.00','D-650f94dd95d49',NULL
3442,Veg Meal,'75.00','D-650fd12f914e7',NULL
3443,Non Veg Meal,'85.00','D-650fd16e52622',NULL
3444,Jeera Wada,'45.00','D-65100ce79fd3d',NULL
3445,Masala egg bhurji on tost,'60.00','D-6510e2a33e03e',NULL
3446,Mexican Tart,'50.00','D-6510e3759b2d6',NULL
3447,Wood fried garlic rubbed potato,'40.00','D-6510e40d0b834',NULL
3448,Boiled eggs,'22.00','D-6510e9534ee60',NULL
3449,Americano Demi,'70.00','D-6510ecf61bc61',0
3450,Aloo Tikki Burger,'130.00','D-65112149269ff',0
3451,Desi Chinese Noodle Burger,'130.00','D-651121ac81b7c',0
3452,Aloo Kanda Bhaji And Agra Bedmi Puri,'45.00','D-651228c74a283',NULL
3453,Aloo Kanda Bhaji And Agra Bedmi Puri,'45.00','D-6512291ff3ed9',NULL
3454,Aloo Kanda Bhaji And Agra Bedmi Puri,'45.00','D-651229506b559',NULL
3455,Sprout Tadke wali,'45.00','D-651250178d49e',NULL
3456,Sprout Tadke wali,'45.00','D-6512506035d60',NULL
3457,Sprout Tadke wali,'45.00','D-65125099efcb1',NULL
3458,White Chocolate Cranberry Muffins,'100.00','D-651285f765289',NULL
3459,Special - Aloo Chola Chaat,'65.00','D-6512a84185aeb',NULL
3460,Onion Kulcha And Chana Masala Dry,'45.00','D-6512ae55cde8f',NULL
3461,Onion Kulcha And Chana Masala Dry,'45.00','D-6512ae96d1e69',NULL
3462,Onion Kulcha And Chana Masala Dry,'45.00','D-6512aefa9f640',NULL
3463,Paneer Butter Garlic Dry,'100.00','D-6512af343554d',NULL
3464,Aloo Cheese Paratha,'65.00','D-65137d773d7ff',NULL
3465,Aloo Chop,'45.00','D-65137dbc8d2e0',NULL
3466,Aloo Chop,'45.00','D-65137e1dec56f',NULL
3467,Vegetable Burger,'45.00','D-6513810e12ccd',NULL
3468,Vegetable Burger,'45.00','D-6513816985af7',NULL
3469,Vegetable Burger,'45.00','D-651381d2a97c7',NULL
3470,Macroni Pasta With Chicken Cheese Sauce,'120.00','D-65138209c91d9',NULL
3471,Tomato idly,'40.00','D-6513838ae7102',NULL
3472,Special - Nachos Chaat,'65.00','D-65155b4fdb00c',NULL
3473,Chole samosa chaat,'45.00','D-651565241a2c7',NULL
3474,Masala Mutter Kulcha,'45.00','D-65161fc5a8687',NULL
3475,Masala Mutter Kulcha,'45.00','D-65162003098ca',NULL
3476,Masala Mutter Kulcha,'45.00','D-6516203202c32',NULL
3477,Masala Mutter Kulcha,'45.00','D-6516208309662',NULL
3478,Daliya Upma,'45.00','D-6516ad941150f',NULL
3479,Masala Omelette,'50.00','D-6516ad941150f',NULL
3480,Aloo Bhaji With Ajwaine Paratha,'45.00','D-651776d2823de',NULL
3481,Upma,'45.00','D-6517de08a4bea',NULL
3482,Egg Bhurji WITH CHAPATI,'50.00','D-6517faefc3f1d',1
3483,Egg Bhurji WITH CHAPATI,'55.00','D-6517fb2ebcf6e',1
3484,DummyThali Veg,'75.00','D-6519058741c13',NULL
3485,South Indian Thali Non-Veg,'90.00','D-651905b3b38c8',NULL
3486,Puri Bhaji,'45.00','D-651a175592ca3',NULL
3487,Chicken Dum Biryani,'125.00','D-651a6807a5b69',NULL
3488,Batata Vada,'30.00','D-651b8be811299',NULL
3489,Batata Vada,'30.00','D-651b8c2936df1',NULL
3490,Batate Ka Rassa And Puri,'45.00','D-651b8ebd2a4a8',NULL
3491,Overloaded Chicken Pepperoni & Cheese Sandwich,'90.00','D-651bab8a5c6e8',NULL
3492,Grilled Chicken Terrine Dusted With Peri Peri,Pea','120.00',1
3493,Dill Scented Seared Prawns,Garlic Mash,Saffron',NULL
3494,Overloaded chicken Pepperoni & Cheese Sandwich,'90.00','D-651bb2e06c016',NULL
3495,Chole Mutter & Puri,'45.00','D-651bdce34227d',NULL
3496,Chole Mutter & Puri,'45.00','D-651bdd18628ef',NULL
3497,Chole Mutter & Puri,'45.00','D-651bdd4ea0a63',NULL
3498,Chole Mutter & Puri,'45.00','D-651bdd8d3492b',NULL
3499,Paprika Dusted Potato wedges,'40.00','D-651bff1ea4bad',NULL
3500,Batate Ka Rassa & Methi Puri,'45.00','D-651cb778b2bb9',NULL
3501,Batate Ka Rassa & Methi Puri,'45.00','D-651cb7b618e81',NULL
3502,Batate Ka Rassa & Methi Puri,'45.00','D-651cb7eccebd0',NULL
3503,Batate Ka Rassa & Methi Puri,'45.00','D-651cb81be2089',NULL
3504,Tomato Bhaat,'45.00','D-651cb85500fa0',NULL
3505,Tomato Bhaat,'45.00','D-651cb8f976f58',NULL
3506,Tomato Bhaat,'45.00','D-651cb9bab7e11',NULL
3507,Jalebi Fafda,'45.00','D-651cbd4a1ddfa',0
3508,Lobia Masala Pav,'45.00','D-651cbd881e26c',NULL
3509,Lobia Masala Pav,'45.00','D-651cbdb83f3fe',NULL
3510,Lobia Masala Pav,'45.00','D-651cbdf1b52a6',NULL
3511,Aloo Paratha,'55.00','D-651cd42fa7c98',NULL
3512,Cheese Paratha,'45.00','D-651cf80825476',NULL
3513,Cheese Paratha,'45.00','D-651cf86c38cb0',NULL
3514,Cheese Paratha,'45.00','D-651cf8bd00469',NULL
3515,Cheese Paratha,'45.00','D-651cf8e94f60a',NULL
3516,Dal Kachori with Aloo Bhaji,'45.00','D-651cfd724d5fc',0
3517,Dal Kachori,'45.00','D-651cfd9ec597c',NULL
3518,Dal Kachori with Aloo Bhaji,'45.00','D-651cfde10e630',0
3519,Kabuli Chana With Kulcha,'45.00','D-651e093e8621e',NULL
3520,Kabuli Chana With Kulcha,'45.00','D-651e0993cd2fc',NULL
3521,Kabuli Chana With Kulcha,'45.00','D-651e09c2e929c',NULL
3522,Sago Idli,'45.00','D-651e0c0ce96b6',NULL
3523,Sago Idli,'45.00','D-651e0c3cc60c4',NULL
3524,Paneer Paratha With Cheese,'65.00','D-651e0c9e857a4',NULL
3525,Sago Idli,'45.00','D-651e0cc907467',NULL
3526,Nagpuri Saoji Misal Pav,'45.00','D-651e0d1f1b861',0
3527,Nagpuri Usal Pav,'45.00','D-651e0d59a7bb5',NULL
3528,Nagpuri Saoji Misal Pav,'45.00','D-651e0d837d364',0
3529,Nagpuri Usal Pav,'45.00','D-651e0dae67dcc',NULL
3530,Aloo Methi Paratha,'45.00','D-651e0df514ba0',NULL
3531,Aloo Methi Paratha,'45.00','D-651e0e2b552cd',NULL
3532,Aloo Methi Paratha,'45.00','D-651e0e5562d3c',NULL
3533,Aloo Methi Paratha,'45.00','D-651e0e850d030',NULL
3534,Eggs Over Easy,'60.00','D-651e196bf04fb',1
3535,Aloo Peanut Poha,'45.00','D-651e6534d5ca1',NULL
3536,Gobhi Manchurian,'45.00','D-651e6534d5ca1',NULL
3537,Teekha Shimla MIrchi Chaat,'40.00','D-651e8c3d66ff9',NULL
3538,Bento Lunch,'867.00','D-651ea55524a6d',NULL
3539,Non Veg Bento Box,'650.00','D-651ea59217ab6',NULL
3540,Bhel Puri,'45.00','D-651ea635e51ce',NULL
3541,Soya kheema With Puri,'45.00','D-651fe27e2a996',NULL
3542,Soya kheema With Puri,'45.00','D-651fe2a7301e5',NULL
3543,Soya Kheema Samosa,'45.00','D-651fe46ed87cf',NULL
3544,Soya kheema With Puri,'45.00','D-651fe4a761a6c',NULL
3545,Soya kheema With Puri,'45.00','D-651fe4edd6a17',NULL
3546,Cheese Balls,'45.00','D-65228781c4b9a',NULL
3547,Suji Upma,'45.00','D-65229b2419b6e',NULL
3548,Suji Upma,'45.00','D-6522a0540f457',NULL
3549,Suji Upma,'45.00','D-6522a10902ef6',NULL
3550,Suji Upma,'45.00','D-6522a1b60a0ab',NULL
3551,Bisebellebhat,'45.00','D-6522a538803e8',NULL
3552,Vangi bath,'45.00','D-65235b06a294b',0
3553,Italian Pizza crostini,'50.00','D-65235d434c71a',1
3554,Hash brown potatos,'40.00','D-65235dba213e3',1
3555,Aloo Peanut Poha,'45.00','D-6523605b053a1',NULL
3556,Aloo Peanut Poha,'45.00','D-652360d78d154',NULL
3557,Aloo Peanut Poha,'45.00','D-6523610341765',NULL
3558,Indian Thali Veg,'80.00','D-65237c8d509a9',NULL
3559,Indian Thali Non-Veg,'90.00','D-65237cf6c8de1',NULL
3560,Indian Thali Combo Veg,'60.00','D-65237d548ba7c',NULL
3561,Indian Thali Combo Non-Veg,'70.00','D-65237d9331530',0
3562,Special-Ros Omelette,'60.00','D-65237d9331530',NULL
3563,Kadhi Kachori,'45.00','D-65238989e0a77',NULL
3564,Idli Sambhar,'45.00','D-652389ba3c945',NULL
3565,Idli Sambhar,'45.00','D-652389e735b59',NULL
3566,Idli Sambhar,'45.00','D-65238a12df942',NULL
3567,Idli Sambhar,'45.00','D-65238a38a2e76',NULL
3568,Matar With Kulcha,'45.00','D-65238a6b0b8ee',NULL
3569,Amritsari Chana With Kulcha,'45.00','D-65238a97b7ce4',NULL
3570,Matar With Kulcha,'45.00','D-65238abc8c68d',NULL
3571,Matar With Kulcha,'45.00','D-65238af6cbeee',NULL
3572,Green Goddess,'65.00','D-6523963fd26b8',NULL
3573,Paneer Kung Pao Sauce,'80.00','D-6523963e3c3ce',NULL
3574,Panner Chilli Garlic Dry,'100.00','D-652396a5baf22',NULL
3575,Chole Kulcha With Dry Aloo,'45.00','D-652396e5ac480',NULL
3576,Chole Kulcha With Dry Aloo,'45.00','D-6523973f5ae0d',NULL
3577,Grilled Chicken with Greenpeas mash toasted veggie,'120.00','D-652398ebc9031',NULL
3578,Non veg combo,'60.00','D-6523ab25ecef1',NULL
3579,Non veg combo,'60.00','D-6523ac7f3370f',NULL
3580,Dilli Style Puri Sabji,'45.00','D-6523c724b9a51',NULL
3581,Puliyogare,'45.00','D-6524ab8cbf8f9',1
3582,Corn idli,'40.00','D-6524abec17775',1
3583,Ulundu bonda,'40.00','D-6524ac1c0f4db',1
3584,Bhajji Pav,'45.00','D-6524b82e36e7b',NULL
3585,Bhajji Pav,'45.00','D-6524b857f1ec8',NULL
3586,Bhajji Pav,'45.00','D-6524b87d0b3b7',NULL
3587,Bhajji Pav,'45.00','D-6524b8ad9018a',NULL
3588,Aloo Dhaniya Paratha,'45.00','D-6524b9214091d',NULL
3589,Aloo Dhaniya Paratha,'45.00','D-6524b94d1051b',NULL
3590,Aloo Dhaniya Paratha,'45.00','D-6524b9786e65e',NULL
3591,Aloo Dhaniya Paratha,'45.00','D-6524b9a6f199c',NULL
3592,Gobhi Manchurian,'45.00','D-6524ba993eeeb',NULL
3593,Gobhi Manchurian,'45.00','D-6524babd6a100',NULL
3594,Gobhi Manchurian,'45.00','D-6524bae706f4c',NULL
3595,Asian Green and With Toasted Cous Cous,'100.00','D-6524eb99c8402',NULL
3596,Ginger Tea,'18.00','D-652562eeb0280',0
3597,Millet Idli,'40.00','D-6525fb2ca9b3a',1
3598,Keerai bonda,'45.00','D-6525fb693e348',0
3599,Vada Usal Pav,'45.00','D-652615fea1375',NULL
3600,Mixed veg Bhaji,'40.00','D-6526787732c29',NULL
3601,Chitranna,'45.00','D-65275886579e3',0
3602,Carrot Idly,'40.00','D-652758cced43d',NULL
3603,Punugulu,'45.00','D-652759b5908a8',0
3604,Beetroot idli,'40.00','D-65289ca25a0f7',1
3605,Lemon Rice,'40.00','D-65289cd33c7a1',1
3606,Lemon Poha,'40.00','D-65289cd33c7a1',1
3607,Poha,'45.00','D-65289d02cf631',0
3608,Tomato Bhaat,'45.00','D-6528a034ba631',NULL
3609,Crispy Veegie Bites,'40.00','D-65291a5fd4954',NULL
3610,Crispy Veegie Bites,'40.00','D-65291a91b238c',NULL
3611,Crispy Veegie Bites,'40.00','D-65291abe5ffc3',NULL
3612,Paneer Manchurian Sauce,'100.00','D-652924dc74cf8',NULL
3613,Uttapam,'45.00','D-652924dc74cf8',NULL
3614,Corn Uttapam,'45.00','D-6529271d2b2ed',NULL
3615,Cardamom Tea,'15.00','D-652927cc43d7b',NULL
3616,Cardamom Tea,'15.00','D-65292928b93cb',NULL
3617,Masala omelette,'55.00','D-652926830d320',NULL
3618,Steamed Peanut Chaat,'45.00','D-652932d576475',NULL
3619,Aloo Bhaji,'45.00','D-65298a153590d',NULL
3620,Mutter Paneer Paratha,'45.00','D-65298a91d86d9',NULL
3621,Kesari Bath,'45.00','D-652c8fc91a165',1
3622,Podi Idly,'40.00','D-652c9008f3309',NULL
3623,Cajun Spiced baby Potato,'40.00','D-652ca3b93aff9',1
3624,Rosemary scented baby Potato,'40.00','D-652ca3b93aff9',1
3625,Baby Spinach And Creamy Corn Tart,'50.00','D-652ca41e4bd68',1
3626,Spanish Tortilla,'50.00','D-652ca4685964f',1
3627,Berry Blast Pancake & Seeds,'60.00','D-652ca53218918',1
3628,Chicken cacciatore millet pilaf butter tossed veg,'120.00','D-652cd2a7e0a22',NULL
3629,chilli garlic prawns and garlic bread with sauce,'150.00','D-652cd30f78cfb',NULL
3630,Grilled cottage cheese with garlic rubbed veg cous,'100.00','D-652cd4c8d4ea5',NULL
3631,ULLI BONDA,'40.00','D-652d16f5977d4',NULL
3632,Masala Peanut,'45.00','D-652d239fb2781',NULL
3633,Masala Peanut,'45.00','D-652d23d9b769e',NULL
3634,Onion Cabbage Pakoda,'45.00','D-652d2aef0d6a1',NULL
3635,Onion Cabbage Pakoda,'45.00','D-652d2b247129e',NULL
3636,Aloo Sabji And Puri,'45.00','D-652de082607d6',NULL
3637,Subzi Ka Paratha,'45.00','D-652de082607d6',NULL
3638,Add on Chapati,'12.00','D-652e2a3be8113',NULL
3639,Add on Chapati,'10.00','D-652e2b4864b28',NULL
3640,Add on Chapati,'12.00','D-652e2bc1a1a45',NULL
3641,Add on Dessert,'10.00','D-652e2d1d71d1d',NULL
3642,Grilled Fish Meal,'135.00','D-652e3369e61a9',0
3643,Add on Dessert,'12.00','D-652e341591f28',NULL
3644,Add on Dessert,'10.00','D-652e3467702ad',NULL
3645,Add on Dessert,'12.00','D-652e34d71b00d',NULL
3646,Add on Roti,'10.00','D-652e352979ee5',NULL
3647,Add on Dessert,'10.00','D-652e36b3b908d',NULL
3648,Amritsari Chole And Bhature,'45.00','D-652f2c1df2688',NULL
3649,Amritsari Chole And Bhature,'45.00','D-652f2ca1da56f',NULL
3650,Amritsari Chole And Bhature,'45.00','D-652f2cd132e94',NULL
3651,Mangalore Bun,'45.00','D-652f361f32269',0
3652,Tadka Idly,'42.00','D-652f36621ae68',1
3653,Kala Chana Masala With Pyaz Kulcha,'45.00','D-652f37718dbe4',NULL
3654,Kala Chana Masala With Pyaz Kulcha,'45.00','D-652f37ae4ba13',NULL
3655,Kala Chana Masala With Pyaz Kulcha,'45.00','D-652f38217fa39',NULL
3656,Kala Chana Masala With Pyaz Kulcha,'45.00','D-652f385fde603',NULL
3657,Paneer Vegetable Tikka Biryani,'90.00','D-65307f49c2903',NULL
3658,Rava khichdi,'40.00','D-65308d5b0b032',NULL
3659,KARUVEPLLAI VADA,'40.00','D-65308f3498029',NULL
3660,IDLY,'42.00','D-65308fbf2069c',NULL
3661,Chicken Tikka Dum Biryani,'135.00','D-6530e18baf394',0
3662,Aloo Bonda,'40.00','D-65310711ecedc',1
3663,Aloo Bonda,'40.00','D-65310711ecedc',1
3664,Aloo Bonda,'40.00','D-653109f4ccc6c',NULL
3665,Aloo Bonda,'40.00','D-65310a84da6a7',NULL
3666,Masala Puri/Kala Chana Curry,'45.00','D-6531112512605',NULL
3667,Tropicana,'20.00','D-6531115f67b58',NULL
3668,Soya Mutter Kheema With Kulcha,'45.00','D-6531d140d7bee',NULL
3669,Soya Mutter Kheema With Kulcha,'45.00','D-6531d178b044b',NULL
3670,Soya Mutter Kheema With Kulcha,'45.00','D-6531d1a3e3af3',NULL
3671,Poha Idly,'40.00','D-6531db5ede5e8',NULL
3672,MASALA POHA,'40.00','D-653255fb52811',NULL
3673,Veg Pizza Pockets,'40.00','D-65325c6160b44',NULL
3674,Veg Pizza Pockets,'40.00','D-65325ce4d0460',NULL
3675,Veg Pizza Pockets,'40.00','D-65325d20574f6',NULL
3676,Milk Hazelnut Dragee 115 gm,'380.00','D-6534fe8262013',NULL
3677,Sugarfree Hazelnut Dragee 115 gm,'380.00','D-6534fed298867',NULL
3678,Demi Almond Latte,'80.00','D-6534ff0e44a9f',NULL
3679,Cheesy Blueberry Dragee115gm,'380.00','D-6534ff3f9aaf3',NULL
3680,Peri Peri Multigrain Vegetable In Baguette,'110.00','D-6534ff6eda78f',NULL
3681,Blueberry Croissant,'120.00','D-6534ffaec055f',NULL
3682,66% Madagascar Bars 70gm,'325.00','D-6534ffffb1c1e',NULL
3683,70% Sao Thome Bar 70gm,'325.00','D-6535002a648f5',NULL
3684,Multigrain Cheddar & Spinach,'150.00','D-6535013e7bf6b',NULL
3685,Dark Shortbread Cookies 170gm,'500.00','D-6535016f3757a',NULL
3686,Nut and Nib Coated Cookies 170 gm,'500.00','D-653501b85f832',NULL
3687,Single Origin 70% dark Truffels,'800.00','D-6535020f7cb11',NULL
3688,Salted Caramel Truffel,'750.00','D-653502439ee08',NULL
3689,Hazelnut Truffel,'750.00','D-6535027e5d796',NULL
3690,Double hot Chocolate,'150.00','D-653502af1ffe7',NULL
3691,Masala Puri/Kala Chana Curry,'45.00','D-653506ea05ece',NULL
3692,Masala Puri/Kala Chana Curry,'45.00','D-653507268b6b3',NULL
3693,Masala Puri/Kala Chana Curry,'45.00','D-653507556930d',NULL
3694,Aloo Palak Pyaz Pakoda,'45.00','D-6535c6a14a1bc',NULL
3695,Aloo Palak Pyaz Pakoda,'45.00','D-6535c70a5f2cc',NULL
3696,Aloo Palak Pyaz Pakoda,'45.00','D-6535c7418eb76',NULL
3697,Mutter Kulcha,'45.00','D-6535c7a564a06',NULL
3698,Mutter Kulcha,'45.00','D-6535c7cba8d3c',NULL
3699,Mutter Kulcha,'45.00','D-6535c823d03bc',NULL
3700,Mutter Kulcha,'45.00','D-6535c84d8c41d',NULL
3701,Broken Wheat Khichadi,'45.00','D-6535c99176383',NULL
3702,Broken Wheat Khichadi,'45.00','D-6535c9d1d2e8a',NULL
3703,Vegetable Idly,'42.00','D-6535ce7794995',0
3704,Vegetable Idly,'42.00','D-6535d9d087daa',0
3705,PUDINA RICE BHAT,'40.00','D-6535da2644c21',1
3706,Lemon Rice,'40.00','D-6535da2644c21',1
3707,Moroccan Prawn tagine with tossed foxtel millet,'150.00','D-6535eb5b88ecf',NULL
3708,Grilled vegetable & onion sandwich,'75.00','D-65360c323c5ff',NULL
3709,BBQ Pulled Chicken,Wilted Greens,Jalapeno S/W',NULL
3710,Chicken  Sausage Hawaiian Sandwich,'90.00','D-65360e08a3aca',1
3711,Panzanella salad,'75.00','D-65360e911a075',1
3712,Chicken Cobb Salad,'100.00','D-65360ef0a6247',1
3713,CUCUMBER AND SHIA JUICE,'55.00','D-65361990c5795',1
3714,MIXED BERRY AND TOSTED SEED PARFAIT,'100.00','D-653619d4f270c',1
3715,Bento Box Nonveg,'650.00','D-65363272f3453',1
3716,Special - Chole Samosa Chat,'65.00','D-65364b6d70780',0
3717,Ulundu Bonda,'40.00','D-65364e22d62d2',NULL
3718,Keerai Bonda,'40.00','D-65364e22d62d2',NULL
3719,Keerai Bonda,'40.00','D-65364e8f7ab1e',NULL
3720,Keerai Bonda,'45.00','D-65364f5433757',0
3721,Chilli Gobhi,'45.00','D-65379395d2a1e',NULL
3722,PIZZA CHEESE FINGERS,'40.00','D-65379f1cdf3cb',NULL
3723,Palak Medu Vada,'45.00','D-653869168b3d3',NULL
3724,Palak Medu Vada,'45.00','D-653869a64e507',NULL
3725,coconut Jaggery idly,'40.00','D-6538708347d2b',1
3726,VAZHAKAI BAJJI,'40.00','D-653870beb43f8',NULL
3727,onion vada,'40.00','D-653870beb43f8',1
3728,Hyderabadi Dum Biryani,'105.00','D-6538b010e56e2',0
3729,Braised Chicken roasted Potato and tossed Vegs,'120.00','D-6538befc13343',1
3730,Chana Dal Paratha,'45.00','D-6538e485d8ee7',NULL
3731,Chana Dal Paratha,'45.00','D-6538e4caaa65a',NULL
3732,Palak Medu Vada,'45.00','D-6538f1bd974d9',NULL
3733,Corn Chat,'45.00','D-6539c183999a0',NULL
3734,Corn Chat,'45.00','D-6539c1b275004',NULL
3735,Corn Chat,'45.00','D-6539c1da0f85c',NULL
3736,Corn Chat,'45.00','D-6539c21e4c35f',NULL
3737,take away salad,'20.00','D-6539c8553a303',NULL
3738,Banana Milkshake,'55.00','D-6539d49cd8cbc',NULL
3739,Banana Milkshake,'55.00','D-6539d49cd8cbc',NULL
3740,PACKING CHARGES,'20.00','D-6539d7d272021',NULL
3741,Spicy Paneer Patty,'40.00','D-653a38d8f3b83',NULL
3742,Spicy Paneer Patty,'40.00','D-653a3a5e309b6',NULL
3743,Spicy Paneer Patty,'40.00','D-653a3a926fb23',NULL
3744,Take away,'10.00','D-653a7755b9630',1
3745,Take Away Blended,'10.00','D-653a7e811a6ad',1
3746,Plain Crossaint,'85.00','D-653a7fa9b0676',1
3747,Veg Pongal,'45.00','D-653b07e5d69e9',NULL
3748,Pepper Fried Chicken Wings,'75.00','D-653b0cfe4c16b',NULL
3749,Pepper Fried Chicken Wings,'75.00','D-653b0d2ca2d55',NULL
3750,Pepper Fried Chicken Wings,'75.00','D-653b0d5b9a457',NULL
3751,PIZZA POCKETS,'40.00','D-653b92e0da330',NULL
3752,PIZZA POCKETS,'40.00','D-653b931ce391e',NULL
3753,Cream Cheese Berliner,'85.00','D-653e3f9f79f12',1
3754,Cinnamon Roll,'100.00','D-653e404bbaabb',1
3755,Oats Almond & Honey Muffin,'125.00','D-653e40c3bd73e',1
3756,Dates & Oats Cookies,'85.00','D-653e417de72ec',1
3757,Pumpkin Tea Cake,'80.00','D-653e83d83e8fa',1
3758,Caramel Brownie,'135.00','D-653e846a4f5d1',1
3759,Double Chocolate Pastry,'130.00','D-653e85201bab4',1
3760,Raspberry Baked Yoghurt,'110.00','D-653e856aac3b0',1
3761,Blueberry Baked Yoghurt,'110.00','D-653e85eab5bb4',1
3762,Blueberry Muffin,'125.00','D-653e8b07c3ce5',1
3763,Chilli Bajji,'40.00','D-653f08f494386',1
3764,mandakki bath,'40.00','D-653f0d24dd340',1
3765,mandakki bath,'40.00','D-653f0d799b129',1
3766,Turkish Saksuka Tart,'45.00','D-653f16a117952',1
3767,Crostini Al Funghi,'40.00','D-653f17046f8cf',1
3768,Mediterian Chicken And Cheakpea Salad,'100.00','D-653f1b9f3b4bd',1
3769,Classic Greek Salad,'90.00','D-653f1bf1ea415',1
3770,Classic Greek Salad,'90.00','D-653f1bf1ea415',1
3771,Caprese Sandwitch,'75.00','D-653f1cc6772b8',1
3772,Spicy Chicken pepperoni With Tomato Cheese,'90.00','D-653f1d0786c25',1
3773,Marinara Chicken Breast With Creamy Garlic mash,'120.00','D-653f1dc788070',1
3774,Tuscan Style Prawn With Citrus Cous And Pesto,'150.00','D-653f1e593675a',1
3775,Braised Cottage Cheese On Cous Bed,'100.00','D-653f1ec555ebc',1
3776,Apple Beetroot & Basil,'65.00','D-653f202c46b64',1
3777,Strawberry Smooothie,'65.00','D-653f20720210b',1
3778,Chia & Granola Parfait,'100.00','D-653f213c97289',1
3779,Dutch Truffle Cake 1kg,'1560.00','D-653f3b380681c',NULL
3780,Chicken Lollipop - 3pcs,'80.00','D-653f477f13489',0
3781,Chicken Lollipop,'75.00','D-653f47c528809',NULL
3782,Chicken Lollipop - 3pcs,'80.00','D-653f47ef3b734',0
3783,Chicken N/a,'60.00','D-653f482dbabde',NULL
3784,VEG ROLL,'25.00','D-653f5b9dbf63a',NULL
3785,EGG ROLL,'30.00','D-653f5bd78b0ae',NULL
3786,BUN MUSKA,'22.00','D-653f5c15cd2af',0
3787,DANISH PEACHES & CREAM,'20.00','D-653f5c56e2d51',NULL
3788,CHOCLATE CAKE,'20.00','D-653f5c986cd11',NULL
3789,VEG ROLL,'25.00','D-653f7d9eb67b7',NULL
3790,EGG ROLL,'30.00','D-653f7ddb133c8',NULL
3791,Chicken Winglet,'75.00','D-653f901265883',NULL
3792,Chicken Winglet,'75.00','D-653f9052545b8',NULL
3793,Kachori With Aloo Sabji,'45.00','D-653f90828da70',NULL
3794,Kachori With Aloo Sabji,'45.00','D-653f90ba64a6a',NULL
3795,Chicken Winglet,'75.00','D-653f91df7afd7',NULL
3796,Chicken Winglet,'75.00','D-653f923015981',NULL
3797,Kachori With Aloo Sabji,'45.00','D-653f926caf6b1',NULL
3798,Kachori With Aloo Sabji,'45.00','D-653f92fe71068',NULL
3799,GULABI LASSI,'40.00','D-653f9cc15c961',NULL
3800,DANISH PEACH,'20.00','D-653fa8f16060b',NULL
3801,CREAM CHOCLATE CAKE,'20.00','D-653fa932da86b',NULL
3802,CREAM CHOCLATE CAKE,'20.00','D-653fa932da86b',NULL
3803,DANISH PEACH,'30.00','D-653faba3af325',NULL
3804,CREAM CHOCLATE CAKE,'20.00','D-653fac0081319',NULL
3805,Methi Paneer Paratha,'45.00','D-653ffeee11110',NULL
3806,Methi Paneer Paratha,'45.00','D-653fff75999a0',NULL
3807,Methi Paneer Paratha,'45.00','D-653ffff559115',NULL
3808,EXTRA NAAN/ ROTI,'22.00','D-6540afd919c08',NULL
3809,Mix Veg Thepla,'45.00','D-6542a2888d155',NULL
3810,Mix Veg Thepla,'45.00','D-6542a2d474c4d',NULL
3811,Mix Veg Thepla,'45.00','D-6542a52933cc7',NULL
3812,Watana Usal,'45.00','D-6542a5b6ab2aa',NULL
3813,Watana Usal,'45.00','D-6542a61865fb7',NULL
3814,Watana Usal,'45.00','D-6542a657ef0ea',NULL
3815,DABELI,'20.00','D-654319708c703',NULL
3816,DABELI,'20.00','D-654319c28d860',NULL
3817,PUDINA MILK SHAKE,'30.00','D-65432eeb2816d',NULL
3818,CHIA SEEDS SHIKANJI,'50.00','D-654330090fade',NULL
3819,PUDINA BUTTER MILK,'30.00','D-654359358854e',NULL
3820,APPLE CRUMBLE,'35.00','D-6543682a01ccc',NULL
3821,Apple Crumble,'35.00','D-6543740cbddf9',NULL
3822,Veg Tikka Masala Biryani,'90.00','D-6544488157307',NULL
3823,BLUEBERRY SMOOTHIE,'65.00','D-6544b4cd0d53e',NULL
3824,Masala Puri And Aloo Bhaji,'45.00','D-6547ff16ce834',NULL
3825,Onion Wada,'45.00','D-6548384ae478b',NULL
3826,Dum Aloo With Methi Kulcha,'45.00','D-654838c47f9f0',NULL
3827,Dum Aloo With Methi Kulcha,'45.00','D-654838efeb85e',NULL
3828,Dum Aloo With Methi Kulcha,'45.00','D-6548391e61f27',NULL
3829,Dum Aloo With Methi Kulcha,'45.00','D-65483943d3d45',NULL
3830,Chicken Fajita Tacos,'130.00','D-65485b572d377',NULL
3831,Thai Veg Bowl,'100.00','D-65485d5c956f0',NULL
3832,Thai Non-Veg Bowl,'120.00','D-65485d8b1b13b',NULL
3833,Classic Three Bean Salad,'90.00','D-65487ebb973a1',NULL
3834,Caesar Chicken Salad,'100.00','D-65487ff80bcc6',NULL
3835,Caramelized Onion,Mushroom & Cheese S/W','75.00',1
3836,Creamy Chicken & Apple Coleslaw S/W,'90.00','D-654880962cfb5',NULL
3837,Baked Vegetable AU Gratin with Pesto Rubbed Bread,'100.00','D-6548818c97603',NULL
3838,Lebanese Chicken Stew with Broken Wheat Tabbouleh,'120.00','D-654881ecaf5b8',NULL
3839,Prawn on Green Peas Labnahe Spread Toasted Bread,'150.00','D-6548823699a8c',NULL
3840,Basil Cucumber Juice,'55.00','D-654883684ca3e',NULL
3841,Kafir Lime Smoothie,'65.00','D-654883a2b8cc4',NULL
3842,Takeaway Insalata Masculine Salad Non-Veg,'110.00','D-65489b957bdcd',NULL
3843,Cottage Cheese Ball,'45.00','D-6548bf3611dcd',NULL
3844,Cottage Cheese Ball,'45.00','D-6548bf5a1474f',NULL
3845,Cottage Cheese Ball,'45.00','D-6548bf7f261fc',NULL
3846,Cottage Cheese Ball,'45.00','D-6548bfb06bd12',NULL
3847,Dal Muri Chaat,'40.00','D-6548c2b662e5e',NULL
3848,Aloo Mirch Ka Paratha,'45.00','D-6549452cd2706',NULL
3849,Subzi ka Paratha,'45.00','D-65494585b22ad',NULL
3850,Aloo Mirch Ka Paratha,'45.00','D-6549615392344',NULL
3851,Batate Ki Subzi With Puri,'45.00','D-65498aa31faf7',NULL
3852,Batate Ki Subzi With Puri,'45.00','D-65498adf24759',NULL
3853,Batate Ki Subzi With Puri,'45.00','D-65498b08246a4',NULL
3854,Batate Ki Subzi With Puri,'45.00','D-65498b2ca8796',NULL
3855,Tandoori Mix Veg Paratha,'45.00','D-65498be598e7d',NULL
3856,Tandoori Mix Veg Paratha,'45.00','D-65498c196d64b',NULL
3857,Tandoori Mix Veg Paratha,'45.00','D-65498c43ee22e',NULL
3858,Fried Chicken Wings,'75.00','D-65498c6a7ee2e',0
3859,Arabic Veg Bowl,'100.00','D-6549b7a1027b1',NULL
3860,Arabic Non-Veg Bowl,'120.00','D-6549b7cca927a',NULL
3861,Special - Aloo Papadi Chat,'65.00','D-6549ec0a394ea',NULL
3862,Makai Palak Tikki,'40.00','D-654a0bd2d03e2',NULL
3863,Makai Palak Tikki,'40.00','D-654a0c0e25bb2',NULL
3864,Makai Palak Tikki,'40.00','D-654a0c3dbc297',NULL
3865,Panakam,'50.00','D-654a260a6badf',NULL
3866,Chicken Sandwich,'30.00','D-654a4de0b0395',NULL
3867,Chicken Potli Samosa,'30.00','D-654a4e58e80ca',NULL
3868,Chicken Potli Samosa,'30.00','D-654a4e58e80ca',NULL
3869,Ajwain Puri With Black Chana Masala,'45.00','D-654a9d9c27824',NULL
3870,Ajwain Puri With Black Chana Masala,'45.00','D-654a9dfcbfc76',NULL
3871,Mexican Veg Bowl,'100.00','D-654aac3a2b05d',NULL
3872,Mexican Non Veg Bowl,'120.00','D-654aac9cf345c',NULL
3873,Vegetable Idli,'45.00','D-654adae4319e6',NULL
3874,Vegetable Idli,'45.00','D-654adb0e20c71',NULL
3875,Vegetable Idli,'45.00','D-654adb5c1b2cc',NULL
3876,Vegetable Idli,'45.00','D-654adb85671d7',NULL
3877,Vegetable Shawarma Wrap,'45.00','D-654adbc85a230',NULL
3878,Vegetable Shawarma Wrap,'45.00','D-654adc95a350d',NULL
3879,Vegetable Shawarma Wrap,'45.00','D-654adcdb03b32',NULL
3880,Vegetable Shwarma Wrap,'45.00','D-654add4922b69',NULL
3881,Broken Wheat Upma,'45.00','D-654b10c2c9a7d',NULL
3882,Chilli Gobhi,'45.00','D-654c2dbc5a1f6',NULL
3883,Chilli Gobhi,'45.00','D-654c2dfde2d9e',NULL
3884,Chilli Gobhi,'45.00','D-654c2e2a63e3d',NULL
3885,Paneer Tikka Kathi Roll,'60.00','D-654c2e5ad6e99',0
3886,Paneer Tikka Kathi Roll,'45.00','D-654c2e95c0d8d',NULL
3887,Paneer Tikka Kathi Roll,'60.00','D-654c2ecf22b57',0
3888,Paneer Tikka Kathi Roll,'45.00','D-654c2f0863412',NULL
3889,Keerai Vada,'40.00','D-654cb64110f0b',NULL
3890,CHEESE NUGGETS,'40.00','D-654cb6b2d9649',1
3891,Keerai Vada,'40.00','D-654cb7e73df9a',NULL
3892,Honey Chilli Potato,'45.00','D-654d7fd260eea',NULL
3893,Honey Chilli Potato,'45.00','D-654d800a7704c',NULL
3894,Honey Chilli Potato,'45.00','D-654d804c592d2',NULL
3895,Honey Chilli Potato,'45.00','D-654d80873b1b0',NULL
3896,Jeera Wada,'45.00','D-654d811d4fef9',NULL
3897,Jeera Wada,'45.00','D-654d8156075d4',NULL
3898,Creamy Leek & Mushroom Croissant,'120.00','D-654daf011baff',NULL
3899,Extra Raita,'16.00','D-654dd91b5f43c',NULL
3900,Jhanjhanit Misal Pav,'45.00','D-654df4f94b578',NULL
3901,Chicken & Coleslaw Brioche Sliders,'75.00','D-654df5336f5ca',0
3902,Soya Kheema Paratha,'45.00','D-654df5613218d',0
3903,Add on Paneer,'20.00','D-654df182d2188',0
3904,Puffets,'40.00','D-654e0887e450f',NULL
3905,Puffets,'40.00','D-654e08c104a5e',NULL
3906,Puffets,'40.00','D-654e08f4d8081',NULL
3907,Mumbai Masala Sandwich,'50.00','D-654ed53be3a5b',NULL
3908,Chicken Roll,'60.00','D-654edad195170',NULL
3909,Chicken Pepper Fry,'75.00','D-654f03bb99d1d',NULL
3910,Chicken Pepper Fry,'75.00','D-654f0403cdf17',NULL
3911,Chicken Pepper Fry,'75.00','D-654f047469275',NULL
3912,Chicken Pepper Fry,'75.00','D-654f056435c34',NULL
3913,Aloo Chole And Puri,'45.00','D-65511bdc732de',NULL
3914,Aloo Chole And Puri,'45.00','D-65511c2a1efda',NULL
3915,Ragi Idli,'45.00','D-655121562e797',NULL
3916,Ragi Idli,'45.00','D-655121a37114d',NULL
3917,Palak Onion Bhajji,'45.00','D-6551786223f55',NULL
3918,Palak Onion Bhajji,'45.00','D-6551788ae090c',NULL
3919,Palak Onion Bhaji,'45.00','D-655178ad0c72f',NULL
3920,Palak Onion Bhajji,'45.00','D-6551791bc09de',NULL
3921,Vegetable Semiya Upma,'45.00','D-6551795e07135',NULL
3922,Vegetable Semiya Upma,'45.00','D-6551798d5d517',NULL
3923,Vegetable Semiya Upma,'45.00','D-65517a190ab1b',NULL
3924,Vegetable Semiya Upma,'45.00','D-65517a452d460',NULL
3925,Chicken Chilli Kathi Roll,'75.00','D-65517aa5c542f',NULL
3926,Chicken Chilli Kathi Roll,'75.00','D-65517ae03d01b',NULL
3927,Chicken Chilli Kathi Roll,'75.00','D-65517bfc81333',NULL
3928,Chicken Chilli Kathi Roll,'75.00','D-65517c29241fe',NULL
3929,Usal Pav,'45.00','D-65517f9b42b43',NULL
3930,Schezwan Bun,'60.00','D-6551b0be7772c',0
3931,Creamy Corn And Pepper Sandwich,'75.00','D-6551b18a5b678',NULL
3932,Chicken Sausage Coleslaw S/W,'90.00','D-6551b1d90b866',NULL
3933,Beetroot Ginger Juice,'55.00','D-6551b225c75d5',NULL
3934,Country Style Chicken Stew with Parslay Garlic,'120.00','D-6551b299833a2',NULL
3935,Shrimps Enchilada,'150.00','D-6551b2fb036d8',NULL
3936,The Tart Milange,Mediterranean Vegetable Tart','100.00',1
3937,Braised Chicken with Singapore fried Rice,'120.00','D-6551cc3025b72',NULL
3938,Mixed Veg with Singapore fried rice,'100.00','D-6551cc9addcce',NULL
3939,Cheese Burst Maggi,'45.00','D-6551eab9d2773',0
3940,Masala Upma,'45.00','D-6552632233aa5',NULL
3941,Masala Upma,'45.00','D-65526340bda00',NULL
3942,Italian Veg Bowl,'100.00','D-6552c8c589ed3',NULL
3943,Italian Non Veg Bowl,'120.00','D-6552ca03c9f52',NULL
3944,Misal Pav,'45.00','D-6552cd84a897f',NULL
3945,Lemon paneer tikka,'100.00','D-655322393999e',NULL
3946,Aachari chicken tikka,'120.00','D-655323f7d8980',NULL
3947,Special - Bangalori Jhalmuri,'65.00','D-65532d1368281',NULL
3948,Hot Chocolate,'25.00','D-65533f84c5b49',NULL
3949,Choco Chip Muffin,'120.00','D-65536faea8ce6',NULL
3950,Kolhapuri Usal Pav,'45.00','D-655434c2b0864',NULL
3951,Kolhapuri Usal Pav,'45.00','D-655434fc3cd1f',NULL
3952,Vegetable Wheat Upma,'45.00','D-655439ebedbb9',NULL
3953,Vegetable Wheat Upma,'45.00','D-65543a1a41b1d',NULL
3954,Vegetable Wheat Upma,'45.00','D-655445dde5667',NULL
3955,Vegetable Wheat Upma,'45.00','D-65544630a5abd',NULL
3956,Paneer Kathi Roll,'60.00','D-655446745b2e8',0
3957,Paneer Kathi Roll,'45.00','D-6554495165ce1',NULL
3958,Paneer Kathi Roll,'60.00','D-655449988d3c4',0
3959,Paneer Kathi Roll,'45.00','D-65544a175b614',NULL
3960,Chicken Kathi Roll,'75.00','D-6554bf1ce726a',NULL
3961,Chicken Kathi  Roll,'75.00','D-6554bf82ba959',NULL
3962,Balekayi bajji,'40.00','D-655576dbc6375',1
3963,Basant Nagar Mirchi Pakoda,'45.00','D-655588fbdb8e6',NULL
3964,Corn Masala,'45.00','D-655589ae73a03',NULL
3965,Corn Masala,'45.00','D-655589e33039c',NULL
3966,Corn Masala,'45.00','D-65558a110f3b6',NULL
3967,Corn Masala,'45.00','D-65558a65a8fd8',NULL
3968,Dal Kachori,'45.00','D-65558aa634977',NULL
3969,Vegetable Franky Roll,'45.00','D-65558aefb0cdf',NULL
3970,Vegetable Franky Roll,'45.00','D-65558b1b5da62',NULL
3971,Vegetable Franky Roll,'45.00','D-65558b4cd1bc2',NULL
3972,Vegetable Franky Roll,'45.00','D-65558b76c3ccd',NULL
3973,Extra Cheese,'10.00','D-6555de7bd5495',NULL
3974,Idli/vada,'20.00','D-6555e0c4180df',NULL
3975,Idli/vada,'20.00','D-6555e1f08c59d',NULL
3976,Idli/vada,'20.00','D-6555e310690cf',NULL
3977,Puri And Hing Wali Bhaji,'45.00','D-6556beb6858e5',NULL
3978,Puri And Hing Wali Bhaji,'45.00','D-6556bef14cc81',NULL
3979,Puri And Hing Wali Bhaji,'45.00','D-6556bf1948b15',NULL
3980,Puri And Hing Wali Bhaji,'45.00','D-6556bf5e36590',NULL
3981,RAGI UPPITTU,'40.00','D-6556c1acaae38',1
3982,POTATO BAJJI,'40.00','D-6556c1dc3f930',1
3983,Single Idli/Vada,'22.00','D-6556c248db0e8',NULL
3984,Single Idli/Vada,'20.00','D-6556c2850f1e3',NULL
3985,Single Idli/Vada,'20.00','D-6556c2bc0c153',NULL
3986,Asian Veg Bowl,'100.00','D-6556df1ce196d',NULL
3987,Asian Non-Veg Bowl,'120.00','D-6556df780f95c',NULL
3988,Palak Idli,'45.00','D-6556fb9e88852',NULL
3989,Palak Idli,'45.00','D-6556fbec7adb5',NULL
3990,Palak Idli,'45.00','D-6556fc2e86ceb',NULL
3991,Palak Idli,'45.00','D-6556fc7b3c4a5',NULL
3992,Kadai Paneer Khati Roll,'60.00','D-6556fca8863ed',0
3993,Kadai Paneer Khati Roll,'45.00','D-6556fcdc518f9',NULL
3994,Kadai Paneer Khati Roll,'60.00','D-6556fd0cda5e0',0
3995,Kadai Paneer Tikka Roll,'45.00','D-6556fd4ec407c',NULL
3996,Wheatgrass and apple juice,'50.00','D-655703addd621',NULL
3997,Grilled cottage cheese with creamy and butter veg,'100.00','D-65570e8dd21e2',NULL
3998,Vegetable Daliya,'45.00','D-65571b9d67ba0',NULL
3999,Vegetable Daliya,'45.00','D-65571bf27d52f',NULL
4000,Chicken Shawarma Wrap,'75.00','D-65571ce71d3dd',NULL
4001,Chicken Shwarma Wrap,'75.00','D-65571d65034ea',NULL
4002,Masala Puri and Vatana Masala,'45.00','D-65572f08ed7f4',NULL
4003,Masala Puri and Vatana Masala,'45.00','D-65572f6a85782',NULL
4004,Masala Puri and Vatana Masala,'45.00','D-65572fac24049',NULL
4005,Masala Puri and Vatana Masala,'45.00','D-65572ffc0e678',NULL
4006,Falafel,'40.00','D-655741d6decf0',NULL
4007,Herb Crusted Chicken Poppers,'75.00','D-6558284eaafa4',NULL
4008,Herb Crusted Chicken  Poppers,'75.00','D-6559daf0a016d',NULL
4009,chiken curry with chapathi,'60.00','D-655a5231ba50d',1
4010,Aloo Kulcha With Chole,'45.00','D-655ab0eea783a',NULL
4011,Aloo Kulcha With Chole,'45.00','D-655ab1263de81',NULL
4012,Spicy beets with citrus segment and feta crumble,'90.00','D-655af6c29b5f9',NULL
4013,Cowboy caviar,'100.00','D-655af7e20d17e',NULL
4014,Medetareian spicy grilled vegetable S/W,'75.00','D-655af95b80e4a',NULL
4015,Spicy chicken pepperoni with tomato cheese S/W,'90.00','D-655af9a2e12d4',NULL
4016,Mushroom  chicken with wilted spinach & cheakpeas,'120.00','D-655af9fa2cbc7',NULL
4017,Prawn ceviche with tortilla rollups,'150.00','D-655afa8a11c73',NULL
4018,Spinach ricotta malfati with trio pepper cous cous,'100.00','D-655aface8423d',NULL
4019,Egg Combo,'60.00','D-655b080b7b453',NULL
4020,Egg Combo,'55.00','D-655af24534cb1',NULL
4021,Egg Combo,'55.00','D-655af24534cb1',NULL
4022,Egg Combo,'55.00','D-655b08b263bd7',NULL
4023,Sabbakki Soppu Bonda,'40.00','D-655b380760220',1
4024,Mysore Masala Dosa,'50.00','D-655b3d454e717',NULL
4025,Egg Maggie,'50.00','D-655b81e6083d1',NULL
4026,Veg Maggie,'45.00','D-655b824cc678f',NULL
4027,Chicken Maggie,'55.00','D-655b82938ded5',NULL
4028,Egg Maggie,'45.00','D-655baa6ceaffe',NULL
4029,Soya Mutter Masala With Pav,'45.00','D-655c00a67856d',NULL
4030,Soya Mutter Masala With Pav,'45.00','D-655c024c1f494',NULL
4031,Soya Mutter Masala With Pav,'45.00','D-655c032d284d9',NULL
4032,Mutton Kheema With Pav,'100.00','D-655c036043872',NULL
4033,Eggplant Parmigina With Romesco Sauce,'115.00','D-655c29e554d0f',0
4034,Cold Brew (Plain),'110.00','D-655c5b826de88',NULL
4035,Mixed Fruit Juice,'55.00','D-655c822acb246',NULL
4036,Takeaway Insalata Masculine Salad Veg,'100.00','D-655c829d8698d',NULL
4037,Paneer Finger Cut Sandwich,'35.00','D-655ce80a39151',NULL
4038,Paneer cut sandwich,'35.00','D-655cf621b03d7',1
4039,Keerai vada,'40.00','D-655d592f37585',1
4040,Tadka idli,'42.00','D-655d5999dfd0b',0
4041,Jerk Chicken,'75.00','D-655d6745440c2',NULL
4042,Jerk Chicken,'75.00','D-655d677ccb6bd',NULL
4043,Jerk Chicken,'75.00','D-655d67ae18d72',NULL
4044,Jerk Chicken,'75.00','D-655d67ebe5f7b',NULL
4045,Ghee Dosa,'50.00','D-655eada8daa48',1
4046,Masala Peanut,'45.00','D-655ebdb2369d8',NULL
4047,Masala Peanut,'45.00','D-655ebde0c3d0f',NULL
4048,Cottage cheese steak with creamy pesto,'100.00','D-65604066a345f',NULL
4049,Paneer Bhurji Pav,'45.00','D-656187a5637a9',NULL
4050,Bakery Special Veg,'70.00','D-65619f1f043d7',0
4051,Bakery Special Non-Veg,'80.00','D-65619f5428cf4',0
4052,Veg Combo,'50.00','D-6561a2793e36c',NULL
4053,Non Veg Combo,'60.00','D-6561a2abe63fb',NULL
4054,Veg Uttapam,'45.00','D-65631bd79643b',NULL
4055,Aloo Bonda,'40.00','D-6563ede2ec94b',1
4056,Aloo Bonda,'40.00','D-6563ee22ed79d',1
4057,Korean Veg Bowl,'100.00','D-6564119f4c28c',NULL
4058,Korean Non-Veg Bowl,'120.00','D-656411e05ea8e',NULL
4059,Veg Dumplings Black Bean Sauce With Rice,'100.00','D-65641e70f0878',NULL
4060,Veg Dumplings Black Bean Sauce With Noodles,'100.00','D-65641f6ae9cae',NULL
4061,Chicken Mutter Kheema With Pav,'75.00','D-6564219d90e4a',NULL
4062,Chicken Mutter Kheema With Pav,'75.00','D-6564219d90e4a',NULL
4063,Mutton Kheema With Pav,'100.00','D-65642373637a3',NULL
4064,Veg Cutlets,'45.00','D-65642607d1104',NULL
4065,Veg Cutlets,'45.00','D-656427183955c',NULL
4066,Aloo Mutter Paratha,'45.00','D-656428a383f12',NULL
4067,Aloo Mutter Paratha,'45.00','D-656428f754c6e',NULL
4068,Cured Chicken Pepperoni with Tri Pepper &Cheese,'100.00','D-656437d0ceba6',NULL
4069,Mexican Jalapeno Refried Beans &Paneer S/W,'75.00','D-6564384facfaf',NULL
4070,Raspberry Smoothie,'65.00','D-656438db6dced',NULL
4071,Mix berry Milk Shake,'50.00','D-65646ce9b65b2',NULL
4072,Kolhapuri Batate Chi Bhaji/Pav,'45.00','D-656543a72917e',NULL
4073,Kolhapuri Batate Chi Bhaji/Pav,'45.00','D-656543e23ea88',NULL
4074,Mediterranean Veg Bowl,'120.00','D-656545f0007c0',0
4075,Mediterranean Non-Veg Bowl,'130.00','D-65654682b51d5',0
4076,Aloo Kulcha,'45.00','D-656548fbc310c',NULL
4077,Aloo Kulcha,'45.00','D-65654926db644',NULL
4078,Aloo Kulcha,'45.00','D-65654999a696f',NULL
4079,Egg Masala Curry With Plain Paratha,'75.00','D-6566155095f65',NULL
4080,Paneer Stuff Kulcha,'45.00','D-65668ea8b7122',NULL
4081,Paneer Stuff Kulcha,'45.00','D-65668fcbc9d53',NULL
4082,Millet Pongal,'40.00','D-656694fd566db',1
4083,Chinese Bhel,'45.00','D-656698249c184',NULL
4084,Chinese Bhel,'45.00','D-656698d45190f',NULL
4085,Pindi Chana With Puri,'45.00','D-6566dea42f10d',NULL
4086,Pindi Chana With Puri,'45.00','D-6566df1d9d103',NULL
4087,Pindi Chana With Puri,'45.00','D-6566df620a2f4',NULL
4088,Chicken And Egg Noodles,'75.00','D-6566e1a96c22e',NULL
4089,Street Style Hakka Noodle,'45.00','D-6566e1d929bdb',NULL
4090,Caramel Banana Milk Shake,'50.00','D-6566ef3c5d7a9',1
4091,Paneer Stuff Kulcha,'45.00','D-6567f8c70cc9c',NULL
4092,Paneer Stuff Kulcha,'45.00','D-6567f92804c72',NULL
4093,Chicken Dumpling In Schezwan Sauce With Rice,'120.00','D-6567f92804c72',NULL
4094,Masala Fried Idli,'45.00','D-6567f9e59cd8f',NULL
4095,Masala Fried Idli,'45.00','D-6567fa24ea6ee',NULL
4096,Masala Fried Idli,'45.00','D-6567fa6974722',NULL
4097,Masala Fried Idli,'45.00','D-6567fac3a8530',NULL
4098,Vegetable Kathi Roll,'45.00','D-656804f7c520b',NULL
4099,Katsu Curry Veg Bowl,'100.00','D-656807883b8f7',NULL
4100,Katsu Curry Non-Veg Bowl,'120.00','D-656807e3c084f',NULL
4101,Special - Ragda Chole Aloo Tikki Chat,'65.00','D-656845ce8c5c5',0
4102,Samosa Chole,'45.00','D-6569333b4638c',NULL
4103,Samosa Chole,'45.00','D-6569337d020e6',NULL
4104,Rajasthani Mirchi Pakoda,'45.00','D-65695e9e7f5f2',0
4105,Mirchi Bhajji,'45.00','D-65695ecaf1a3f',NULL
4106,Mirchi Bhajji,'45.00','D-65695f05a5355',NULL
4107,Amritsari Chana With Kulcha,'45.00','D-65695f735d87e',NULL
4108,Amritsari Chana With Kulcha,'45.00','D-65695fc6a9a1b',NULL
4109,Amritsari Chana With Kulcha,'45.00','D-65695ffb14504',NULL
4110,Aloo Bhaji With Puri,'45.00','D-65696119be6c8',NULL
4111,Aloo Bhaji With Puri,'45.00','D-6569616117d57',NULL
4112,Butter Chicken With Plain Paratha,'75.00','D-656964a299303',NULL
4113,Butter Chicken With Plain Paratha,'75.00','D-656965cd719e1',NULL
4114,Ajwain Puri With Black Chana Masala,'45.00','D-6569a5c2503ba',NULL
4115,Latte Demi Tiramisu,'80.00','D-6569a617a0fbe',NULL
4116,Latte Demi Roasted Hazelnut,'80.00','D-6569a66f887b1',NULL
4117,Aloo Bhaji With Pav,'45.00','D-656aae8730037',NULL
4118,Chicken Kheema Pav,'75.00','D-656ab189e0ce6',NULL
4119,Masala Lucchi With Aloo Bhaji,'45.00','D-656d21c72a0c3',NULL
4120,Masala Lucchi With Aloo Bhaji,'45.00','D-656d221a809d9',NULL
4121,Bircher Museli Yogurt,'100.00','D-656d384c5c3d2',NULL
4122,Chia & Granolla Parfait,'100.00','D-656d38ae033c0',NULL
4123,Kaffir Lime Smoothie,'65.00','D-656d38ffe62a3',NULL
4124,Veg Sandwich,'80.00','D-656d3af2e6093',NULL
4125,Masala Lucchi With Aloo Bhaji,'45.00','D-656d3c4b08a82',NULL
4126,Chicken Sandwich,'90.00','D-656d3e373f186',NULL
4127,200gm Plum Cake,'150.00','D-656d5dcc16c8c',1
4128,500gm,'350.00','D-656d5e1260527',1
4129,Lebanese Chicken Stew with Broken Wheat Tabbouleh,'125.00','D-656d74c1ab931',NULL
4130,Baked Vegetable AU Gratin with Pesto Rubbed Bread,'150.00','D-656d753903981',NULL
4131,NANNARI SHARBAT,'50.00','D-656d775235509',NULL
4132,Poched Prawn on Green Peas Labnahe spread tosted,'150.00','D-656d789130671',NULL
4133,Mango Lassi,'55.00','D-656d8764ce374',NULL
4134,500 gm Plum Cake,'350.00','D-656dbbf634411',1
4135,Steam Peanut,'45.00','D-656e954b7b41f',NULL
4136,Steam Peanut,'45.00','D-656e958716423',NULL
4137,Steam Peanut,'45.00','D-656e95c3a8ff8',NULL
4138,Chicken Penne Pasta,'120.00','D-656ec5e94e925',NULL
4139,Veg Penne Pasta,'100.00','D-656ec65406809',NULL
4140,Pindi Chana With Kulcha,'45.00','D-656f2ca7b7a5d',NULL
4141,Pindi Chana With Kulcha,'45.00','D-656f2cdd6950c',NULL
4142,Pindi Chana With Kulcha,'45.00','D-656f2d879091f',NULL
4143,Pindi Chana With Kulcha,'45.00','D-656f2dbc330b3',NULL
4144,Mutter Masala With Kulcha,'45.00','D-65705125068e1',NULL
4145,Mutter Masala With Kulcha,'45.00','D-657051629a811',NULL
4146,Mutter Masala With Kulcha,'45.00','D-6570518f411a1',NULL
4147,Mini Pizza,'30.00','D-6570567f61459',NULL
4148,Lencha,'45.00','D-657056eb64495',NULL
4149,Dum Aloo With Methi Kulcha,'45.00','D-65705ce2d222f',NULL
4150,Paneer Paratha With Cheese,'65.00','D-65705ee295133',NULL
4151,Dum Aloo With Methi Kulcha,'45.00','D-65705ee295133',NULL
4152,Mutter Masala with Kulcha,'45.00','D-65705f2785e84',NULL
4153,Persian Non-Veg Bowl,'120.00','D-65705fcaa5a74',NULL
4154,Spicy Cajun Chicken  Wings,'75.00','D-657096b05f911',NULL
4155,Irani Veg Bowl,'100.00','D-65711a697376b',NULL
4156,Irani Non-Veg Bowl,'120.00','D-65711abac183b',NULL
4157,Jamaican Veg Bowl,'100.00','D-657172627c947',NULL
4158,Jamaican Non-Veg Bowl,'120.00','D-657172a6be6bd',NULL
4159,Keerai Vada,'40.00','D-6571a29976652',NULL
4160,Plum Cake 80gm,'75.00','D-6571ab31cea94',1
4161,Stuff Kulcha,'45.00','D-6571f3585df48',NULL
4162,Barley Khichadi,'45.00','D-65726a20e4398',NULL
4163,Kanjipuram Idli,'45.00','D-65726a61e1f91',NULL
4164,Amritsari Kulcha Chole With Aloo,'45.00','D-65729c8441f40',NULL
4165,Amritsari Kulcha Chole With Aloo,'45.00','D-65729ccbe25ab',NULL
4166,Amritsari Kulcha Chole With Aloo,'45.00','D-65729cfb771f3',NULL
4167,Reboot Chai,'29.00','D-6572caa405169',1
4168,Bombay Cutting Tea,'15.00','D-6572cae1a797d',1
4169,Filter Kaapi,'17.00','D-6572cb2971ca1',NULL
4170,Special - Dahi Wada,'65.00','D-6572dc525dd92',NULL
4171,Cafe Caramel,'120.00','D-6572f85e38a45',NULL
4172,Take Away With Bag Brew Bangalore,'10.00','D-6572fe53ac721',1
4173,Iced Coffe,'120.00','D-6572ff25912c7',1
4174,Cold Mocha,'120.00','D-65730aac6db1e',1
4175,Cold Caramel Coffee,'120.00','D-65730bb45c3e0',NULL
4176,Cold Roasted Hazelnut,'120.00','D-65730cbf3b0ba',NULL
4177,COLD BREW,'110.00','D-65730ecce6f80',NULL
4178,Peach Iced Tea,'80.00','D-65730f81a56a9',NULL
4179,Lemon Iced Tea,'80.00','D-65731060c4a4d',NULL
4180,Green Tea,'110.00','D-657310a0c78ac',NULL
4181,Assam Tea,'110.00','D-657310c6e0325',NULL
4182,Coffee Vagan Soya/Almond,'125.00','D-657311ce295a6',NULL
4183,Cafe Caramel,'120.00','D-65731294b0345',NULL
4184,BBQ Fried Chicken,'75.00','D-657330db351d5',NULL
4185,Masala Dosa,'50.00','D-6574136e483df',NULL
4186,Ajwain Puri With Aloo Chole,'45.00','D-65749f7163ec4',NULL
4187,Herbs Fried Chicken,'75.00','D-6574a187a147a',NULL
4188,Chicken Sandwich,'60.00','D-6574ade6a506d',NULL
4189,Cabbage Bhajji,'45.00','D-657597af5cd1a',NULL
4190,Aloo Chole And Puri,'45.00','D-657622560a63a',NULL
4191,Ragi Idli,'45.00','D-657622aa612ae',NULL
4192,Masala Oats,'45.00','D-6576255e0447b',NULL
4193,CHICKEN PANZENELLA SALAD,'100.00','D-65769c01062a0',NULL
4194,CORN PEPPER CHEEZE SANDWICH,'75.00','D-65769f2e446dd',NULL
4195,HARISA SPIKED GRILLED CHICKEN WITH GREEN PEAS MASH,'120.00','D-6576a04098eed',NULL
4196,Cottage Cheese & Pesto Croissant Sandwich,'150.00','D-6576cf7abbce0',NULL
4197,Crispy Spicy Tawa Chicken  Sandwich,'75.00','D-657798b8918e3',NULL
4198,Crispy  Spicy Tawa Chicken,'75.00','D-65779917a3c74',NULL
4199,Crispy  Spicy Tawa Chicken  Sandwich,'75.00','D-65779a69556c8',NULL
4200,Bread pakkoda,'40.00','D-6577b91c62e8c',1
4201,Mint Lemon,'50.00','D-657802d018c6c',NULL
4202,Ghoogni And Loochi,'45.00','D-6578b1fac2b10',NULL
4203,Rawa Bhaat,'45.00','D-6578b29b875f6',NULL
4204,Kolhapuri Usal Pav,'45.00','D-6578b3a337e38',NULL
4205,Egg @ 65 With Lachha Paratha,'75.00','D-6578b891c9f74',NULL
4206,Chicken Fried With Veg Manchurian,'60.00','D-65793424d083a',NULL
4207,Caribbean Veg Bowl,'95.00','D-6579a50da8aea',NULL
4208,Caribbean Non-Veg Bowl,'115.00','D-6579a5861e8d3',NULL
4209,Extra Single Pav,'5.00','D-6579a5cab2e1e',0
4210,Vegetable Daliya,'45.00','D-657b3b26cf658',NULL
4211,Mix Veg Paneer Roll,'45.00','D-657b55e1542bc',NULL
4212,Bisebela bath,'45.00','D-657bbe6962af3',0
4213,Masala Puri With Aloo Kala Chana,'45.00','D-657bddf9833f0',NULL
4214,Masala Puri With Aloo Kala Chana,'45.00','D-657bde3a770d7',NULL
4215,Masala Puri With Aloo Kala Chana,'45.00','D-657bde8eeaa0a',NULL
4216,Vegetable Sandwich,'50.00','D-657bdf701e5af',NULL
4217,Vegetable Sandwich,'50.00','D-657bdfc0ecc4b',NULL
4218,Vegetable Sandwich,'50.00','D-657be0352c403',NULL
4219,Special - Dahi Samosa Chat,'65.00','D-657c10ca6dbe2',NULL
4220,Paneer Bhurji,'50.00','D-657ce825bfad8',NULL
4221,Chicken Kheema Pav,'75.00','D-657d052618e5c',NULL
4222,Masala Puri With Chole Aloo,'45.00','D-657d7be6ef018',NULL
4223,Chicken Poppers Fry,'75.00','D-657f38428cd6d',NULL
4224,CHAR GRILLED VEGETABLE SANDWICH,'75.00','D-657fb4eb69b49',NULL
4225,Chicken alafunghi,'120.00','D-657fe9cf1ebd9',NULL
4226,Chicken Samosa,'75.00','D-6580fceceee18',NULL
4227,Chicken Samosa,'75.00','D-6580fd207260b',NULL
4228,Chicken Samosa,'75.00','D-6580fd462af26',NULL
4229,Aloo Masala Sandwich,'45.00','D-65824250b5a7e',NULL
4230,Aloo Gobhi Paratha,'45.00','D-6583241cb569f',NULL
4231,Vada Usal,'45.00','D-658326384151a',NULL
4232,KolhapuriChavli Usal Pav,'45.00','D-65848604505b2',NULL
4233,Roasted  Chicken  Sandwich,'60.00','D-658490f1a3ad3',NULL
4234,Aloo Pyaaz  Samosa,'45.00','D-6584914c6f43e',NULL
4235,Amritsari Kulcha,'45.00','D-6584ea4ad32f5',NULL
4236,Amritsari Kulcha,'45.00','D-6584ea84806ca',NULL
4237,Amritsari Kulcha,'45.00','D-6584eaa61ccd2',NULL
4238,Roasted Tomato,Paneer & Zucchini Sandwich','45.00',1
4239,Roasted Tomato,Paneer & Zucchini Sandwich','45.00',1
4240,Wild Mushroom Sandwich,'140.00','D-6584eb7c9e44d',NULL
4241,Chicken Shanghai,'60.00','D-6585c2ea2ec81',NULL
4242,Mix Veg Kurma,'45.00','D-6587236e12e3d',NULL
4243,Masala Lucchi With Aloo Bhaji,'45.00','D-65887c39bd9db',NULL
4244,Pasta In Classic Tomato Sauce,'100.00','D-658903d725e98',NULL
4245,Pasta With Soya Bolognese,'100.00','D-65890407c53e4',NULL
4246,Ulta Vada Pav,'45.00','D-6589509bf1017',NULL
4247,Chicken Hot N Spicy Sriracha Sauce,'90.00','D-6589509bf1017',NULL
4248,Braised chicken with bamboo shoots and artichok,'120.00','D-65895cb345ff1',NULL
4249,Spicy pan seared king fish on glass noodles bed,'150.00','D-65895d32521a8',NULL
4250,Chicken Tikka Kathi Roll,'60.00','D-6589b39b6a61f',NULL
4251,Kheema Pav,'60.00','D-6589b5ffa753d',NULL
4252,Irani Chicken Kheema With Pav,'75.00','D-658a452f38062',0
4253,Cherry Milk Shake,'50.00','D-658a4ed71de34',NULL
4254,Coconut and kale smoothie,'65.00','D-658a5156d8aeb',NULL
4255,Nimbu Pani,'50.00','D-658a6c3c373c2',NULL
4256,Bread Cutlet,'45.00','D-658bf8558cec3',NULL
4257,Bread Cutlet,'45.00','D-658bf897c3040',NULL
4258,Dahi Puri,'30.00','D-658c062f1a11b',NULL
4259,Sev puri,'28.00','D-658c066eb62da',NULL
4260,Veg Meal,'80.00','D-658c06d97ef5a',NULL
4261,Non Veg Meal,'100.00','D-658c070a2e176',NULL
4262,Veg fry momo,'40.00','D-658d4d6412cdb',NULL
4263,Veg fry momo,'40.00','D-658d4dbc2fdaf',NULL
4264,Masala Egg Curry With Plain Paratha,'75.00','D-658db0b67089e',NULL
4265,Chicken Chilli Dry,'75.00','D-65924c6e15962',NULL
4266,Chicken Chilli Dry,'75.00','D-65924ca236cae',NULL
4267,Thai Spiced Steamed Chicken,Wheat Tabbouleh','120.00',1
4268,Wood smoked Prawns,Green,Garlic Mash,'Null'
4269,Herbed Cottage Cheese Steak,Green Pea Mash','100.00',1
4270,Grilled Chicken with wilted spinach,chickpea mash','120.00',1
4271,Cottage Cheese Steak with Asian Green& Foxtail mil,'100.00','D-65938e94a44cc',NULL
4272,Vegetable Macroni Cheese Lasagna,'100.00','D-6593ac6c59a87',NULL
4273,Macroni Chicken Cheese Lasagna,'120.00','D-6593acf2644ca',NULL
4274,Buranshi Murgh,'120.00','D-6593b4b85863c',NULL
4275,Acchari Paneer Tikka,'100.00','D-6593b5be19223',NULL
4276,Achari Paneer Tikka,'100.00','D-6593b63d4abc5',NULL
4277,Vegetable Paneer Frankie,'45.00','D-6595229e29ed9',NULL
4278,Vegetable Paneer Frankie,'45.00','D-659522e907f02',NULL
4279,Vegetable Paneer Frankie,'45.00','D-659523212b550',NULL
4280,Hara Bhara Kebab,'45.00','D-6596f7a4255c8',NULL
4281,Kesari Bhaat,'45.00','D-65992d4f19736',NULL
4282,CARROT CELARY JUICE,'55.00','D-659b702fc7318',NULL
4283,WOOD FIRE GRILLED VEGETABLE,GARLIC AOILI','75.00',1
4284,CREAMY CHIPOTLE CHICKEN COLESLAW S/W,'90.00','D-659b712e04223',NULL
4285,THAI SPICED STEAMED CHICKEN WITH RICE STICKS,'120.00','D-659b719be10b8',NULL
4286,POUCHED PRAWN WITH PUMPKIN MASH,GARLIC BREAD','150.00',1
4287,PUMPKIN RISOTTO WITH COTTAGE CHEESE STEAK,'100.00','D-659b72a113184',NULL
4288,Chocolate And Caramel Milk Shake,'50.00','D-659b99387c72e',1
4289,Veg Thali,'75.00','D-659bc44b5633d',NULL
4290,Ghee Roast,'40.00','D-659bc565b7539',NULL
4291,Mutton Stew,'65.00','D-659bc60ceec0d',NULL
4292,Veg Como Festival,'65.00','D-659bc679befc2',NULL
4293,Chicken Combo Festival,'75.00','D-659bc8ad0181e',NULL
4294,Mini Samosa,'40.00','D-659bd0327ca40',1
4295,Chilli Bajji,'40.00','D-659bd077b10e6',1
4296,MINI SAMOSA,'40.00','D-659bd9a09be7b',NULL
4297,MINI SAMOSA,'40.00','D-659bd9f0d099e',NULL
4298,SLOW COOCKED CHICKEN BREAST herb tossed,'120.00','D-659cb835884f4',NULL
4299,POCHED PRAWN WITH OLIVE MASHROOM MASH,'150.00','D-659cb8b43b0ed',NULL
4300,RISOTTO ALA FUNGI WITH COTTAGE CHEESE STEAK,'100.00','D-659cb94894e7b',NULL
4301,Veg COMBO,'75.00','D-659d42b29bdd6',NULL
4302,BIRYANI,'80.00','D-659d434110202',NULL
4303,BIRYANI,'100.00','D-659d43941897b',NULL
4304,Ugani,'40.00','D-659df47a2e479',NULL
4305,UGANI,'40.00','D-659df780a3f27',1
4306,Veg Manchurian,'45.00','D-659e4d76411d1',NULL
4307,Veg Manchurian,'45.00','D-659e4db7a7fa1',NULL
4308,Veg Manchurian,'45.00','D-659e4e0a607b0',NULL
4309,Chocolate Mousse,'30.00','D-659eb5dd8d1e8',1
4310,Chocolate Mousse,'30.00','D-659eb6307f6bb',1
4311,Bento,'850.00','D-659fa8bd1f052',0
4312,Veg Thali - Festival,'75.00','D-65a0eb6fe04d2',NULL
4313,Chicken (À la carte) - Festival,'40.00','D-65a0ebcfdc9d2',NULL
4314,Mutton (À la carte) - Festival,'65.00','D-65a0ec320fc85',NULL
4315,Veg Combo - Festival,'65.00','D-65a0ec98da7bf',NULL
4316,Chi. Combo - Festival,'75.00','D-65a0ed1481054',NULL
4317,Veg Live - (MALABAR VEG DUM BIRYANI),'83.00','D-65a0edc3ccf19',0
4318,BIRYANI,'97.00','D-65a0ee4dc6349',NULL
4319,Onion Uttapam,'45.00','D-65a1ebdfca9b8',NULL
4320,Egg Burji,'60.00','D-65a2739615e74',NULL
4321,Paneer Bhurji Pav,'45.00','D-65a2c562d3444',NULL
4322,Rawa Pakoda,'45.00','D-65a3b39329cdc',NULL
4323,Vegetable Chap,'45.00','D-65a3e5f02998f',NULL
4324,Vegetable Chap,'45.00','D-65a3e623216b0',NULL
4325,Vegetable Chap,'45.00','D-65a3e64e36508',NULL
4326,Malaysian Veg Bowl,'95.00','D-65a3e7569243a',NULL
4327,Malaysian Chicken Bowl,'115.00','D-65a3e78fb32c4',NULL
4328,Potato & Leek Soup Veg,'50.00','D-65a49cecd5046',NULL
4329,Kalakand - 250 g,'227.00','D-65a49d3c642c6',NULL
4330,Potato & Leek Soup Non-Veg,'60.00','D-65a49e484b0a2',NULL
4331,Kalakand - 500g,'418.00','D-65a49ea751a63',NULL
4332,Badam Milk,'25.00','D-65a49f11545d5',NULL
4333,Badam Milk,'25.00','D-65a4a00a78bd8',NULL
4334,Chikoo Milkshake,'60.00','D-65a4a13db23e8',NULL
4335,MEDITERRANEAN GRILLED VEGETABLE SANDWICH,'75.00','D-65a4c7fd5eff1',NULL
4336,MEDITERRANEAN GRILLED VEGETABLE SANDWICH,'75.00','D-65a4c7fd5eff1',NULL
4337,CREAMY PERI PERI CHICKEN SANDWICH,'90.00','D-65a4c91bc7c7f',NULL
4338,Add on Topping Non - Veg Protein,'55.00','D-65a4ca68dda53',NULL
4339,SMOKED CHICKEN AND EGG SALAD,'100.00','D-65a4cb6b0a8e8',NULL
4340,CUCUMBER AND MINT JUICE,'55.00','D-65a4cd3db5898',NULL
4341,HARISSA GRILLED PRAWNS TOSSED VEGETABLE,BROKEN','150.00',1
4342,GRILLED CHICKEN WITH BEETROOT MUTABAL,VEGETABLE','120.00',1
4343,GRILLED WITH BEETROOT MUTABAL,VEGETABLE','120.00',1
4344,HERBED COTTAGE CHEESE STEAK,ROOT VEGGIE MASH','100.00',1
4345,HERBED COTTAGE CHEESE STEAK,ROOT VEGGIE MASH','100.00',1
4346,HERBED COTTAGE CHEESE STEAK,ROOT VEGGIE MASH','100.00',1
4347,Veg BIYRANI,'80.00','D-65a4e06935a38',NULL
4348,Chi Biryani - Festival,'100.00','D-65a4e0c2be607',NULL
4349,MIXED BERRY AND TOSTED SEED PARFAIT,'100.00','D-65a5021f20a14',NULL
4350,Butter Croissant,'30.00','D-65a55048055da',1
4351,Arab Veg Bowl,'95.00','D-65a5f49ce4ccb',NULL
4352,Arab Non-Veg Bowl,'115.00','D-65a5f51666f28',NULL
4353,Soya Kheema Pyaz Samosa,'45.00','D-65a5fa3f556e1',NULL
4354,Soya Kheema Pyaz Samosa,'45.00','D-65a5fa9c70bbf',NULL
4355,Soya Kheema Pyaz Samosa,'45.00','D-65a5fada48ffe',NULL
4356,Paneer In Schezwan Sauce With Fried Rice,'100.00','D-65a613974967b',NULL
4357,Paneer In Schezwan Sauce With Hakka Noodles,'100.00','D-65a613d8ee098',NULL
4358,Paneer Pakoda - 2 pcs,'60.00','D-65a614e7e3be4',0
4359,Raj Kachori,'40.00','D-65a615b525d91',0
4360,STUFFED PARATHA (PANNER/PEAS),'50.00','D-65a73219bebcb',NULL
4361,Mexican Spiced Cottage Cheese Lasagna,'115.00','D-65a786ffdc0a2',NULL
4362,Mexican Spiced Chicken Lasagna,'135.00','D-65a7875007b62',NULL
4363,Mangalorean Buns,'45.00','D-65a88b23b427c',0
4364,CARROT IDLI,'42.00','D-65a88c6d3376d',0
4365,German Chocolate Cake 500gm,'750.00','D-65a898eb202f1',NULL
4366,German Chocolate Cake 1KG,'1200.00','D-65a8995cd38a9',NULL
4367,Pineapple Cake 500gm,'550.00','D-65a8998e28aed',NULL
4368,Pine Apple Cake 1KG,'1000.00','D-65a899c7e56df',NULL
4369,Fresh Fruit Cake 500gm,'580.00','D-65a89a03165d6',NULL
4370,Fresh Fruit Cake 1KG,'1000.00','D-65a89a4a0efb9',NULL
4371,Black Forest Cake 500gm,'580.00','D-65a89a9c92fc0',NULL
4372,Black Forest Cake 1KG,'580.00','D-65a89adb58e7f',NULL
4373,APPLE,BETROOT,CARROT & BASIL JUICE',NULL
4374,APPLE,BEETROOT,CARROT & BASIL JUICE',NULL
4375,SUGER FREE CRUNCHY MUSELI PARFAIT,'100.00','D-65ade05b4be47',NULL
4376,Indonesian Veg Bowl,'95.00','D-65ade1d383da6',NULL
4377,SMOKED CHICKEN SANDWICH,'90.00','D-65ade1de94366',NULL
4378,Indonesian Non-Veg Bowl,'115.00','D-65ade210c4a2d',NULL
4379,SPICED PANEER & CRUNCHY GREENS SEASONED MAYO S/W,'75.00','D-65ade22779d27',NULL
4380,CLASSIC FATTOUSH SALAD,SUMAC','90.00',1
4381,Opened Faced Veg Pizza Sandwich,'130.00','D-65ade443bf789',NULL
4382,CHICKEN SAUSAGE,MIX GREEN,JALAPENO SALAD',NULL
4383,Open Faced Non-Veg Pizza Sandwich,'130.00','D-65ade49a4ecaf',NULL
4384,Vegetable Nuggets,'45.00','D-65ade6820111e',NULL
4385,Vegetable Nuggets,'45.00','D-65ade6c2f35c3',NULL
4386,Vegetable Nuggets,'45.00','D-65ade700e65e2',NULL
4387,Cashew & Pista Milkshake,'50.00','D-65adf827e2beb',NULL
4388,Band Vada Pav,'45.00','D-65ae41b4e8724',NULL
4389,Cottage Cheese Hot Dog,'45.00','D-65ae41ebb8570',NULL
4390,Band Vada Pav,'45.00','D-65ae4222e0dc6',NULL
4391,Chicken Curry With Paratha,'60.00','D-65ae42f715462',NULL
4392,Mumbai Masala Sandwich,'50.00','D-65ae4334581f3',NULL
4393,Chicken Rendang,'60.00','D-65aead68c747f',NULL
4394,Persian Veg Bowl,'95.00','D-65aeb9b15bd03',NULL
4395,Aloo bhaji with poori,'45.00','D-65af8ee1874e2',NULL
4396,Spanish Veg Bowl,'105.00','D-65aff9014d95d',NULL
4397,Spanish Non Veg Bowl,'125.00','D-65affc9db748c',NULL
4398,Egg Masala With Pav,'75.00','D-65b002732341a',NULL
4399,Special - Aloo Chana Chat,'65.00','D-65b0d554b3790',NULL
4400,BREAD CORN PULAO,'40.00','D-65b1cf0666623',NULL
4401,ONION PAKODA,'45.00','D-65b1cf45b6e69',0
4402,Rs.1,'1.00','D-65b1f48c9c9c9',NULL
4403,Rs.2,'2.00','D-65b1f516e11f7',NULL
4404,Rs.5,'5.00','D-65b1f6eb77edc',NULL
4405,Rs.10,'10.00','D-65b1f776cd41e',NULL
4406,Rs.50,'50.00','D-65b1f9d83d16f',NULL
4407,Rs.100,'100.00','D-65b1fbe4e5280',NULL
4408,Rs.500,'500.00','D-65b1fc3423df5',1
4409,Rs.1000,'1000.00','D-65b1fcf35815b',NULL
4410,Iced Cappuccino Salted Caramel,'150.00','D-65b36789c79a8',0
4411,CHICKEN TRIO QUICHE,'135.00','D-65b367eb0034c',NULL
4412,Special-Egg Kejriwal,'60.00','D-65b3682f97144',NULL
4413,Fresh Strawberry Croissant,'150.00','D-65b3686fb9e56',NULL
4414,Nutella Croissant,'120.00','D-65b368c0673cf',NULL
4415,CHICKEN LEEK & CELERY PIE,'120.00','D-65b3691329f98',NULL
4416,Caramel Banana & Nutella Croissant,'110.00','D-65b3695beb210',NULL
4417,PANEER BHURJI CROISSANT,'120.00','D-65b369992e40b',NULL
4418,CHICKEN MAKHANI VOL-AU-VENT,'125.00','D-65b36a463c6bf',NULL
4419,CHICKEN & BELL PEPPER CROISSANT,'140.00','D-65b36a8d6f3a1',NULL
4420,Roasted Zuchhini & Three Pepper Croissant,'135.00','D-65b36ad78c83b',NULL
4421,CHICKEN TIKKA CROISSANT,'140.00','D-65b36b1ecde35',NULL
4422,Cappuccino Demi Tiramisu,'80.00','D-65b36b94cdd97',NULL
4423,Cappuccino Demi Salted Caramel,'80.00','D-65b36d99ba591',NULL
4424,Cappuccino Reg Roasted Hazelnut,'140.00','D-65b36df079b93',NULL
4425,Cappuccino Reg Tiramisu,'140.00','D-65b36e31b8907',NULL
4426,Hara Bhara Kebab,'45.00','D-65b3f86b4efee',NULL
4427,PANEER BHURJI WITH CHAPATI,'50.00','D-65b5c83c3acf4',NULL
4428,POHA IDLY,'40.00','D-65b6dc0b3aee6',NULL
4429,RAVA KESARI,'40.00','D-65b6e1b660643',NULL
4430,RAVA KESARI,'40.00','D-65b6e206f00dd',NULL
4431,Marinated Seared King Fish Pineapple Salsa,'150.00','D-65b749b99838e',NULL
4432,Roasted Tomato Basil Soup With Chicken,'60.00','D-65b75eb46d1a2',NULL
4433,TOMATO IDILY,'40.00','D-65b841a114acd',NULL
4434,ASSORTED BHAJI,'40.00','D-65b8434b0d41e',NULL
4435,Ulta Vada Pav,'45.00','D-65b84b544eebd',NULL
4436,Special Of The Day,'30.00','D-65b905b588de2',0
4437,Marinated seared grilled prawn pineapple salsa,'150.00','D-65b9ea2c28ed3',NULL
4438,Chipotle Chicken,'60.00','D-65ba77a0178b5',NULL
4439,GREEN MOONG VADA,'40.00','D-65bafdf7f244b',NULL
4440,GREEN MOONG VADA,'40.00','D-65bafe3fa29a7',NULL
4441,Chicken Biryani,'125.00','D-65bc923d755f9',1
4442,Hyderabad EGG BIRYANI,'110.00','D-65bc92ad2166e',NULL
4443,Veg Biryani,'90.00','D-65bc92fc7b655',1
4444,Special Multigrain Chicken Sandwich,'120.00','D-65bcb59b66121',NULL
4445,Aloo Chole With Paratha,'45.00','D-65bcc97e2298c',NULL
4446,Aloo Chole With Paratha,'45.00','D-65bcc9dc36d0f',NULL
4447,Aloo Chole With Paratha,'45.00','D-65bcca33b0cb6',NULL
4448,Arabian Mandi Di Dawat (Mutton),'180.00','D-65bd5047dbb74',0
4449,Chicken Tikka Roll,'75.00','D-65bd668e25554',NULL
4450,Special Of The Day,'25.00','D-65bdb3047c310',0
4451,Chicken Masala with Pav,'60.00','D-65be8fb583875',NULL
4452,Chicken Kheema Stuff Pav,'75.00','D-65bee4536b746',NULL
4453,Mexican jalapeno,Grilled Veg S/W','75.00',1
4454,Chicken Pepperoni S/W,'90.00','D-65c070bc0a353',NULL
4455,Mint Jaljeera,'50.00','D-65c074bebc8e7',NULL
4456,caramel dark chocolate milk shake,'50.00','D-65c076ab74359',NULL
4457,Coconut caramel milk shake,'50.00','D-65c076ab74359',NULL
4458,Egg Shawarma Wrap,'75.00','D-65c3bfd1c1e1c',NULL
4459,Chicken Thali - Festival,'110.00','D-65c483e8b9710',NULL
4460,Mutton Combo - Festival,'110.00','D-65c48e446a666',NULL
4461,Chicken Manchurian with Fried rice,'60.00','D-65c66a39c9307',NULL
4462,Aloo bhaji with plain Paratha,'45.00','D-65c6cc9972da3',NULL
4463,Paneer Manchurian Dry,'100.00','D-65c98d7cbc97e',NULL
4464,Veg Hot N Spicy Sriracha Sauce,'80.00','D-65c98d7cbc97e',NULL
4465,Veg Manchurian Butter Garlic Dry,'100.00','D-65c98dd7679ab',NULL
4466,Paneer Hot N Spicy Sricha Sauce,'80.00','D-65c98f0e3ed52',NULL
4467,Crunchy Strawberry Dragees,'380.00','D-65c9a9543e436',NULL
4468,Valentine Day Special Gift Hamper,'1650.00','D-65c9aa1b69804',NULL
4469,Exquisite Rose Chocolate,'1000.00','D-65c9aa9647e98',NULL
4470,Breakable Heart,'1000.00','D-65c9aae9491ce',NULL
4471,Chocolate Heart Shape Strawberry Cheese Cake,'800.00','D-65c9ab25ef618',NULL
4472,Chocolate Heart Shape Double Salted Caramel,'800.00','D-65c9ab725b772',NULL
4473,Loose Heart Shape Cookies,'45.00','D-65c9abcaa858a',NULL
4474,Schezwan Cheese Bun,'80.00','D-65c9aee4aa4c8',0
4475,Wheat Base Chicken Sausage Pizza,'180.00','D-65c9b050838cb',0
4476,Wheat Based Bhuna Chicken Pizza,'180.00','D-65c9b050838cb',0
4477,Braised chicken with Rosemary mash & wilted veg,'120.00','D-65c9bee5a5d74',NULL
4478,Grilled Bell pepper &corn S/W,'75.00','D-65c9bf444b820',NULL
4479,Chipotle chicken S/W,'90.00','D-65c9c021468fc',NULL
4480,Classic chicken Ceasar salad,'100.00','D-65c9c153493d0',NULL
4481,Carrot Ginger Basil,'65.00','D-65c9c27777696',NULL
4482,Amai vada,'40.00','D-65c9f5ada5d5c',NULL
4483,Amai vada,'40.00','D-65c9f61538614',NULL
4484,Red Velvet Heart (Cake),'195.00','D-65ca547ff2867',NULL
4485,Chocolate Covered Strawberry (4 Pcs),'95.00','D-65ca55556ae6b',NULL
4486,Red Velvet Frappe,'160.00','D-65ca55badc9dd',NULL
4487,Moong Sprouts Chat,'45.00','D-65cc1a7a4837c',NULL
4488,Cappuccino Demi Roasted Hazelnut,'80.00','D-65cc5301e813c',NULL
4489,Mix Bhajji,'45.00','D-65cc7d09a97d1',1
4490,Mix Bhajji,'45.00','D-65cc804d696da',1
4491,Mix Bhajji,'45.00','D-65cc816a53f80',NULL
4492,Latte Reg Salted Caramel,'140.00','D-65cc9a3b9e19a',NULL
4493,Latte Reg Tiramisu,'140.00','D-65cc9a7886f16',NULL
4494,Wood fired Grilled Chicken Foxtail Millets Veggies,'120.00','D-65d2ff0474659',1
4495,Green apple and chicken Salad,'100.00','D-65d30e1e932b3',1
4496,French Bistro Salad,'90.00','D-65d30ee799c67',1
4497,CUCUMBER AND MINT JUICE,'55.00','D-65d3107f9acd9',1
4498,Mexican Jalapeno Beans & Panner Sandwich,'75.00','D-65d3142c16af6',1
4499,Cured Chicken Pepperonis With Trio Peppers S/W,'100.00','D-65d3155276519',1
4500,Tunisian Style Grilled Prawn Root Vegetables Mash,'150.00','D-65d334d119745',1
4501,HARISSA GRILLED Prawns TOSSED VEGETABLE,BROKEN','150.00',1
4502,HARISSA GRILLED Cottage Chees And Herbs,'100.00','D-65d336f4b31bd',1
4503,Pindi Chana with Paratha,'45.00','D-65d5d8b62e493',NULL
4504,Pindi Chana with Paratha,'45.00','D-65d5d91ed3eea',NULL
4505,Pindi Chana with Paratha,'45.00','D-65d5da4354058',NULL
4506,Chicken Sukkah,'60.00','D-65d6481c35a89',NULL
4507,ERULLI BAJJI,'40.00','D-65dbb685c1da6',NULL
4508,ERULLI BAJJI,'40.00','D-65dbb8abbb5cc',NULL
4509,WHITE KESARI BATH,'45.00','D-65dbb8d127516',0
4510,Great American Vegetbale BBQ S/W,'75.00','D-65dc2613baf78',NULL
4511,Spicy Chicken Keema and Sweet Pepper S/W,'90.00','D-65dc26a24219f',NULL
4512,Roasted Root Vegetable Salad,'95.00','D-65dc2714dadb5',0
4513,Insalata Dil Pollo,'100.00','D-65dc27320739f',NULL
4514,Citrus Carrot Cooler,'55.00','D-65dc2823a6fae',NULL
4515,Organic Berry & Coconut Blast Smoothie,'65.00','D-65dc287e1918b',NULL
4516,Extra Bread,'8.00','D-65dc2a5347086',NULL
4517,Goat Cheese Beetroot Risotto with Cottaga cheese,'100.00','D-65dc2a84adce3',NULL
4518,Chicken Terrine with Mixed Millet & Root veg,'120.00','D-65dc2b845950b',NULL
4519,Pan Seared Fish Steak,'150.00','D-65dc2c503b42d',NULL
4520,Murgh Malai Tikka,'368.00','D-65dc543e18e28',NULL
4521,Mint Lime Juice,'50.00','D-65dc72cb81576',NULL
4522,Organic Berry & Coconut Blast Milk Shake,'50.00','D-65dc7459b1621',NULL
4523,Flat White,'160.00','D-65dda9ab6c235',NULL
4524,Veg Sandwich Croissant,'50.00','D-65decf5f19036',NULL
4525,Donuts,'30.00','D-65decfba12551',NULL
4526,Choco Chip Muffin,'30.00','D-65ded0c0e809f',NULL
4527,Donuts,'30.00','D-65ded0f4c718d',NULL
4528,Grilled Cottage Cheese with Vegetables Peri Peri,'100.00','D-65e01c85b4124',NULL
4529,Grilled Prawns with Pumpkin Mash Served,'150.00','D-65e01d2633eda',NULL
4530,Venilla Muffin,'20.00','D-65e01e3a23506',NULL
4531,Cinnamon Donuts,'20.00','D-65e01f00daaae',NULL
4532,Venilla Muffin,'20.00','D-65e024f6aa693',NULL
4533,Cinnamon Donuts,'20.00','D-65e0254676a70',NULL
4534,Veg Biryani - Fest,'90.00','D-65e07699b2eeb',NULL
4535,Chicken  Biryani - Fest,'110.00','D-65e0787721455',NULL
4536,MINI MEDU WADA,'27.00','D-65e1b9ff1a200',NULL
4537,FARSAN 100,'100.00','D-65e21c2ed04e3',NULL
4538,DAHI RAGDA PATTICE,'35.00','D-65e3100ae638e',NULL
4539,Lemon Ice Tea,'99.00','D-65e5594bc6785',NULL
4540,Achari Paneer Sandwich,'75.00','D-65e55a97ba9b4',NULL
4541,Roast Chicken and Cheese Melt S/W,'90.00','D-65e55bb7bea6e',NULL
4542,Walnut,Wild Rice and Summer Green Salad','90.00',1
4543,Larb Gai ( Thai Minced Chicken Salad),'100.00','D-65e55cbdce71b',NULL
4544,Root Rejuvenating Juice,'55.00','D-65e55dbfb4428',NULL
4545,Pesto Chicken with Tossed Veggie & roasted potato,'120.00','D-65e55f6f244e0',NULL
4546,Lemon Butter Fish with Beans Fagiolini,'150.00','D-65e55feee7760',NULL
4547,Classic Spinach Ricotta Malfatti on Herb Bread,'100.00','D-65e560b212cd7',NULL
4548,Wild Berry Ice Tea,'99.00','D-65e5612e74e89',NULL
4549,Strawberry Ice Tea,'99.00','D-65e5619542f07',NULL
4550,Hazelnut Ice Tea,'99.00','D-65e561f514b82',NULL
4551,Le Pure Shortbread Cookies,'45.00','D-65e5840933178',NULL
4552,Hot Dog Cottage Cheese,'60.00','D-65e584e1878cf',NULL
4553,Mixed Berry Shake,'578.00','D-65e58c6e09bdc',NULL
4554,Chicken Salami Sub Sandwich,'160.00','D-65e69d0706b65',NULL
4555,Herb Buttered Prawns Sub Sandwich,'170.00','D-65e6a2496453b',NULL
4556,Takeaway Box,'15.00','D-65e6c3d119a55',NULL
4557,Soya Kheema Mutter Samosa,'45.00','D-65e6e20e50ab2',NULL
4558,Soya Kheema Mutter Samosa,'45.00','D-65e6e25c40804',NULL
4559,Soya Kheema Mutter Samosa,'45.00','D-65e6e29718cf4',NULL
4560,BROWN POHA,'42.00','D-65e98b287b0a6',NULL
4561,FRENCH FRIES,'42.00','D-65e98d299bd40',NULL
4562,FASTING THALI,'60.00','D-65eac0f08c8aa',NULL
4563,Rasam Vada,'35.00','D-65f1209b8dd34',NULL
4564,DALIYA,'42.00','D-65f121109acbf',NULL
4565,VEG NOODLES,'50.00','D-65f1257b1c8cf',NULL
4566,Chicken Brest Sticks,'60.00','D-65f2d41a427e5',NULL
4567,Chicken Brest Sticks,'60.00','D-65f2d4bb4688a',NULL
4568,VEG MINI MEAL,'55.00','D-65f31a696e39f',NULL
4569,NON-VEG MINI MEAL,'61.00','D-65f31ae7bf5f2',NULL
4570,Soya Seekh Sub Sandwich,'150.00','D-65f3fcad7c96d',NULL
4571,Buttered Garlic Prawns Sub Sandwich,'170.00','D-65f3fd6b7fc8f',NULL
4572,Best Bombay Vg S/W with Cheese,'75.00','D-65f7d128192ef',NULL
4573,Pulled Chicken and Caramelize Onions S/W,'90.00','D-65f7d191e6453',NULL
4574,Sum Tom Salad,'90.00','D-65f7d20c22fdd',NULL
4575,Insalata Di Polo E Uova,'100.00','D-65f7d2a098f54',NULL
4576,Kale and Celery Cooler,'55.00','D-65f7d35572f5f',NULL
4577,Grilled Chicken with Caponata & Cheese Potato mash,'120.00','D-65f7d7cb1689c',NULL
4578,Lemon Pepper Grilled Prawns with Caponata,'150.00','D-65f7d838b77fe',NULL
4579,Chimichurri Cottage Cheese Steak Maple Glazed,'110.00','D-65f7d8aa3cb83',NULL
4580,SHAHI THANDAI SPL,'50.00','D-65f7d99e6a89e',NULL
4581,ROSE THANDAI SPL,'50.00','D-65f7dba5bb67a',NULL
4582,Gajar Ka Halwa,'45.00','D-65f7f2252b173',0
4583,REGULAR TEA 100ML,'11.00','D-65f90bf52a2ab',NULL
4584,REGULAR TEA 140ML,'16.00','D-65f90cf52a662',NULL
4585,LIFE TEA,'16.00','D-65f90d48509b8',NULL
4586,LIFE TEA - GINGER,'18.00','D-65f90d9b722b0',NULL
4587,MASALA TEA,'18.00','D-65f90ed22e89e',NULL
4588,Cottage Cheese Stroganoff,'100.00','D-65f93710d29ec',NULL
4589,Chicken Stroganoff,'120.00','D-65f937b92affa',NULL
4590,GUJIYA,'30.00','D-65fb0851417b2',NULL
4591,GINGER LEMON TEA,'13.00','D-65fb0b58567d2',NULL
4592,FILTER COFFEE 100ML,'17.00','D-65fb0bad2508d',NULL
4593,FILTER COFFEE 140ML,'22.00','D-65fb0c1babe9d',NULL
4594,NESCAFE,'22.00','D-65fb0cfc3a38c',NULL
4595,BLACK COFFEE,'15.00','D-65fb0d5119a00',NULL
4596,BADAM MILK,'20.00','D-65fb0d94edfee',NULL
4597,HORLICKS,'20.00','D-65fb0de1a657e',NULL
4598,BOURNVITA,'20.00','D-65fb0e26739d5',NULL
4599,BOOST,'20.00','D-65fb0e6b65f02',NULL
4600,RAGI MALT,'20.00','D-65fb0ec37a0ca',NULL
4601,HOT CHOCOLATE,'20.00','D-65fb0f0e97b0b',NULL
4602,BUN BUTTER,'22.00','D-65fb0f60a6588',NULL
4603,BUN JAM,'22.00','D-65fb0faa8f96e',NULL
4604,BUN BUTTER JAM,'25.00','D-65fb0ff10be0a',NULL
4605,BUN BUTTER CHEESE,'35.00','D-65fb102c5ba3e',NULL
4606,BUN BUTTER JAM CHEESE,'38.00','D-65fb1075733fb',NULL
4607,PLAIN BUN,'17.00','D-65fb10d2198c8',NULL
4608,HOLY TULSI,'17.00','D-65fb135fb87f0',NULL
4609,CALM TEA,'17.00','D-65fb13de5b4cf',NULL
4610,YELLOW MILK,'19.00','D-65fb1420481d9',NULL
4611,REFRESH TEA,'17.00','D-65fb147026c75',NULL
4612,PEPPER KASHAYA,'17.00','D-65fb1539858e8',NULL
4613,GREEN TEA,'21.00','D-65fb159f9d4c6',NULL
4614,DIABETIC TEA,'17.00','D-65fb15dc41da7',NULL
4615,COLD BEVERAGES 200ML,'30.00','D-65fb1631dcc17',NULL
4616,COLD BEVERAGES 140ML,'22.00','D-65fb17d3820de',NULL
4617,WHITE BREAD BUTTER,'22.00','D-65fb18221b9d3',NULL
4618,BROWN BREAD BUTTER,'25.00','D-65fb187b2abc9',NULL
4619,WHITE BREAD JAM,'25.00','D-65fb18bdbafee',NULL
4620,BROWN BREAD JAM,'27.00','D-65fb190c2eeb0',NULL
4621,WHITE BREAD CHEESE,'36.00','D-65fb19502abec',NULL
4622,BROWN BREAD CHEESE,'40.00','D-65fb198c4315e',NULL
4623,COOKIES,'9.00','D-65fb19df3af9a',NULL
4624,Bangalore Onion Bajji,'50.00','D-65fbd16d3ede7',NULL
4625,Bangalore Onion Bajji,'50.00','D-65fbd451c05c8',NULL
4626,Bangalore Chilli Bajji,'50.00','D-65fbd5a78e8ea',NULL
4627,Bangalore Chilli Bajji,'50.00','D-65fbd63e75618',NULL
4628,Bangalore Potato Bajji,'50.00','D-65fbd66fc1b4c',NULL
4629,Bangalore Potato Bajji,'50.00','D-65fbd6d468ce3',NULL
4630,Bangalore Raw Banana Bajji,'50.00','D-65fbd709aa3f4',NULL
4631,Bangalore Raw Banana Bajji,'45.00','D-65fbd7a443d07',0
4632,Dark Chocolate Orange Mousse,'100.00','D-65fbdcb3c1350',NULL
4633,Plain Nizam Chilla,'45.00','D-65fbe1d8dedcc',NULL
4634,Plain Nizam Chilla,'45.00','D-65fbe256160cf',NULL
4635,Masala Nizam Chilla,'55.00','D-65fbe3037612f',NULL
4636,Masala Nizam Chilla,'55.00','D-65fbe32ad99cd',NULL
4637,Paneer Nizam Chilla,'65.00','D-65fbe369bdc20',NULL
4638,Paneer Nizam Chilla,'65.00','D-65fbe3af65024',NULL
4639,Veg Pav Bhaji,'40.00','D-65fbe69c142c8',NULL
4640,Veg Pav Bhaji,'40.00','D-65fbe705f19d8',NULL
4641,Chicken Keema Matar Pav,'50.00','D-65fbe74560989',NULL
4642,Chicken Kheema Matar Pav,'50.00','D-65fbe797b53ad',NULL
4643,BLACK CHANA CHOLE BHATURE,'50.00','D-65fbe7ddd6eeb',NULL
4644,Kale Chane Chole & Kulcha,'50.00','D-65fbe86a07f32',NULL
4645,Punjabi Aloo Matar Samosa,'50.00','D-65fbe89f5e802',NULL
4646,Punjabi Aloo Matar Samosa,'50.00','D-65fbe8fa14f0a',NULL
4647,Chicken Kheema Samosa,'60.00','D-65fbe935b680c',NULL
4648,Chicken Kheema Samosa,'60.00','D-65fbe983266ec',NULL
4649,Shavige bath,'40.00','D-65fbeb3e77f5b',NULL
4650,Gulab Jamun - 2 pcs,'45.00','D-65fbeb40a1398',NULL
4651,Shavige bath,'40.00','D-65fbeb8a7f3bb',NULL
4652,Goli Bajji,'45.00','D-65fbede2dfef8',NULL
4653,Chitranna,'45.00','D-65fc07c3c532c',0
4654,Mango Cooler,'20.00','D-65fc100984702',NULL
4655,Mango Coller,'20.00','D-65fc10d64124b',NULL
4656,Mango Cooler,'20.00','D-65fc11292aa49',NULL
4657,Mango Cooler,'20.00','D-65fc1175f004a',NULL
4658,Butter Milk,'20.00','D-65fc11f02c403',NULL
4659,Butter Milk,'20.00','D-65fc124e0e126',NULL
4660,Butter Milk,'20.00','D-65fc12cf7c292',NULL
4661,Butter Milk,'20.00','D-65fc13c4e6832',NULL
4662,Chicken Samosa,'30.00','D-65fc38f8b12ac',NULL
4663,Veg Thali - Fest,'90.00','D-65fd21977c804',NULL
4664,Masala Shikanji,'50.00','D-66012b17ae436',NULL
4665,Punjabi Lassi,'40.00','D-66012cca425fe',NULL
4666,Baby Spinach Ricotta Malfatti Buttered Veggies,'100.00','D-66012e2364ab2',NULL
4667,Sous Vide Chicken Breast with Cous Cous,'120.00','D-6601306153e4e',NULL
4668,Poached Prawns with Inspired Sauce Wilted Veggies,'150.00','D-660131adced03',NULL
4669,Cucumber Mint Cooler,'55.00','D-660132a42102f',NULL
4670,Mint Chutney Paneer Tikka S/W,'75.00','D-66013368841cb',NULL
4671,Spicy Glass Noodles & Healthy Greens Salad,'90.00','D-6601348d75ac2',NULL
4672,Wood Smoked BBQ Chicken Cheese S/W,'90.00','D-6601356b4cdf7',NULL
4673,Egg Maggie,'25.00','D-66056945bd710',NULL
4674,Masala Maggie,'60.00','D-66056999ec43f',NULL
4675,Egg Maggie,'20.00','D-660569e8f198a',NULL
4676,Masala Maggie,'25.00','D-66056a5922860',NULL
4677,Egg Maggie,'30.00','D-66056c5b9bb97',NULL
4678,Masala Maggie,'1.00','D-66056caea8a31',NULL
4679,Vada Pav,'1.00','D-6605739b03756',NULL
4680,Samosa Pav,'15.00','D-660573e21cf9f',NULL
4681,Baji Pav,'1.00','D-660574111580a',NULL
4682,Tofu Sisig,'49.00','D-6607bb7f28e7c',NULL
4683,Kala Khatta,'30.00','D-660e6b00a229c',NULL
4684,Takeaway Paper Plate,'12.00','D-660f9b0a7ec1d',NULL
4685,Grilled paneer with mushroom sauce,'100.00','D-660fa41f9cb49',NULL
4686,Gulabi Thandai,'30.00','D-660fd5210d98a',0
4687,Bread Pudding,'10.00','D-660fdfc7598df',NULL
4688,Bread Pudding,'10.00','D-660fe0494be67',NULL
4689,Bread Pudding,'996333.00','D-660fe086026d3',NULL
4690,Blueberry Cheese Cake,'25.00','D-660feedf5dcff',NULL
4691,Cottage Cheese & Chickpea Kebab,'45.00','D-661127b3df26f',NULL
4692,Peruvian Veg Bowl,'100.00','D-6613711d165e7',NULL
4693,Chicken Oyster Chilli Dry,'110.00','D-6613811b7a015',0
4694,Manchow Soup Veg,'60.00','D-661383918c81e',NULL
4695,Veg Hokkien Style Noodles,'70.00','D-661384d8d1bee',0
4696,Tempura Fried Veg Black Bean Sauce With Noodles,'100.00','D-661384c58b48c',NULL
4697,Chicken In Manchurian Sauce,'110.00','D-661385fd43b15',0
4698,Veg Manchurian Chilli Garlic Dry,'100.00','D-6613863e14413',NULL
4699,Paneer Schezwan Sauce,'100.00','D-661386ab82a5f',0
4700,Spicy Tawa Anda With Pav,'75.00','D-6613867c17296',NULL
4701,Veg Schezwan Bell Pepper Fried Rice,'70.00','D-661386f558644',0
4702,Spicy Tawa Anda With Pav,'75.00','D-661386e69a7bf',NULL
4703,Spicy Tawa Anda With Pav,'75.00','D-661387414858e',NULL
4704,Egg Schezwan Bell Pepper Fried Rice,'80.00','D-661387bef3e08',NULL
4705,Chicken Dumpling Schezwan Sauce With Noodles,'120.00','D-661387b48260e',NULL
4706,Honkong Style Veg Fried Noodles,'60.00','D-66138824b8d3f',NULL
4707,Veg Hakka Noodles,'60.00','D-6613886427193',NULL
4708,Chicken Tempura Oyster Sauce With Fried Rice,'120.00','D-6613895db0980',NULL
4709,Manchow Soup Chicken,'75.00','D-661389bfee1cf',NULL
4710,Chicken Manchurian,'90.00','D-66138a00e4dd1',NULL
4711,Chicken Schezwan Sauce,'110.00','D-66138a4544aba',0
4712,Egg Fried Rice,'65.00','D-66138a841db6b',NULL
4713,Prawns Chilli Burnt Garlic Rice,'130.00','D-66138ac218410',NULL
4714,Honkong Style Chicken Fried Rice,'80.00','D-66138b09e26e5',NULL
4715,Honkong Style Chicken Fried Noodles,'80.00','D-66138b7f69b21',NULL
4716,Egg Hokkien Style Noodles,'80.00','D-66138bed0001d',NULL
4717,Chicken Hokkien Style Noodles,'90.00','D-66138c2f6b2f3',NULL
4718,Thai Spiced Steamed Chicken Broken Wheat Tabbouleh,'120.00','D-661393ce56748',1
4719,Wood Smoked Prawns Organic Green Garlic Mash,'150.00','D-6613969716f35',1
4720,Herbed Cottage Chees Steak Root Veggie Mash,'100.00','D-661397a9bd816',1
4721,Chicken Salami Red Onion Smoked Mayo,'100.00','D-66139aa89f9df',1
4722,Chicken Schezwan Combo With Fried Rice,'120.00','D-66139cc0a1260',NULL
4723,Chicken Tempura In Oyster Sauce With Noodles,'120.00','D-66139d8511106',NULL
4724,Chicken Tempura In Schezwan Sauce With Noodles,'120.00','D-66139db53369e',NULL
4725,Mexican Three Beans Salad,'90.00','D-6613a60d34fdf',1
4726,Sumac Rubbed Chicken Organic Green Salad,'100.00','D-6613a75239cf7',1
4727,Peri Peri Chicken Sandwich,'90.00','D-6614df3f0c74e',NULL
4728,Dried Fruit Ladoo - 2 pcs,'50.00','D-6616c3d4e651e',0
4729,Veg Hot & Sour Soup,'60.00','D-661cd1e6ec965',0
4730,Chicken Lollipop Dry,'110.00','D-661cd25977707',NULL
4731,Soya Lollipop,'100.00','D-661cd2c6569fa',NULL
4732,Veg Chilli Burnt Garlic Fried Rice,'70.00','D-661cd3af21d3c',0
4733,Egg Chilli Burnt Garlic Fried Rice,'80.00','D-661cd3ed279a5',NULL
4734,Chicken Schezwan Rice,'80.00','D-661cd424033ca',NULL
4735,Veg Chilli Garlic Noodles,'70.00','D-661cd44fccd45',0
4736,Egg Schezwan Noodles,'65.00','D-661cd49c91399',NULL
4737,Chicken Chilli Garlic Noodles,'90.00','D-661cd511a5f12',NULL
4738,Masala Maggi,'50.00','D-661cfafcd9454',0
4739,Chicken burger,'120.00','D-661e1ee583e72',NULL
4740,Cottage cheese burger,'100.00','D-661e1f3eaa806',NULL
4741,Bento Veg,'893.00','D-661e4711311ae',0
4742,Paneer Paratha With Cheese,'65.00','D-661f9753948aa',NULL
4743,Paneer Paratha With Cheese,'65.00','D-661f977ae0217',NULL
4744,Aloo Paratha With Cheese,'65.00','D-66207a1e9ba29',NULL
4745,Rajma Paratha With Cheese,'65.00','D-662090aec68a9',NULL
4746,Til Gud Ladoo - 4 pcs,'15.00','D-6620bac124f24',NULL
4747,Ginger Bread Cookies,'45.00','D-6620baea0f027',NULL
4748,Samosa Chaat,'20.00','D-66210d41607ad',NULL
4749,Cheese Maggi,'30.00','D-66211742098cf',NULL
4750,Green Curry,'110.00','D-66211864c89e6',NULL
4751,Sushi,'100.00','D-662118bf57f70',NULL
4752,Pad Thai,'120.00','D-6621191998550',NULL
4753,Flat White,'160.00','D-66211ee113a85',NULL
4754,Cafe Mocha,'120.00','D-66211f1fc77d4',NULL
4755,Americano,'130.00','D-66211f5b47d9d',NULL
4756,Gobhi Paratha With Cheese,'65.00','D-6621ce406d744',NULL
4757,Egg Pakoda,'75.00','D-662249b2c92bd',NULL
4758,Egg Pakoda,'75.00','D-662249d16aab4',NULL
4759,Egg Pakoda,'75.00','D-662249f43c13a',NULL
4760,Corn vada,'40.00','D-66224a96eeca4',NULL
4761,Veg Pattice Sandwich,'80.00','D-662273c94ad19',NULL
4762,Chicken Pattice Sandwich,'90.00','D-662273eea2675',NULL
4763,Special - Mango Lassi,'60.00','D-6625e61b1ab8f',0
4764,Takeaway Quinoa Salad Veg,'100.00','D-6625ef4e21407',NULL
4765,Tempura Fried Veg Black Bean Sauce With Fried Rice,'100.00','D-662607e94e75c',NULL
4766,Chicken Manchurian Dry,'110.00','D-66260857cce83',NULL
4767,Chicken Dumplings Black Bean Sauce With Rice,'120.00','D-662608afde091',NULL
4768,Chicken Dumplings Black Bean Sauce With Noodles,'120.00','D-6626094d27885',NULL
4769,Dudhi Ka Halwa,'30.00','D-662617b718f76',NULL
4770,Dudhi Ka Halwa,'30.00','D-662617e04b1db',NULL
4771,Brownie,'20.00','D-6626842ed1e8b',NULL
4772,Chicken Sandwich,'35.00','D-6626841133c77',NULL
4773,Mix Veg Paratha With Cheese,'65.00','D-66270f27372f5',NULL
4774,Mutter Paneer Paratha,'45.00','D-66270fc4c1663',NULL
4775,Mutter Paneer Paratha,'45.00','D-66270fe986e41',NULL
4776,Mutter Paneer Paratha With Cheese,'65.00','D-6627101934ccd',NULL
4777,Mutter Paneer Paratha With Cheese,'65.00','D-66271047f3a2b',NULL
4778,Cilantro jalapeno grilled fish pesto veggies,'150.00','D-66275609ac1fe',NULL
4779,Mango platter,'65.00','D-6627e4ec94806',NULL
4780,Mango juice,'55.00','D-6627e52109d1a',NULL
4781,Mango lassi,'55.00','D-6627e54376c02',NULL
4782,Chicken Kung Pao Sauce,'90.00','D-6628911d92156',NULL
4783,Veg Sweetcorn Soup,'60.00','D-6628915cb9651',NULL
4784,Chicken Sweetcorn Soup,'75.00','D-66289188255a1',NULL
4785,Tandoori Vegetable Biryani,'90.00','D-6628990a202ad',NULL
4786,Tandoori Chicken Biryani,'125.00','D-6628995455edf',NULL
4787,Aloo Bonda,'20.00','D-6628fa1f27106',NULL
4788,Spicy beans and cottage cheese S/W,'75.00','D-662f141db0af5',NULL
4789,Classic grilled chicken and cheese S/W,'90.00','D-662f149b72d48',NULL
4790,Vegetable Hawaiian Salad,'100.00','D-662f14c3cacf0',NULL
4791,Mango smoothie,'65.00','D-662f1548b4896',NULL
4792,Blueberry and Granola Parfait,'100.00','D-662f1a265adbd',NULL
4793,Veg Burnt Garlic Rice,'60.00','D-662f2f33b6e03',NULL
4794,Chicken Chilli Burnt Garlic Fried Rice,'90.00','D-662f2f79e9c61',NULL
4795,Veg Burnt Garlic Noodles,'60.00','D-662f2fdee8cfa',NULL
4796,Egg Burnt Garlic Noodles,'65.00','D-662f3035a265c',NULL
4797,Prawns Hokkien Style Noodles,'130.00','D-662f30616148a',0
4798,Jamaican,Jerk Cottage Cheese Steak with root','100.00',1
4799,Steamed Chicken Breast,Stir Fry Veggies','120.00',1
4800,Spinach Prawns,Butter Glazed Veggies Garlic Bread','150.00',1
4801,Chicken Curry With Pav,'75.00','D-663309003d909',NULL
4802,Chicken Curry With Pav,'75.00','D-6633093c8e7e3',NULL
4803,Masala Lucchi With Vatana Ki Subzi,'45.00','D-66333f0e0efbe',NULL
4804,Mohan Thal,'45.00','D-66334d4e65af4',NULL
4805,Tomato Upma,'45.00','D-663441822dd11',NULL
4806,Mumbai Masala Sandwich,'50.00','D-6634421db50cf',NULL
4807,Peruvian Grilled Chicken an Crunchy Veggies Salad,'100.00','D-66385db0a82f2',NULL
4808,BBQ Cottage Cheese and Veggies with Cheese S/W,'75.00','D-66385e4837297',NULL
4809,Jerk Chicken and Cheese S/W,'90.00','D-66385e8890337',NULL
4810,Strawberry Milkshake,'50.00','D-66385fe0b8810',NULL
4811,Strawberry Milkshake,'50.00','D-6638603187fa4',NULL
4812,Mint Mango Lassi,'55.00','D-6638607f54954',NULL
4813,Grilled Cottage cheese pomodoro sauce,'100.00','D-663879e6102d5',NULL
4814,Chermoula prawns,organic greens chickpea','150.00',1
4815,Chermoula prawns,organic greens chickpea','150.00',1
4816,Pineapple Chia Fresca,'60.00','D-6638b3278f4ec',NULL
4817,Wild Very Berry Lemonade,'70.00','D-6638b350456ff',NULL
4818,Pineapple Chia Fresco,'65.00','D-6638b385645d6',NULL
4819,Mac N Chicken Cheese,'120.00','D-663c7cdfaecec',NULL
4820,Garilu,'40.00','D-663caa30e05a5',NULL
4821,Aloo Gobhi Paratha With Cheese,'65.00','D-663d9db79c9d8',NULL
4822,Veg Rendang Curry With Rice,'100.00','D-663dc3ab55be5',NULL
4823,Chicken Rendang Curry With Rice,'120.00','D-663dc3ccdb6d9',NULL
4824,Prawns Rendang Curry With Rice,'120.00','D-663dc40d2a391',NULL
4825,Mango Mania Boba,'130.00','D-66416cad3dd37',NULL
4826,Pink Guava Boba,'130.00','D-66416ce73c64b',NULL
4827,Berry Blast Boba,'130.00','D-66416d391536e',NULL
4828,Passion Fruit Punch Boba,'130.00','D-66416d7cf37d1',NULL
4829,Refreshing Melon Boba,'130.00','D-66416dae9c7fb',NULL
4830,Chocolate muffin,'120.00','D-6641b24ce5306',NULL
4831,Red Velvet Dome,'120.00','D-664221e9e83ba',NULL
4832,Veg Fussli In Alfredo Sauce,'100.00','D-664267f0d6a0a',NULL
4833,Veg Pasta In Rustic Tomato Sauce,'100.00','D-6642683a6dd75',NULL
4834,Chicken Pasta In Rustic Tomato Sauce,'120.00','D-6642f51986082',NULL
4835,Chicken Fussli In Alfredo Sauce,'120.00','D-6642f54b1562a',NULL
4836,Chilli Garlic Fried Noodles Veg,'60.00','D-6642f928d9cc8',NULL
4837,Chicken Hot & Sour Soup,'75.00','D-6642fa601c95b',0
4838,Veg Butter Garlic Sauce,'80.00','D-6642fe6b3e8c2',NULL
4839,Testing,'80.00','D-6642fea4620fe',NULL
4840,Chicken Butter Garlic Sauce,'90.00','D-6642ff03b743a',NULL
4841,Chicken Tawa Fry,'75.00','D-6642ff5c1c003',NULL
4842,Chicken Schezwan Bell Pepper Fried Rice,'90.00','D-6642ffe9778a5',NULL
4843,Chicken Tawa Fry,'75.00','D-66430eaf678b1',NULL
4844,Veg Manchurian Chilli Garlic Sauce,'100.00','D-66430ef99d318',NULL
4845,Manglore goli bajji,'40.00','D-6643534323d55',NULL
4846,Manglore goli bajji,'40.00','D-6643534323d55',NULL
4847,Veg Stroganoff With Rice,'115.00','D-66441e015b516',0
4848,Chicken Stroganoff With Rice,'135.00','D-66441e39b607d',0
4849,Paneer Manchurian,'80.00','D-66444f1b12c3a',NULL
4850,Paneer Stir Fry,'80.00','D-66444f5002a47',NULL
4851,Chicken Stir Fry Sauce,'90.00','D-664451f868d73',NULL
4852,Veg Balls In Oyster Sauce With Fried Rice,'100.00','D-66445359ac3e9',NULL
4853,Veg Balls In Oyster Sauce With Fried Noodles,'100.00','D-664453d27adcc',NULL
4854,Chicken In Oyster Sauce With Fried Noodles,'120.00','D-664454ea6c825',NULL
4855,Prawns Schezwan Bell Pepper Fried Rice,'130.00','D-664455525d2b7',NULL
4856,Chicken Tempura In Schezwan Sauce With Fried Rice,'120.00','D-664465777020c',NULL
4857,Paneer Chilli Garlic Sauce,'100.00','D-664465b7321d1',NULL
4858,Soya Kheema Paratha With Cheese,'65.00','D-6645839cdfc4c',NULL
4859,Singapore Egg Rice,'65.00','D-66459fb77c70b',NULL
4860,Veg Schezwan Sauce,'80.00','D-6645a0f46f542',NULL
4861,Chicken Samosa,'45.00','D-6645ae1f1c028',NULL
4862,Chicken Samosa,'45.00','D-6645ae40155ff',NULL
4863,Crispy Chicken,'75.00','D-6645c174566e7',NULL
4864,Crispy Chicken,'75.00','D-6645c1cd685ba',NULL
4865,Crispy Chicken,'75.00','D-6645c1fed7c7d',NULL
4866,Aloo Pyaz Samosa,'45.00','D-6645c2bc8dd0c',NULL
4867,Aloo Pyaz Samosa,'45.00','D-6645c2ff593ba',NULL
4868,Aloo Pyaz Samosa,'45.00','D-6645c31fca9b0',NULL
4869,Chicken Nuggets,'50.00','D-6645ecdfa3c27',NULL
4870,Pineapple Crumble Tart,'40.00','D-6646d6ddac3f7',NULL
4871,Pineapple Crumble Tart,'40.00','D-6646d70b9af04',0
4872,Dil pasand,'35.00','D-6646d74edaddc',NULL
4873,Dil pasand,'40.00','D-6646d76f25e4b',NULL
4874,Veg Balls Stir Fry,'80.00','D-6646f0ef53e4a',NULL
4875,Asian Greens Butter Garlic Dry,'100.00','D-6646f1273bbed',NULL
4876,Fish Oyster Chilli Dry,'110.00','D-6646f17bb59a2',0
4877,Prawns Oyster Chilli Dry,'130.00','D-6646f1b48ae95',0
4878,Chicken Asian Clear Soup,'75.00','D-6646f2a57f4a3',NULL
4879,Veg Manchurian Butter Garlic Sauce,'100.00','D-6646f303e6d49',NULL
4880,Asian Greens Butter Garlic Sauce,'100.00','D-6646f38e700f6',NULL
4881,Asian Greens Chilli Garlic Sauce,'100.00','D-6646f3b9c85f3',NULL
4882,Asian Greens Manchurian Sauce,'100.00','D-6646f3f0348b4',NULL
4883,Aloo Soya Paratha,'45.00','D-66470856bcc06',NULL
4884,Aloo Soya Paratha,'45.00','D-664708990e4be',NULL
4885,Aloo Soya Paratha,'45.00','D-664708ed2806f',NULL
4886,Aloo Soya Paratha With Cheese,'65.00','D-66470915d5a2e',NULL
4887,Aloo Soya Paratha With Cheese,'65.00','D-66470948b6789',NULL
4888,Chicken Kebab,'75.00','D-6647098081f6f',NULL
4889,Chicken Kebab,'75.00','D-664709a4a233f',NULL
4890,Chicken Kebab,'75.00','D-664709c25417e',NULL
4891,Chicken Fried Rice,'75.00','D-66470b53e3d31',NULL
4892,Neer Moor,'30.00','D-664aca7624e7c',NULL
4893,Mint Chia Cooler,'50.00','D-664acab11bc0e',NULL
4894,Huevos Rancheros,'60.00','D-664acb234fd8f',NULL
4895,Menemen,'60.00','D-664acdaa27761',NULL
4896,Roasted Vegetbales & Marinated Ricotta S/W,'75.00','D-664acdb6cbf94',NULL
4897,Crunchy Greens,Chicken Teriyaki Pineapple S/W','90.00',1
4898,Mexican Street Corn & Summer Vegetable Salad,'90.00','D-664ace5b8b124',NULL
4899,Tex - Mex Chicken Salad,'100.00','D-664ace8d2b712',NULL
4900,Garlic Parmesan Roasted Potatoes,'40.00','D-664ace888ebc1',NULL
4901,Grape Carrot Juice,'55.00','D-664aced103811',NULL
4902,Boiled Egg with Choice Of Bread,'55.00','D-664acef958fb5',NULL
4903,Mango Tango Temptation,'65.00','D-664acf3ca079d',NULL
4904,Organic truffle Mushroom Tart,'50.00','D-664acf43bc562',NULL
4905,Pistachio and Cranberry Stuffed Chicken Galantine,'120.00','D-664aeeb81e35f',NULL
4906,Shrimp Scampi,,Olive Citrus Cous Burre Blanc',NULL
4907,Deconstructed Vegetable & Cottage Shepherds Pie,'100.00','D-664aef4343b65',NULL
4908,Aromatic Soupy Noodles Veg,'100.00','D-664af0aac57e9',NULL
4909,Aromatic Soupy Noodles Non - Veg,'120.00','D-664af0ddb3ac7',NULL
4910,Asian Greens Chilli Garlic Dry,'100.00','D-664c36c3034b9',NULL
4911,Asian Greens Manchurian Dry,'100.00','D-664c3703c3c31',NULL
4912,Egg Chilli Garlic Noodles,'80.00','D-664c373aeb858',NULL
4913,Soya Lollipop Gravy,'100.00','D-664c392eedad7',NULL
4914,Paneer Chilli Gravy,'100.00','D-664c39760ad2c',NULL
4915,Chicken In Butter Garlic Sauce,'110.00','D-664c39a583755',NULL
4916,Chicken In Chilli Garlic Sauce,'110.00','D-664c39d4b37bd',NULL
4917,Bombay Masala Sandwich,'110.00','D-664c3a370f7e9',NULL
4918,Paneer Tikka Sandwich,'140.00','D-664c3a865b1f6',NULL
4919,Chicken Tikka Sandwich,'140.00','D-664c3b1b57961',NULL
4920,Classic Veg Burger,'130.00','D-664c3b97ea287',NULL
4921,Classic Chicken Burger,'145.00','D-664c3bca9cabb',NULL
4922,Pizza Farm Fresh,'150.00','D-664c3c1f668a5',NULL
4923,Pizza Chicken Lovers,'160.00','D-664c3c46c4572',NULL
4924,Garlic Bun,'60.00','D-664c3c786d397',NULL
4925,Garlic Cheese Bun,'80.00','D-664c3c9e342ed',NULL
4926,Chocolate Milkshake,'80.00','D-664c3de096eff',NULL
4927,Watermelon Juice,'80.00','D-664c3e1adc76e',NULL
4928,Takeaway Boxes,'17.00','D-664c3e5b154bb',NULL
4929,Takeaway Pizza Box,'24.00','D-664c3ebbad948',NULL
4930,Paper Boat,'20.00','D-664c6af998957',NULL
4931,Paneer Oyster Chilli Sauce,'100.00','D-664d87debb6d7',0
4932,Veg Manchurian Sauce With Noodles,'100.00','D-664d88672cca8',NULL
4933,Chicken Manchurian Sauce With Fried Rice,'120.00','D-664d889e429d5',NULL
4934,Chicken Manchurian Sauce With Noodles,'120.00','D-664d88d06913a',NULL
4935,Asian Green With Bamboo Shoot Kung Pao With Rice,'100.00','D-664ed5fa822a2',NULL
4936,Rajasthani Mirchi Pakoda,'45.00','D-664ed62754c73',0
4937,Maharastrian Thali Combo Veg,'60.00','D-664ed65658a55',0
4938,Asian Green With Bamboo Shoot Kung Pao With Noodle,'100.00','D-664ed671edb58',NULL
4939,Pumpkin Soup With Chicken,'60.00','D-664f03350a94f',NULL
4940,Cauliflower Celery Soup,'50.00','D-664f15ff33f8a',NULL
4941,Paper Boat Amras,'20.00','D-664f1625b30ce',NULL
4942,Paper Boat Chilli Guava,'20.00','D-664f1666b72bf',NULL
4943,EXTRA CHEESE - TEA,'15.00','D-664f1dcbd0fa5',NULL
4944,Vegetable puttanesca with herb rice,'100.00','D-664f4e1d162be',NULL
4945,Chicken puttanesca with herb rice,'120.00','D-664f4eb2a5cb8',NULL
4946,Veg Pasta Arabiatta,'115.00','D-665025d2b41b2',0
4947,Veg Pasta In Mushroom Sauce,'100.00','D-66502602c7919',NULL
4948,Chicken Pasta Arabiatta,'135.00','D-6650263abe005',0
4949,Chicken Pasta In Mushroom Sauce,'120.00','D-6650267f64b8a',NULL
4950,Chicken Panang Curry Aromatic Scallion Rice,'120.00','D-6650304ef2569',NULL
4951,Vegetable Panang Curry Aromatic Scallion Rice,'100.00','D-6650309622626',NULL
4952,Vegetable Panang Curry Aromatic Scallion Rice,'100.00','D-6650309622626',NULL
4953,Aloo Mutter Paratha With Cheese,'65.00','D-6653ecd2b9b9b',NULL
4954,Tropica chicken & vegetable salad,'100.00','D-6654002081b44',NULL
4955,Anti - bloat green juice,'55.00','D-6654008df252e',NULL
4956,Tropical coconut mango parfait,'100.00','D-665400cf2237d',NULL
4957,Aam Panna,'55.00','D-6654167652453',0
4958,Forest cherry,'50.00','D-665417c4bcdae',NULL
4959,Masala chaach,'30.00','D-665418dd69ebc',NULL
4960,Pesto Tossed Vegetable S/W,'75.00','D-665425ad292ec',NULL
4961,Chicken Shawarma S/W,'90.00','D-665425daadd06',NULL
4962,Vegetable Lo Mein,Herb Broken Wheat Millet','100.00',1
4963,Coconut Shrimp Curry,Herb broken wheat pilaf','150.00',1
4964,Chicken and Sausage Gumbo,Broken Wheat Pilaf','120.00',1
4965,Thai basil chili chicken,'120.00','D-6654293c28445',NULL
4966,Thai basil chili Tofu,'100.00','D-665429a005a70',NULL
4967,Dal Ka Paratha With Cheese,'65.00','D-66553ac98bf67',NULL
4968,Ginger Bread Cookie,'45.00','D-665567f4d0d35',NULL
4969,Special Non-Veg,'75.00','D-6655802f9994a',NULL
4970,Rose Milkshake,'60.00','D-6656bbc76f949',NULL
4971,Tempura Fried Veg Schezwan Sauce With Fried Rice,'100.00','D-6656c54e1505a',NULL
4972,Tempura Fried Veg Schezwan Sauce With Noodles,'100.00','D-6656c58dea560',NULL
4973,Chicken rendang curry,aromatic flavoured tice','120.00',1
4974,Vegetarian rendang curry,aromatic flavoured rice','100.00',1
4975,Chicken rendang curry,aromatic flavoured rice','120.00',1
4976,Raj Kachori,'40.00','D-6656cf72ca468',0
4977,Til Gud Ladoo - 4pcs,'15.00','D-6656cfb14cfd4',NULL
4978,Cham Cham - 250 g,'260.00','D-6658167a244e3',NULL
4979,Event Lunch,'1900.00','D-6658402d70db5',NULL
4980,Event Lunch 1,'1995.00','D-6658419813c18',NULL
4981,Take Away Bag,'10.00','D-66595f399a124',NULL
4982,Tandoori Chicken Kebab,'75.00','D-665970d5c2f13',NULL
4983,Dal Pyaz Paratha,'45.00','D-665af2331be4c',NULL
4984,Cucumber cream cheese & summer vegetable S/W,'75.00','D-665d2ce1c2282',NULL
4985,Spiced chicken & Raw mango Relish S/W,'90.00','D-665d2d2453ed5',NULL
4986,Organic vegetable pear and walnut salad,'100.00','D-665d2d83b6ccf',NULL
4987,Mango Jalapeno chicken salad,'100.00','D-665d2dd243965',NULL
4988,Anti - inflammatory pineapple turmeric juice,'55.00','D-665d2e2dda6aa',NULL
4989,Strawberry Banana smoothie,'65.00','D-665d2ebbe5dc6',NULL
4990,Banana Berry parfait,'100.00','D-665d2ee63a0fc',NULL
4991,Classic Chicken & Grits,Wilted Greens,Pesto',NULL
4992,Paneer Butter Garlic Sauce,'100.00','D-665d5d44afed6',NULL
4993,Fish Manchurian Dry,'110.00','D-665d5d7e906b9',NULL
4994,Shrimp Fra Diavolo,Roasted Potatoes Seafood','150.00',1
4995,Chicken Tempura Black Bean Sauce With Fried Rice,'120.00','D-665d5dc3eb3d8',NULL
4996,Zuppa Di Verdure,pasta,Garlic Crisp',NULL
4997,Chicken Tempura Black Bean Sauce With Noodles,'120.00','D-665d5e2597b46',NULL
4998,Peruvian Non-Veg Bowl,'120.00','D-665d72402b22d',NULL
4999,Bread Pakoda,'35.00','D-665e96fc54b64',NULL
5000,Bread Pakoda,'35.00','D-665e971e95922',NULL
5001,Paneer In Corriander Butter Sauce With Rice,'100.00','D-665eab0cec307',NULL
5002,Paneer In Corriander Butter Sauce With Noodles,'100.00','D-665eab546fb9b',NULL
5003,Chicken In Corriander Butter Sauce With Rice,'120.00','D-665eab753a850',NULL
5004,Chicken In Corriander Butter Sauce With Noodles,'120.00','D-665eab9f2f865',NULL
5005,Millet Papadi Chaat,'60.00','D-665f00a251633',NULL
5006,Makhana Bhel,'50.00','D-665f01746c874',NULL
5007,Potato Chaat,'50.00','D-665f01a8b6de6',NULL
5008,Disc Nachos,'65.00','D-665f021dad296',NULL
5009,Tapioca Tango,'40.00','D-665f0aae0c223',NULL
5010,Khatta Mango Masti,'40.00','D-665f0b3f89e12',NULL
5011,Yam Jam Chaat,'40.00','D-665f0bac4b61b',NULL
5012,Masala Guava Groove,'40.00','D-665f0c0bc3dcf',NULL
5013,Stellar Chatpata Starfruit,'50.00','D-665f0c64923c8',NULL
5014,Kala Namak Cucumber Craze,'40.00','D-665f0d84c6bb1',NULL
5015,Kala Chana Moongfali Chaat,'40.00','D-665f0e405684a',NULL
5016,Vasanth Neer,'50.00','D-665f0e9275440',NULL
5017,Aam Panna,'40.00','D-665f0f229aa4c',NULL
5018,Jaljeera,'40.00','D-665f0ff39a955',NULL
5019,Neer Mooru,'40.00','D-665f10540fcf5',NULL
5020,Mango Lassi,'55.00','D-665f109cc0249',NULL
5021,Muskmelon Panakkam,'30.00','D-665f10d85237d',NULL
5022,Fresh Cut Mango Malika,'60.00','D-665f1122bfe66',NULL
5023,Sweet Jackfruit Topped with Honey,'60.00','D-665f117f603c9',NULL
5024,Three Grain Cereal Mango Parfait,'75.00','D-665f11d0bb5ed',NULL
5025,Moong Matki Idli,'45.00','D-665fba9335de0',NULL
5026,Besan Chilla,'45.00','D-665fbad559450',NULL
5027,Soya matar keema samosa,'35.00','D-665fd0b74e296',NULL
5028,Soya matar keema samosa,'35.00','D-665fd0e56e9ee',NULL
5029,Soya Handi Dum Biryani,'90.00','D-665ff8a23142a',NULL
5030,Veg Basil Scented Fried Rice,'60.00','D-666000fedbdf7',NULL
5031,Takeaway High Protein Salad Veg,'100.00','D-6660027854e84',NULL
5032,Cucumber Melon & Mint,'75.00','D-666002d2c7419',NULL
5033,Sorghum Whole Millet Salad,'90.00','D-66600d341363b',NULL
5034,Corn cheese samosa,'35.00','D-666014994bc63',NULL
5035,Soya keema matar samosa,'35.00','D-666016ada8fc5',NULL
5036,Bengali Chop,'45.00','D-6660176984d1c',NULL
5037,Bengali Chop,'45.00','D-666017912064b',NULL
5038,Peri peri chicken wings,'60.00','D-66602220930bb',NULL
5039,Flea MKT Take away bag,'10.00','D-666022ea5e771',NULL
5040,Cocktail samosa,'35.00','D-66603ccaa9b37',NULL
5041,Cocktail samosa,'35.00','D-66603ccaa9b37',NULL
5042,Southern Crusted Chicken,'60.00','D-6660486a7b09c',NULL
5043,Samosa,'20.00','D-66604929821fd',NULL
5044,Aloo yam chaat,'50.00','D-6660500373016',NULL
5045,Tested1,'200.00','D-6660736559982',1
5046,Punjabi chole potli,'30.00','D-66613db734e73',NULL
5047,Punjabi chole potli,'30.00','D-66613de29e6ff',NULL
5048,Patti samosa,'30.00','D-666298d068486',NULL
5049,Patti samosa,'30.00','D-666298ebd0d4f',NULL
5050,Nizami chicken samosa,'45.00','D-6662a5fd1513e',NULL
5051,Nizami chicken samosa,'45.00','D-6662a634199e2',NULL
5052,Coffee Vegan Soya,'130.00','D-6662bdf0adc19',NULL
5053,Coffee Vegan Almond,'130.00','D-6662bebb93ef6',NULL
5054,Coffee Vegan Oats,'130.00','D-6662bee34d311',NULL
5055,Coffee with  Slim,'130.00','D-6662bf11d530b',NULL
5056,Cucumber mint cooler,'50.00','D-6666753c533d6',NULL
5057,Pasta Marinara (Prawns),'120.00','D-6666767360081',NULL
5058,Pesto Sun - Dried Tomato,Herbed S/W','75.00',1
5059,Hawaiian BBQ Chicken s/w,'90.00','D-66667b0d47f9f',NULL
5060,Roasted Red Pepper and Chickpea Salad,'90.00','D-66667b38bfac1',NULL
5061,Pesto Chicken Salad with Sun - Dried Tomatoes,'100.00','D-66667b6c31467',NULL
5062,Skin - Clearing Beetroot Carrot Juice,'55.00','D-66667ba2d2168',NULL
5063,Raspberry Coconut Smoothie,'65.00','D-66667bd8033c2',NULL
5064,Pistachio Cherry Parfait,'100.00','D-66667c701c053',NULL
5065,Deconstructed Chicken & Mushroom Shepherds Pie,'120.00','D-66669b32a2225',NULL
5066,Shrimp Provencal,Herb Rice Pilaf Tomato Bisque','150.00',1
5067,Grilled Cottage Chees Steak,Ratatoullie','100.00',1
5068,Punjabi chole potli samosa,'35.00','D-6667becc57747',NULL
5069,Punjabi chole potli samosa,'35.00','D-6667beeb44315',NULL
5070,Fried Chicken Hakka Noodles,'120.00','D-666a67034f81b',NULL
5071,Fried Asian Greens Hakka Noodles,'100.00','D-666a674af2f76',NULL
5072,Bread Roll,'45.00','D-666b9e0294fc3',NULL
5073,Aloo Paneer Paratha,'45.00','D-666bc08ce60bd',NULL
5074,Kaeng Khiao Wan Jay,Ginger Corn Rice','100.00',1
5075,Chicken Kaeng Khiao Wan Jay,Ginger Corn Rice','120.00',1
5076,Chicken Tawa Fry,'75.00','D-666f9d4531451',NULL
5077,Rose & Vanilla milk shake,'50.00','D-666fa89916ecc',NULL
5078,Ginger mint chia cooler,'50.00','D-666fa8fc1cc22',NULL
5079,Zaffrani lassi,'40.00','D-666fa9ac8280a',NULL
5080,Raspberry white chocolate Milkshake,'50.00','D-666fb42ca6a65',NULL
5081,Tawa Masala Samosa,'45.00','D-667132964f9ff',NULL
5082,Tawa Masala Samosa,'45.00','D-667132f586377',NULL
5083,Tawa Masala Samosa,'45.00','D-6671332cd4127',NULL
5084,Prawns Rendang Curry With Noodles,'120.00','D-6674de8772d87',NULL
5085,Semiya idly,'40.00','D-6678922988d76',NULL
5086,Semiya idli,'40.00','D-6678929d0592c',NULL
5087,ALASANDE VADA,'40.00','D-667894a36373b',NULL
5088,VAZHAKAI BAJJI,'40.00','D-667894e502264',NULL
5089,Idli/Vada,'40.00','D-6678f0b132a72',NULL
5090,Idli/Vada,'40.00','D-6678f0d92da1e',NULL
5091,Idli / Wada,'40.00','D-6678f2c581c18',NULL
5092,Paneer Pyaz Paratha With Cheese,'65.00','D-667a150c3282b',NULL
5093,Chicken Pasta In Classic Tomato Sauce,'120.00','D-667ba33228258',NULL
5094,Extra Pav,'5.00','D-667e2f4da1edd',NULL
5095,Chole Aloo With Masala Puri,'45.00','D-667e78c7d3a82',NULL
5096,Chole Aloo With Masala Puri,'45.00','D-667e78ea9c840',NULL
5097,Aloo Mirch Cheese Paratha,'65.00','D-667e7918ba046',NULL
5098,Aloo Mirch Ka Paratha,'45.00','D-667e793d04be5',NULL
5099,Aloo Mirch Ka Paratha,'45.00','D-667e795bc193b',NULL
5100,Veg Pasta In Alfredo Sauce,'100.00','D-667ecb79973df',NULL
5101,Chicken Pasta In Alfredo Sauce,'120.00','D-667ecc263f004',NULL
5102,Basil and chia lemonade,'50.00','D-66823f91553a4',NULL
5103,Spiced butter milk,'30.00','D-66823fce92785',NULL
5104,Blueberry basil lemonade,'50.00','D-66824100b935c',NULL
5105,Bengali Chop,'45.00','D-66824b62523dc',NULL
5106,Cajun Feta Onion Ravioli Pasta In Cheese Sauce,'115.00','D-66825a7d4da5b',NULL
5107,Cajun Chicken Onion Ravioli Pasta In Cheese Sauce,'135.00','D-66825b901373f',NULL
5108,Mango Tango Temptation,'65.00','D-66837d74328b1',NULL
5109,Wheat Base Pizza Farm Fresh,'170.00','D-6683a204e45af',NULL
5110,Wheat Base Pizza Chicken Lovers,'180.00','D-6683a2381a29a',NULL
5111,Spaghetti Pasta In Spicy Tomato Sauce,'115.00','D-6684ad86f0a50',NULL
5112,Spaghetti Chicken Pasta In Spicy Tomato Sauce,'135.00','D-6684aded551f0',NULL
5113,Aloo Paneer Cheese Paratha,'65.00','D-6684ae6bf0803',NULL
5114,Banana Coconut Punch,'70.00','D-6684d49150509',NULL
5115,Fusilli Pasta In Spicy Tomato Sauce,'100.00','D-6684df69be808',NULL
5116,Fusilli Pasta In Cream Sauce,'100.00','D-6684dfc77868a',NULL
5117,Chicken Fusilli Pasta In Spicy Tomato Sauce,'120.00','D-6684dffe32074',NULL
5118,Chicken Fusilli Pasta In Cream Sauce,'120.00','D-6684e89cdcc4e',NULL
5119,Ragi Idli,'45.00','D-66852c89674eb',NULL
5120,TROPICAL PARADISE SMOOTHIE,'70.00','D-66861dcc4f80c',0
5121,Butternut Squash Soup Veg,'50.00','D-66862086686f1',NULL
5122,Kaju Katli - 250g,'422.00','D-668620eed8277',NULL
5123,Tropical paradise smoothie,'65.00','D-668772e07b979',NULL
5124,Panseared Prawns With Green Peas Mash,'140.00','D-6687951cf390d',NULL
5125,Black Bean & Cheese Cake With Green Peas Mash,'115.00','D-66879556a5026',NULL
5126,Schezwan Samosa,'30.00','D-668b5f28cad49',NULL
5127,Schezwan Samosa,'30.00','D-668b5f649dbe7',NULL
5128,Kothimbir vadi,'40.00','D-668b5fe256240',NULL
5129,Kothimbir vadi,'40.00','D-668b6014bdbb9',NULL
5130,Apple cinamon oats smoothie,'65.00','D-668b7ab0b9bde',NULL
5131,Fettucini Pasta In Mushroom Tomato Sauce,'100.00','D-668b84af3f93d',NULL
5132,Fettucini With Chicken In Mushroom Tomato sauce,'120.00','D-668b850391489',NULL
5133,Misal Pav,'45.00','D-668bc1fda3ce8',0
5134,vada / 1 Piece,'25.00','D-668bd20b517a9',NULL
5135,vada / 1 Piece,'25.00','D-668bd253d7fbe',NULL
5136,vada / 1 Piece,'25.00','D-668bd27a38022',NULL
5137,Paratha / 1 Piece,'35.00','D-668bd29662ec0',NULL
5138,Paratha / 1 Piece,'35.00','D-668bd2c93c241',NULL
5139,Paratha / 1 Piece,'35.00','D-668bd2f09445c',NULL
5140,Kache kela pakoda,'40.00','D-668cb71d53586',NULL
5141,Kache kela pakoda,'40.00','D-668cb73ee3945',NULL
5142,Moroccan Chicken Stew Zatar Parsley Rice,'120.00','D-668ccf0becc8c',NULL
5143,Moroccan Vegetable Stew Zatar Parsley Rice,'100.00','D-668ccfe2c3a0d',NULL
5144,Ram Ladoo,'40.00','D-668ced6b3c73c',NULL
5145,Corn Pakoda,'40.00','D-668ced8f00d1d',NULL
5146,Baby Corn Pakoda,'40.00','D-668cedb02bbbc',NULL
5147,Rajasthani Gobi Pakoda,'40.00','D-668ceddbc7e79',NULL
5148,Mirch ka pakoda,'40.00','D-668e101e01dfb',NULL
5149,Mirch ka pakoda,'40.00','D-668e104783d1a',NULL
5150,Gnocchi In Herb Cream Sauce,'100.00','D-668e17a25f70b',NULL
5151,Gnocchi With Chicken Herb Cream Sauce,'120.00','D-668e1810a70c3',NULL
5152,Darshini pulao,'45.00','D-668e18754c4c2',0
5153,Darshini pulao,'40.00','D-668e189844c30',NULL
5154,Chicken in Teriyaki Sauce Three Pepper Fried Rice,'120.00','D-668e1b993587b',NULL
5155,Seasonal Vegetable in Teriyaki Sauce Three Pepper,'100.00','D-668e1be5e5598',NULL
5156,Soya 65,'40.00','D-668e4154ec516',NULL
5157,Thakkali Sadam,'40.00','D-668e41efe419c',NULL
5158,Thengai Paal Sadam,'45.00','D-668e428c00cab',NULL
5159,Kozhi Chukka,'60.00','D-668e4369c0076',NULL
5160,Kozhi Chukka,'60.00','D-668e438987c06',NULL
5161,Corn pakoda,'40.00','D-668e441397c42',NULL
5162,Chana Samosa,'30.00','D-668e7d5c763ef',NULL
5163,Chana Samosa,'30.00','D-668e7d9f50961',NULL
5164,Sprouts Idly,'40.00','D-668f3928c83ab',NULL
5165,Stuffed Onion Cheese With Tomato Basil Sauce,'100.00','D-668f3bb1b57c5',NULL
5166,Grilled Chicken Picata With BBQ Sauce,'120.00','D-668f3d3a77c73',NULL
5167,Non Veg Live - (MALABAR CHICKEN DUM BIRYANI),'95.00','D-668f575766726',0
5168,CHICKEN DAWAT E BIRYANI,'120.00','D-668f599fd87e5',NULL
5169,VEG COMBO DAWAT E FEST,'70.00','D-668f5a75e0f0e',NULL
5170,Kori Sukka,'60.00','D-668f891376bd9',NULL
5171,Kori Sukka,'60.00','D-668f8958b5079',NULL
5172,Chole potli Chaat,'40.00','D-668f8a029b160',NULL
5173,Banana Milkshake,'60.00','D-668fac4e3394b',NULL
5174,MASALA BOILED EGG (1 PC),'16.00','D-668fbf2886013',NULL
5175,Chicken Kaeng Khiao Wan Jay Ginger Corn Rice,'120.00','D-6690c3b1d4fb7',NULL
5176,Kaeng Khiao Wan Jay,Ginger Corn Rice','100.00',1
5177,Guntur Pandu Mirapakaya Kodi,'60.00','D-6690fb1818b35',NULL
5178,Dal Vada,'40.00','D-6690fb8a7f681',NULL
5179,Guntur Pandu Mirapakaya Kodi,'60.00','D-6690fba50622b',NULL
5180,Barish Wala Pakoda,'40.00','D-6690fc2ff0dc9',NULL
5181,Aloo Paratha,'50.00','D-6691289eb4e03',NULL
5182,Aloo Paratha,'50.00','D-669128cc2d6ce',NULL
5183,Paneer Paratha,'50.00','D-669128edd2051',NULL
5184,Paneer Paratha,'50.00','D-6691294fb9348',NULL
5185,Onion Paratha,'50.00','D-669129caea8c6',NULL
5186,Onion Paratha,'50.00','D-669129f131b83',NULL
5187,Gobi Mutter  Paratha,'55.00','D-66948a99b4396',0
5188,Pomegranate Mint Cooler,'50.00','D-66949244bbfb4',NULL
5189,Mango Coconut Milkshake,'50.00','D-669492f979535',NULL
5190,Ayran(Turkish Butter Milk),'30.00','D-6694935be1c00',NULL
5191,Cabbage pakoda,'40.00','D-6694a4f09607f',NULL
5192,Cabbage Pakoda,'40.00','D-6694a51f414b5',NULL
5193,Pepper & Cheese Stuffed Cottage Cheese Steak,'100.00','D-6694c4a813e3b',NULL
5194,Pepper & Cheese Stuffed Cottage Cheese Steak,'100.00','D-6694c4e807dce',NULL
5195,Olive Dry & Nuts stuffed chicken galantine,'120.00','D-6694c5ad482d1',NULL
5196,Pesto grilled chicken pickled green salad,'100.00','D-6694c7badb9a6',NULL
5197,Vietnamese Ca Ri Ga Tofu Curry,Aromatic Noodles','100.00',1
5198,Vietnamese Ca Ri Ga Chicken,Aromatic Noodles','120.00',1
5199,Cutting Chai,'18.00','D-6694e80e6ceec',NULL
5200,Ginger Tea,'18.00','D-6694e94788d22',NULL
5201,Reboot Chai,'18.00','D-6694e9727a575',NULL
5202,Filter Kaapi,'20.00','D-6694e9a60a229',NULL
5203,Puliyogare,'45.00','D-6694ff06568b0',NULL
5204,Masala Pav,'45.00','D-6695089d2613e',1
5205,Pumpkin juice,'50.00','D-66952511a635b',NULL
5206,Pumpkin juice,'40.00','D-669525e02e41f',NULL
5207,White Pumpkin juice,'45.00','D-66952c673feb2',0
5208,Chiken potley samosa,'30.00','D-669534d8a27a3',NULL
5209,Modern Style ratatouille Olive Herb Rice,'100.00','D-6695f4da67830',NULL
5210,Chicken Coq au vin olive herb rice,'120.00','D-6695f54898873',NULL
5211,Pachi Mirapakaya Kodi,'60.00','D-669643fd2f9e6',NULL
5212,Pachi Mirapakaya Motte,'50.00','D-669644204a2ff',NULL
5213,PARATHA,'50.00','D-6696ff798f36c',NULL
5214,MIX VEG PARATHA,'50.00','D-6696ffbf2c885',NULL
5215,Spinach & Vegetable Lasagna,'100.00','D-669760545e267',NULL
5216,Spinach & Chicken Lasagna,'120.00','D-669760931b16d',NULL
5217,Tangra Style chili paneer with tri pepper fried,'100.00','D-669762dd3b23c',NULL
5218,Tangra Style chili paneer with tri pepper fried,'100.00','D-66976364b73ae',NULL
5219,Tangra style chili chicken with tri pepper fried,'120.00','D-6697638c92998',NULL
5220,ALOO PARATHA,'35.00','D-66976f388ff90',NULL
5221,VEG PARATHA,'38.00','D-669772424d767',NULL
5222,PANEER PARATHA,'51.00','D-669772d8a94ff',NULL
5223,VEG PARATHA,'38.00','D-669774fd7c2ff',NULL
5224,IDLI SAMBAR (3 PCS),'42.00','D-66977695529fb',NULL
5225,MEDU WADA (3 PCS),'42.00','D-669777a6ca109',NULL
5226,Peanut Poha,'40.00','D-6697949c2961b',NULL
5227,Peanut Poha,'40.00','D-669794e693adf',NULL
5228,Kodi Vepudu,'60.00','D-66979531adb28',NULL
5229,Kodi Vepudu,'60.00','D-6697962f08301',NULL
5230,Corn Vada,'40.00','D-669796f627642',NULL
5231,Slow Roasted Chicken Simmered in Creamy Potato,'120.00','D-6698adb3c5d8d',NULL
5232,Slow Roasted Cottage Cheese Simmered in Creamy,'100.00','D-6698ae460d6ce',NULL
5233,Slow Roasted Chicken Simmered in Creamy Pesto,'120.00','D-6698aec5991c2',NULL
5234,Pan Tossed Chicken with Mushroom Sauce,'135.00','D-6698b817416bb',0
5235,Pan Tossed Soya Cake with Spicy Tomata Salsa,'115.00','D-6698b83cdc2cb',0
5236,Murgh Lahori Kadai Dry,'60.00','D-6698d356d6d0f',NULL
5237,Murgh Lahori Kadai Dry,'60.00','D-6698d3b64ece6',NULL
5238,Vegetable Rice Bath,'40.00','D-6698d41a865a0',NULL
5239,Vegetable Rice Bath,'40.00','D-6698d4664d1dd',NULL
5240,Goli Bajji,'45.00','D-6698d4d75aa87',NULL
5241,Dhaniya Chicken,'60.00','D-6698ec8fd224d',NULL
5242,Gili bajji,'40.00','D-6698f08155cea',NULL
5243,Hyderabadi Mutton Biryani,'220.00','D-66992f14676c3',NULL
5244,MOOLI PARATHA,'50.00','D-6699aade7d415',NULL
5245,MOOLI PARATHA,'55.00','D-6699abda975e7',NULL
5246,Beetroot idli,'42.00','D-6699ac0d27c1b',NULL
5247,veg pulao,'45.00','D-6699acf651b9a',0
5248,Hyderabadi sabz Biriyani,'90.00','D-6699d51290a39',NULL
5249,Take away zaffran,'40.00','D-6699edf3d5c90',NULL
5250,Take away mutton,'40.00','D-6699f2a296f1f',NULL
5251,Take away veg,'40.00','D-6699f2f06a472',NULL
5252,Take away egg,'40.00','D-6699f351d6ea4',NULL
5253,Classic Chicken Panang Curry,Aromatic  Rice','120.00',1
5254,Classic Vegetable Panang Curry,Aromatic Rice','100.00',1
5255,Hyderabadi Sabz Biryani,'90.00','D-669a09b32b926',NULL
5256,Cottage Cheese Makhani Lasagna,'115.00','D-669a0a185d16d',0
5257,Chicken Makhani Lasagna,'135.00','D-669a0b432ef3c',0
5258,TakeAway Mutton Biryani,'260.00','D-669a0ff3c63a9',NULL
5259,Takeaway Egg Biryani,'150.00','D-669a10cdc827e',NULL
5260,Takeaway Veg Biryani,'140.00','D-669a1118f012c',NULL
5261,Koli Uppu Kari,'60.00','D-669a3fd923d60',NULL
5262,Kol.i Uppukari,'60.00','D-669a4032782f9',NULL
5263,Kozhi Uppikari,'60.00','D-669a407db8d8a',NULL
5264,Banana sheera,'40.00','D-669b07196bb77',NULL
5265,Banana sheera,'40.00','D-669b07452d6cd',NULL
5266,Dutch Truffle Cake,'1600.00','D-669b6c77d2464',NULL
5267,Takeaway High Protein Salad Non-Veg,'110.00','D-669b6ca50d1d1',NULL
5268,Green Godess Juice (Celeary,Spinach & Cucumber)','80.00',1
5269,Cut Fruits - Deluxe Bowl,'55.00','D-669b6d1844d6e',0
5270,Cut Fruits - Premium Bowl,'75.00','D-669b6d41caca1',0
5271,Butter Milk,'35.00','D-669b6dba6f6e9',NULL
5272,Sweet Lassi,'45.00','D-669b6ddab6eb1',NULL
5273,Beetroot Booster Juice (Beetroot,Apple & Carrot)','80.00',1
5274,Nimbu Pani,'35.00','D-669b6e32a9967',0
5275,Watermelon basil,'65.00','D-669d3eea37884',NULL
5276,SWEET CORN PARATHA,'50.00','D-669d8ac16907d',NULL
5277,CORN PARATHA,'50.00','D-669d8b06ea599',NULL
5278,BREAKFAST EGG BURRITO,'60.00','D-669dbf883e396',NULL
5279,VEGETABLE OATMEAL PORRIDGE,'50.00','D-669dbff1e00bd',NULL
5280,BANANA PISTACHIO MILKSHAKE,'50.00','D-669dc3c80a66f',NULL
5281,BERRY BLAST LASSI,'40.00','D-669dc4c797d84',NULL
5282,THALIPEETH,'42.00','D-669dd25215e01',NULL
5283,PESARATTU,'42.00','D-669dd2c0821b9',NULL
5284,EGG BURMA TOAST,'56.00','D-669dd59d2429b',NULL
5285,CHICKEN PATTICE SANDWICH,'69.00','D-669dd6dda5291',NULL
5286,SPROUT UTTAPPAM,'45.00','D-669dd8ac80d5b',NULL
5287,Tomato Cucumber basil,'55.00','D-669dd9cbcc0f6',NULL
5288,Pistachio Coconut Smoothie,'65.00','D-669dda51f2ffd',NULL
5289,POTATO WEDGES,'42.00','D-669ddb09a32c6',NULL
5290,Raspberry Granola Chia Parfait,'100.00','D-669ddb236d40f',NULL
5291,Pesto Rubbed vegetables  & Crunchy Greens S/W,'75.00','D-669ddb724f131',NULL
5292,Chicken Sausage & Pickled Jalapeno Organic S/W,'90.00','D-669ddc0cd61da',NULL
5293,OATS UTTAPPAM,'45.00','D-669ddcae303c1',NULL
5294,Barbeque Chicken with Jambalaya ice,'120.00','D-669dfe34c996f',NULL
5295,Barbeque Grilled cottage cheese with jambalaya,'100.00','D-669dfe8a5bf86',NULL
5296,Takeaway Chicken Biryani,'180.00','D-669e02f849468',NULL
5297,Veggie Sticks,'40.00','D-669e2fda354f4',NULL
5298,Veggie Sticks,'40.00','D-669e3043788e5',NULL
5299,SEMIYA KESHARI BATH,'45.00','D-669f0ab34fd73',0
5300,Pan fried Tofu kafir lime scented fried rice,'100.00','D-669f4562349f5',NULL
5301,Braised Chicken in Chili Ginger Scented fried rice,'120.00','D-669f45ff0b060',NULL
5302,Cilantro & Jalapeno Stuffed cottage cheese,'100.00','D-669f509e05f86',NULL
5303,Chocolate idly,'40.00','D-66a0284d164e1',NULL
5304,Chocolate idly,'40.00','D-66a028b14c7b0',NULL
5305,Karamani wada,'40.00','D-66a028d19caf7',NULL
5306,Karamani wada,'40.00','D-66a0291c7da34',NULL
5307,Darshini pulao,'45.00','D-66a0294a1df7a',0
5308,Darshini pulao,'40.00','D-66a02a7f9c95b',NULL
5309,Classic Tofu & Vegetable Stroganoff Butter Rice,'100.00','D-66a08f5804a0d',NULL
5310,Classic Chicken Stroganoff Butter Rice,'120.00','D-66a08fbc48fdb',NULL
5311,Classic Mezze Platter,Beetroot Hummus','100.00',1
5312,Paprika Spiced Prawns,Creamy Olive Mash','150.00',1
5313,Thai Food Veg,'175.00','D-66a09a338ceb7',NULL
5314,Vegetable Dimsum,'80.00','D-66a09a8950620',NULL
5315,Thai Food Non-Veg,'200.00','D-66a09ab20f546',NULL
5316,Chicken Dimsum,'90.00','D-66a09ae80c185',NULL
5317,Nilagiri Rice Bath,'45.00','D-66a0c03a4c8a0',NULL
5318,Lahori Murgh Chatpata Dry,'60.00','D-66a0c1475b8e7',NULL
5319,Kachori Chaat,'45.00','D-66a0c218d66b7',NULL
5320,Keerai Vada,'40.00','D-66a0d41243948',NULL
5321,Nilagiri Rice Bath,'45.00','D-66a0d45a442d0',NULL
5322,Lahori Murgh Chatpata Dry,'60.00','D-66a0d47c7dd2b',NULL
5323,Pad Krapow Vegetable with Basil Fried Rice,'100.00','D-66a1e9e8e0fdc',NULL
5324,Pad Krapow Chicken with Basil Fried Rice,'120.00','D-66a1ea46aa939',NULL
5325,Dill Rubbed Cottage Cheese Steak,Root Vegetable','100.00',1
5326,Battani sadam,'40.00','D-66a22b4ea8133',NULL
5327,Thakali sadam,'40.00','D-66a22c0c14038',NULL
5328,Chicken Ala King with Herb Rice,'120.00','D-66a33e1759962',NULL
5329,Vegetable Tagine with Herb Rice,'100.00','D-66a33e8ee2d8e',NULL
5330,Charred Chicken Sausage,Foxtail Millet','100.00',1
5331,Extra Cheese,'10.00','D-66a67ccb53dac',NULL
5332,Extra Cheese,'10.00','D-66a67d5674e07',NULL
5333,BANANA MILK SHAKE,'40.00','D-66a719815f95f',NULL
5334,BANANA MILK SHAKE,'50.00','D-66a719815f95f',NULL
5335,TOPICAL PARADISE SMOOTHIE,'65.00','D-66a71a60c3172',NULL
5336,CHALAP,'30.00','D-66a71a8756e1d',NULL
5337,RASBERRY COCONUT MILKSHAKE,'50.00','D-66a71ac311991',NULL
5338,Grilled cottage cheese steak rissoto AI fungi,'100.00','D-66a737715d5e6',NULL
5339,Dill Rubbed Braised Prawns,Roasted Potatoes','150.00',1
5340,Tandoori Chicken Sausage,Tzatziki,Crunchy greens',NULL
5341,Tea-Twinings-Lemon,'90.00','D-66a74a5de98db',NULL
5342,Tea-Twinings-Darjeeling,'90.00','D-66a74a8cb08ef',NULL
5343,Caramalized apple and cookie crumble parfait,'100.00','D-66a74bc880ead',NULL
5344,Coconut Mango and chia Smoothie,'65.00','D-66a74cb3ee7bb',NULL
5345,Ludiyana Tawa Murgh,'60.00','D-66a768c9a5382',NULL
5346,Ludiyana Tawa Murgh,'60.00','D-66a7696dda7ee',NULL
5347,Chili Garlic Poppers,'40.00','D-66a769f3b698f',NULL
5348,Chili Garlic Poppers,'40.00','D-66a76a279b6ca',NULL
5349,Lemon Tea,'16.00','D-66a76b0504882',NULL
5350,Lemon Tea,'16.00','D-66a76b292137e',NULL
5351,Chili Garlic Poppers,'60.00','D-66a773ae9cf30',NULL
5352,Chilli Garlic Poppers,'40.00','D-66a7744c04a5d',NULL
5353,KHICHDI,'40.00','D-66a827bff2110',NULL
5354,MILLET IDLI,'40.00','D-66a8283491dd8',NULL
5355,PULIKACHA RICE,'40.00','D-66a828b7e97f8',NULL
5356,COCONUT SEMIYA BATH,'40.00','D-66a8292861e29',NULL
5357,Vegetable Marsala Butter Basil Rice,'100.00','D-66a8836aa2726',NULL
5358,Chicken Marsala Butter Basil Rice,'120.00','D-66a883b6ece70',NULL
5359,Classic Vegetable & Cottage Morracan Stew,'100.00','D-66a88476cac4f',NULL
5360,Chicken Stroganoff Olive mash millet pilaf,'120.00','D-66a8855e5649f',NULL
5361,Dill Rubbed Prawns Citrus Cous Cous Creamy,'150.00','D-66a885ea1959a',NULL
5362,Vegetable Marsala Butter Basil Rice,'100.00','D-66a8967b730e5',NULL
5363,Nippat,'20.00','D-66a8a729b378a',NULL
5364,Triangle Mathri,'22.00','D-66a8a7ab4491d',NULL
5365,Round Mathri,'22.00','D-66a8a80e7bf2b',NULL
5366,Tapioca Chips,'22.00','D-66a8a84a298bc',NULL
5367,Nippat,'22.00','D-66a8a8ad4d904',NULL
5368,Vazhakkai Bajji,'40.00','D-66a8b85e23a9f',NULL
5369,Vazhakkai Bajji,'40.00','D-66a8b8b1d6a65',NULL
5370,Bhuna Murgh Masala,'60.00','D-66a8b8f67bce0',NULL
5371,Bhuna Murgh Masala,'60.00','D-66a8b937d6478',NULL
5372,Corn Pakoda,'40.00','D-66a90d525d257',NULL
5373,Kotambir Wadi,'40.00','D-66a90df6175b5',NULL
5374,Mirch Ka Pakoda,'40.00','D-66a90e5b94f54',NULL
5375,Rajasthani Gobi Pakoda,'40.00','D-66a90ec0ddabe',NULL
5376,Sczehwan Samosa,'25.00','D-66a90f1c6a7b8',NULL
5377,Barish wala Pakoda,'40.00','D-66a90f7b4d366',NULL
5378,Kache Kela Pakoda,'40.00','D-66a90fd6e095c',NULL
5379,Onion Pakoda,'40.00','D-66a9103a1cdd4',NULL
5380,Baby Corn Pakoda,'40.00','D-66a9108c4c5b7',NULL
5381,Soya 65,'40.00','D-66a910c60a0c2',NULL
5382,Chole Samosa Chaat,'40.00','D-66a9110dc135a',NULL
5383,Kachori Chaat,'40.00','D-66a91159dec74',NULL
5384,Ram Ladoo,'40.00','D-66a9119cf3186',NULL
5385,Chicken 65,'70.00','D-66a911ebb02e0',NULL
5386,Chicken Chetinnad Keema Samosa,'40.00','D-66a91225a6d23',NULL
5387,Semiya Kesari,'45.00','D-66a96aa1dc317',NULL
5388,Semiya Kesari bhat,'45.00','D-66a9801c88a91',NULL
5389,Belladanna,'40.00','D-66a98f2d468d8',NULL
5390,Belladanna,'40.00','D-66a9905b86c72',NULL
5391,Semiya Kesari bhat,'40.00','D-66a9908bdb320',NULL
5392,Regular Almond Latte,'150.00','D-66a9bd4b70236',NULL
5393,Vegetable,Tagine Classic,Mash Pepper Millet',NULL
5394,Mustard Scented Prawns,Millet Pilaf Prawn Bisque','150.00',1
5395,Chicken Ala King Steak,Garlic Mash,Wilted',NULL
5396,Summer Vegetable in Hot Garlic Sauce Chili Basil,'100.00','D-66a9dfb2cfe5c',NULL
5397,Braised Chicken in Hot Garlic Sauce,Chili Basil','120.00',1
5398,Chicken Ala king steak,garlic mash wilted','120.00',1
5399,Peanut steam,'40.00','D-66aa13fe6f350',NULL
5400,Corn steam,'40.00','D-66aa142f0694d',NULL
5401,Kalu menasu koli sukka,'60.00','D-66aa17381fd71',NULL
5402,Rava kesari bath,'40.00','D-66aac3a325ebe',NULL
5403,Semiya bath,'45.00','D-66aac63990436',0
5404,Vegetable Pad Pak with Burnt Garlic Rice,'100.00','D-66ab2758b09e9',NULL
5405,Chicken Pad Pak with Burnt Garlic Rice,'120.00','D-66ab27a7d960b',NULL
5406,Griiled Cottage cheese steak ratatoullie,'100.00','D-66ab2cd520e42',NULL
5407,Test Dish,'20.00','D-66ab5f3c217eb',1
5408,ALOO Onion paratha,'55.00','D-66ac3ac021d86',0
5409,Spanish Omelette,'60.00','D-66ac4a8b535dd',NULL
5410,Veggie Breakfast Quesadilla,'50.00','D-66ac4ad1a39ce',NULL
5411,Veggie Breakfast Quesadilla,'50.00','D-66ac4c06e81db',NULL
5412,Vegetarian Massaman Curry,Aromatic Garlic Basil','100.00',1
5413,Chicken Massaman Curry,Aromatic Garlic Basil','120.00',1
5414,Chicken luohan zhai vegetable tossed rice,'120.00','D-66ac7b82c4f97',NULL
5415,Luohan zhai vegetable tossed rice,'100.00','D-66ac7bdd7bcfd',NULL
5416,Veg Pasta In White Sauce,'100.00','D-66ac92be178d7',NULL
5417,Prawns Pasta In White Sauce,'140.00','D-66ac92f4d54a8',NULL
5418,Broken wheat upma,'45.00','D-66ad75f3b04c5',NULL
5419,Broken wheat upma,'40.00','D-66ad7643f103f',NULL
5420,Egg foo young,'60.00','D-66af4c43843bf',NULL
5421,Herbed Ricotta and Plum Tomato Toast,'50.00','D-66af4c9d85fbb',NULL
5422,Exotic Vegetables & Baby Mozzerella Sandwich,'75.00','D-66af4d3ba0ea5',NULL
5423,Cocoa Coffee & Hazelnut Milkshake,'50.00','D-66af4ea9782b1',NULL
5424,Mattha,'30.00','D-66af4f12f1ff5',NULL
5425,Raspberry Rose Lemonade,'65.00','D-66af4f39d7f73',NULL
5426,Nilgiri bath,'40.00','D-66aff6f1260bf',NULL
5427,Nilgiri bath,'40.00','D-66aff746cf9c3',NULL
5428,Nilgiri bath,'45.00','D-66aff77a514f2',0
5429,Nilgiri bath,'45.00','D-66aff7b826953',0
5430,Avarekalu vada,'40.00','D-66aff84594b1d',NULL
5431,Avarekalu vada,'40.00','D-66aff893238b7',NULL
5432,pineapple kesari bath,'40.00','D-66affa9ba53fd',NULL
5433,pineapple kesari bath,'40.00','D-66affafb1fd14',NULL
5434,pineapple kesari bath,'40.00','D-66affb42d2cb3',NULL
5435,Braised Chicken in Hot Garlic Sauce,'120.00','D-66b06752946aa',NULL
5436,Summer Vegetable in Hot Garlic Sauce,'100.00','D-66b069bd91577',NULL
5437,Organic jaggery cherry & coconut cream parfait,'100.00','D-66b0871aaec48',NULL
5438,Crunchy granola,Cranberry & Banana Parfait','100.00',1
5439,Soye pepper tofu sprouted moong crunchy greens,'90.00','D-66b091a29cbcc',NULL
5440,Special - Raj Kachori Chaat,'65.00','D-66b098f3bbc4a',NULL
5441,Cucumber and Curry Leaf Juice,'55.00','D-66b0a47781622',NULL
5442,Coconut Cookies,'30.00','D-66b0a86d775d1',NULL
5443,Flaxseed Cookies,'28.00','D-66b0a9447a533',NULL
5444,Coconut Cookies,'30.00','D-66b0aaa49030b',NULL
5445,Special of the day,'40.00','D-66b0d6adda397',NULL
5446,Jaggery kesari bath,'40.00','D-66b155ff57728',NULL
5447,Jaggery kesari bath,'40.00','D-66b15640309b9',NULL
5448,Jaggery kesari bath,'40.00','D-66b156709f3f8',NULL
5449,Jaggery kesari bath,'40.00','D-66b156a33c955',NULL
5450,Tomato rice,'45.00','D-66b158520f94c',0
5451,Tomato rice,'45.00','D-66b15887bbd47',0
5452,Moroccan Chicken Stew,Zatar Parsley Rice','120.00',1
5453,Moroccan Vegetable Stew Zatar,'100.00','D-66b1b7d9cb45e',NULL
5454,Chicken Cacciatore broken wheat pilaf,roasted','120.00',1
5455,Prawn Puttanesca Roasted Vegetables a mix seasonal,'150.00','D-66b1b92d1531b',NULL
5456,Veg Soup,'50.00','D-66b23fc61ea9b',NULL
5457,Grilled Paneer,'125.00','D-66b240273004b',NULL
5458,Grilled Chicken,'125.00','D-66b24067141f0',NULL
5459,Grilled Fish,'125.00','D-66b24096d91ae',NULL
5460,Banana Cream,'60.00','D-66b24ed9d6e91',NULL
5461,Sitafal Cream,'75.00','D-66b2502f5f334',NULL
5462,Mix Fruit Cream,'65.00','D-66b25074a346e',NULL
5463,Mara Mari(Sweet lime/Pineapple),'80.00','D-66b250acc717b',NULL
5464,Ganga Jamuna(Orange / Sweetlime),'90.00','D-66b250e137b6a',NULL
5465,Kesar Thandai,'30.00','D-66b251157dc82',0
5466,Regular Thandai,'30.00','D-66b2517392a26',0
5467,Sitaphal Milkshake,'90.00','D-66b251ab1b07d',NULL
5468,Dry Fruit Milkshake,'100.00','D-66b251d4c0a95',NULL
5469,Fig Milkshake,'80.00','D-66b252029c234',0
5470,Rose Falooda,'100.00','D-66b2523350d3b',NULL
5471,Irani Chai,'25.00','D-66b252751efc4',NULL
5472,Paneer Chilli Puff,'45.00','D-66b253aca5423',NULL
5473,Irani Chai,'25.00','D-66b25444d8653',NULL
5474,Paneer Chilli Puff,'45.00','D-66b2546858ba8',NULL
5475,Chicken Chilli Puff,'65.00','D-66b2548b0f2f6',NULL
5476,Chicken Cutlet,'60.00','D-66b254ede70dd',NULL
5477,Choco Truffle,'55.00','D-66b2551cb047e',NULL
5478,Choco Truffle,'55.00','D-66b2554b3ce0d',NULL
5479,Chocolate Casata,'55.00','D-66b2556b2d5a8',NULL
5480,Chocolate Casata,'55.00','D-66b255883a1d9',NULL
5481,Choco Ball,'20.00','D-66b255c2654ba',NULL
5482,Choco Ball,'20.00','D-66b2561119aba',NULL
5483,Rich Mawa Slice Cake,'20.00','D-66b2563161de8',NULL
5484,Rich Mawa Cake Slice,'20.00','D-66b2564d3e159',NULL
5485,Choco  Tart,'40.00','D-66b256743f057',0
5486,Choco Tart,'40.00','D-66b256afaab4d',0
5487,Apple Pie,'55.00','D-66b256da5c0c0',NULL
5488,Apple Pie,'55.00','D-66b25712df6c8',NULL
5489,Caramel Custard,'55.00','D-66b257559f7a2',NULL
5490,Caramel Custard,'55.00','D-66b2577972936',NULL
5491,Satvik Meal,'75.00','D-66b257f821d2b',NULL
5492,Chicken Pav Slider,'75.00','D-66b2582e1105a',NULL
5493,Chicken Chilli Puff,'65.00','D-66b2587778d67',NULL
5494,Chicken Cutlet,'60.00','D-66b2589583c6c',NULL
5495,Chicken Chilli,'55.00','D-66b258c5ab734',NULL
5496,Chicken Chilli,'55.00','D-66b258eb6e943',NULL
5497,Chicken Pattice,'65.00','D-66b2590f31892',NULL
5498,Chicken Pattice,'65.00','D-66b2592f7951a',NULL
5499,Cookies,'63.00','D-66b2596bf2a29',NULL
5500,Eggs Benedict,'60.00','D-66b275acd93b8',NULL
5501,Greek Yogurt & Avacado Toast,'50.00','D-66b2764087964',NULL
5502,Greek Yogurt & Avacado Toast,','50.00',1
5503,Curry Leaf Scented Hash Browns,'40.00','D-66b276efcde8c',NULL
5504,Fruit Loops/Strawberry Corn Flakes/ Granola,'80.00','D-66b277391d083',NULL
5505,Ragi Bread/Whole Wheat/Multigrain,'20.00','D-66b2776c15f5e',NULL
5506,Khara Bun Congress,'30.00','D-66b2782fe28e9',NULL
5507,Khara Bun Congress,'30.00','D-66b27860e5481',NULL
5508,Honey Cake,'45.00','D-66b2789d0a89b',NULL
5509,Honey Cake,'45.00','D-66b278f4b0d1e',NULL
5510,Keema Pav,'50.00','D-66b27926d8845',NULL
5511,Keema Pav,'50.00','D-66b2796037e74',NULL
5512,Onion Bun,'25.00','D-66b27996a33c0',NULL
5513,Onion Bun,'25.00','D-66b279cfe3e3f',NULL
5514,Tarkari bath,'45.00','D-66b2a05f2fbc3',0
5515,Tarkari bath,'45.00','D-66b2a0966b89a',0
5516,Iddiyappam,'40.00','D-66b2a148560cf',NULL
5517,THAKKALI SADAM,'40.00','D-66b2a1b05d5c1',NULL
5518,Jaggery Kesari Bath,'40.00','D-66b2c1fc28824',NULL
5519,Jaggery Kesari Bath,'40.00','D-66b2c2593ec66',NULL
5520,Stuffed Aloo Chukka Paratha,'50.00','D-66b2c29ad70f6',NULL
5521,Rave Wade,'40.00','D-66b2c3efd2d1b',NULL
5522,Potato Bun,'30.00','D-66b2c47007950',NULL
5523,Potato Bun,'40.00','D-66b2c4c8c7048',NULL
5524,Onion Bonda,'30.00','D-66b2c52664b0f',NULL
5525,Onion Bonda,'30.00','D-66b2c56e7b28a',NULL
5526,Cream Bun,'30.00','D-66b2c5987f2d1',NULL
5527,Classic Thandai,'60.00','D-66b2c91caf810',NULL
5528,Mahobbat Ka Sharbat,'50.00','D-66b2c9a4d670f',NULL
5529,Masaru Majjige,'30.00','D-66b2ca06c5b5e',NULL
5530,Masaru Majjige,'30.00','D-66b2ca06c5b5e',NULL
5531,Masaru Majjige,'30.00','D-66b2ca06c5b5e',NULL
5532,Chia Lassi,'40.00','D-66b2ca5f9a10f',NULL
5533,Pomogranate Chia Lassi,'40.00','D-66b2ca5f9a10f',NULL
5534,Coconut Water,'55.00','D-66b2caa82991c',NULL
5535,MULBAGAL DOSA,'45.00','D-66b2d4b10b7a5',NULL
5536,MULBAGAL DOSA,'45.00','D-66b2d5b70766c',NULL
5537,Nizami Veg Dum Biryani,'105.00','D-66b2d5d17c4c3',0
5538,Nizami Chicken Dum Biryani,'135.00','D-66b2d65aa1634',0
5539,Special - Chinese Bhel,'65.00','D-66b2d6924c62f',NULL
5540,Pan Tossed Prawns With Lemon Butter Sauce,'120.00','D-66b2d8144d59a',NULL
5541,Paneer Shawarma Wrap,'60.00','D-66b2d847f0618',0
5542,Chicken Mexican Wrap,'75.00','D-66b2d8ba6e58d',NULL
5543,Donuts,'40.00','D-66b2dcb2dd811',0
5544,Chicken Hot Dog,'75.00','D-66b2dd831393b',NULL
5545,Plain Schezwan Dosa,'50.00','D-66b2ddab2b8e8',NULL
5546,Donuts,'40.00','D-66b2ddf57eed5',0
5547,Greek Non-Veg Bowl,'115.00','D-66b2e085687ed',NULL
5548,Greek Veg Bowl,'95.00','D-66b2e0c458969',NULL
5549,Usal Pav,'45.00','D-66b2e0f12510d',0
5550,Brun Maska Pav,'30.00','D-66b2e48c6f20f',NULL
5551,Brun Maska Pav,'30.00','D-66b2e58f30cb5',NULL
5552,Cream Bun,'30.00','D-66b2e6ac2ab3e',NULL
5553,Potato Bun,'30.00','D-66b2e702cbc32',NULL
5554,Khara Bun Congress,'30.00','D-66b2e790edc30',NULL
5555,Keema Pao,'50.00','D-66b2e7d1486ca',NULL
5556,Mohabbat Ka Sharbat,'50.00','D-66b2e8989d7b1',NULL
5557,Coconut And Dates Milkshake,'60.00','D-66b2e8d760e3b',NULL
5558,Coorg Filter Coffee Milkshake,'50.00','D-66b2eb580a076',NULL
5559,Coorg Filter Coffee Milkshake,'50.00','D-66b2ebd0653d5',NULL
5560,South Indian Feast Thali Veg,'155.00','D-66b2f938a91c0',NULL
5561,South Indian Combo Non-Veg,'70.00','D-66b2fa4d00244',NULL
5562,Sion Koliwada Special Veg Thali,'170.00','D-66b2fdc76a6e3',NULL
5563,Sion Koliwada Special Veg Thali,'170.00','D-66b2ff36bfebe',NULL
5564,Sion Koliwada Special Non-Veg Thali,'180.00','D-66b2ff6167f89',NULL
5565,Sion Koliwada Special Non-Veg Thali,'180.00','D-66b2ff8ba3a3c',NULL
5566,Ala Carte chicken,'50.00','D-66b2ffd97ebbc',NULL
5567,Ala Carte chicken,'50.00','D-66b3003c5394f',NULL
5568,Ala carte Fish,'50.00','D-66b3006bb9ca9',NULL
5569,Ala carte Fish,'50.00','D-66b300d4380a2',NULL
5570,Royal North Veg,'100.00','D-66b3082fb5184',NULL
5571,Royal North Veg,'100.00','D-66b30a8ed05dd',NULL
5572,Royal North Veg,'100.00','D-66b30ab0c10c8',NULL
5573,Royal North Non - Veg,'125.00','D-66b30aff70c91',NULL
5574,Royal North Non - Veg,'125.00','D-66b30b5054c40',NULL
5575,Royal North Non - Veg,'125.00','D-66b30b5054c40',NULL
5576,Royal North Non - Veg,'125.00','D-66b30b6ce0369',NULL
5577,Karavalli Coast Veg,'120.00','D-66b30c5a4c2ab',NULL
5578,Karavalli Coast Veg,'120.00','D-66b30d08d0d09',NULL
5579,Karavalli Roast Nov - Veg,'35.00','D-66b30d3579bd3',NULL
5580,Karavalli Roast Nov - Veg,'135.00','D-66b30da8d33e5',NULL
5581,Khanavali Oota Thali,'120.00','D-66b30e2d3423e',NULL
5582,Bisibele Bath Bowl,'60.00','D-66b30ea53428f',NULL
5583,Bowl Meals,'60.00','D-66b30f1726e08',NULL
5584,Anna Sambar Bowls,'60.00','D-66b30f5ff2f0b',NULL
5585,Burmese Chicken Momos Noodle Soup,'120.00','D-66b30fc5213f6',NULL
5586,Burmese Vegetable Momos Noodle Soup,'100.00','D-66b310145f499',NULL
5587,Chicken Momos with Chili  Garlic Chutney,'75.00','D-66b3104f4bbc3',NULL
5588,Vegetable Momos with Chili  Garlic Chutney,'65.00','D-66b31089704b4',NULL
5589,Kormangla Chicken Momos Noodle Soup,'120.00','D-66b3112b9012a',NULL
5590,Koramangla Vegetable Momos Noodle Soup,'120.00','D-66b312cbdb40e',NULL
5591,Shivaji Nagar Veg Kebab,'120.00','D-66b3131284bd6',NULL
5592,Shivaji Nagar Non Veg Kebab,'130.00','D-66b3136e1348d',NULL
5593,Karavalli Coast Non Veg,'135.00','D-66b3164074940',NULL
5594,Mexican Buritto wrap Mexican rice peri peri,'100.00','D-66b320665d295',NULL
5595,Chicken Thukpa With Chicken Fried Momo,'120.00','D-66b322535d6e3',NULL
5596,Mexican Buritto Wrap Mexican rice chicken,'120.00','D-66b3259ac3184',NULL
5597,Mexican buritto wrap mexican rice dill prawns,'150.00','D-66b325f565f9b',NULL
5598,Mexican Buritto wrap Mexican rice chili chicken,','120.00',1
5599,Mexican buritto wrap mexican rice dill prawns,','150.00',1
5600,Rawa Wade,'40.00','D-66b328a7dbcef',NULL
5601,Frazer Town Ka Onion Patti Samosa,'40.00','D-66b32c8c1e81b',NULL
5602,Bhune Makai Aur Cheese Samosa,'40.00','D-66b32db60df2a',NULL
5603,Shivaji Nagar Ka Murg Patti Samosa,'55.00','D-66b32e08615d2',NULL
5604,Karavalli Coast Non Veg,','135.00',1
5605,Karavalli Coast Non Veg,','135.00',1
5606,Ukala,'25.00','D-66b330e428821',NULL
5607,Ukala,'25.00','D-66b3311bd2407',NULL
5608,Curry Patta Masala Kurkuri Chicken Wings,'60.00','D-66b3319ed2704',NULL
5609,Meethe Makai,'40.00','D-66b332239b3af',NULL
5610,Punjabi Kabuli Chana,'40.00','D-66b3326be3c46',NULL
5611,Uble aloo,'40.00','D-66b332c0166e1',NULL
5612,Vada Pav,'45.00','D-66b3336050287',0
5613,Chicken Keema Samosa,'50.00','D-66b333541738e',NULL
5614,Chicken 65,'60.00','D-66b333a7615c3',NULL
5615,Kachori Chaat,'40.00','D-66b333e78fcd2',NULL
5616,Malabari Chicken Seasme Baked Roll,'45.00','D-66b334251df0e',NULL
5617,Aloo Samosa Chaat,'40.00','D-66b334ab4031e',NULL
5618,Chole Swiss Roll 50 gm,'40.00','D-66b335053cc3c',NULL
5619,Schezwan Tossed Potato Wedges,'45.00','D-66b337fa708b4',0
5620,Tandoori Spiced Potato Wedges,'45.00','D-66b33ab42137a',NULL
5621,Kadai Masala Fried Potato Wedges,'45.00','D-66b33aeec9042',NULL
5622,Schezwan Tossed Potato Wedges,'45.00','D-66b33b39cf632',0
5623,Thecha French Fries,'60.00','D-66b33b6f0cf41',NULL
5624,Thecha French Fries,'60.00','D-66b33b9f9554d',NULL
5625,Loaded Cheese Fries,'100.00','D-66b33bdd3f310',NULL
5626,Loaded Cheese Fries,'100.00','D-66b33c067d7d7',NULL
5627,Paneer Chilli Dosa,'60.00','D-66b33d73869c6',NULL
5628,Kala Chana,'40.00','D-66b34f41a7ea3',NULL
5629,Chow Chow Bath,'40.00','D-66b3514385197',NULL
5630,Manglorean Style Kori Gassi,'60.00','D-66b351635b4a0',NULL
5631,Manglorean Style Kori Gassi,'60.00','D-66b351a56d7d6',NULL
5632,Chow Chow Bath,'40.00','D-66b351ceb9d1b',NULL
5633,Uble Sing,'40.00','D-66b3526e555a3',NULL
5634,DEVANGERE BENNE DOSA,'45.00','D-66b35247df900',NULL
5635,DEVANGERE BENNE DOSA,'45.00','D-66b35247df900',NULL
5636,DEVANGERE BENNE DOSA,'45.00','D-66b35247df900',NULL
5637,Shivaji Nagar Ka Murg Patti Samosa,'55.00','D-66b352c3a1d93',NULL
5638,Motte Gojju,'50.00','D-66b3533223ac8',NULL
5639,Devangere Benne Dosa,'45.00','D-66b354d4a2e9d',NULL
5640,Onion bun,'25.00','D-66b36006e8ea9',NULL
5641,Chocolate mousse,'30.00','D-66b36342f142e',NULL
5642,Holige,'30.00','D-66b4690c1ab62',NULL
5643,Holige,'30.00','D-66b4692941536',NULL
5644,Chicken Pasta In Neapolitan Sauce,'120.00','D-66b46adfc4a44',NULL
5645,Chocolate Roll,'40.00','D-66b499658255c',NULL
5646,Chocolate swiss role,'40.00','D-66b49a15a0086',NULL
5647,Chocolate Swiss Roll,'40.00','D-66b49a852f14e',NULL
5648,Chitranna,'45.00','D-66b49fb4ce289',NULL
5649,Cocktail Samosa,'40.00','D-66b4aacdc0eed',NULL
5650,Manglorean style kori gassi,'60.00','D-66b4b9e0e1ff2',NULL
5651,Chicken Puff,'40.00','D-66b4bdd9ab901',NULL
5652,Egg Puff,'30.00','D-66b4be03958c0',NULL
5653,Marinated Cottage cheese steak garlic mash,'100.00','D-66b5b9cb30159',NULL
5654,Chicken Scarpariello Scollaped Potatoes,'120.00','D-66b5ba0c94b60',NULL
5655,Chicken Scarpareillo Scalloped Potaoes,'120.00','D-66b5ba5541307',NULL
5656,Prawn Alla Busara,Green Pea Almondine','150.00',1
5657,Marinated Cottage Cheese steak garlic mash,','100.00',1
5658,Chicken Hot Dog,'75.00','D-66b5ce150afb2',NULL
5659,Idiyappam Brinji,'40.00','D-66b5d1119c679',NULL
5660,Idiyappam Brinji,'40.00','D-66b5d15a7fc59',NULL
5661,Crispy Chicken Wings,'60.00','D-66b5d4981c10d',NULL
5662,Crispy Chicken Wings,'60.00','D-66b5d4d180694',NULL
5663,Idiyappam Brinji,'40.00','D-66b5d5f650bd6',NULL
5664,Idiyappam Brinji,'40.00','D-66b5d5f650bd6',NULL
5665,Kothu Idiyappam,'40.00','D-66b5f88bea856',NULL
5666,Kothu Idiyappam,'40.00','D-66b5f8ccaed22',NULL
5667,Banana kesari bath,'40.00','D-66b6935bd687d',NULL
5668,Banana kesari bath,'40.00','D-66b693ab912e7',NULL
5669,Punjabi Khada Murgh Dry,'60.00','D-66b73df7af2db',NULL
5670,Vegetable Upma,'45.00','D-66b74573a38f7',0
5671,Aloo Paratha,'55.00','D-66b7b90dde784',NULL
5672,DRY CHICKEN,'65.00','D-66b7b9c9c740b',0
5673,Boiled Egg,'22.00','D-66b817b8aef3b',NULL
5674,chapati with egg bhurji,'50.00','D-66b81823944df',NULL
5675,Mix fruits kesari,'40.00','D-66b91e61d552e',NULL
5676,Mix fruits kesari,'40.00','D-66b91ec2ec356',NULL
5677,Mix fruits kesari,'40.00','D-66b91f5c1fab6',NULL
5678,Mix fruits kesari,'40.00','D-66b91f8850295',NULL
5679,Sweet berry milkshake,'50.00','D-66b934ba6dcf7',NULL
5680,Smokey Chipotle Prawns with Mango Salsa,'150.00','D-66b98aab38bec',NULL
5681,Chicken Manchurian Sauce with Vegetable Rice,'120.00','D-66b98b854c5e8',NULL
5682,Mixed Vegetable Manchurian Sauce,'100.00','D-66b98bc8d2570',NULL
5683,Puliyogare,'40.00','D-66ba89a7648b7',NULL
5684,Kesari bath,'40.00','D-66ba8a7ad8389',NULL
5685,Kesari bath,'40.00','D-66ba8ab29ad18',NULL
5686,Smoked BBQ Chicken,Italian Chili Basil Rice','120.00',1
5687,Smoked BBQ Cottage Cheese,Italian Chili Rice','100.00',1
5688,Smoked BBQ Cottage Cheese,Italian Chili Rice','100.00',1
5689,Siracha Honey Chicken,Burrito Wrap,Herb Rice',NULL
5690,Siracha Honey Prawns,Burrito Wrap,Herb Rice',NULL
5691,Spinach Ricotta Malfati Mama Rosa Sauce,'100.00','D-66baf4440b237',NULL
5692,Siracha Honey Chicken,Burrito Wrap,Herb Rice',NULL
5693,Pudina Chicken dry,'60.00','D-66bb301318fa3',NULL
5694,Pudina Chicken dry,'60.00','D-66bb305be49d7',NULL
5695,Tested,'2.00','D-66bb466327919',NULL
5696,Banana sheera,'40.00','D-66bbd7b2307fc',NULL
5697,PINEAPPLE SHERA,'45.00','D-66bbd7f1268ef',0
5698,Banana kesari bath,'40.00','D-66bbd7f1268ef',NULL
5699,Cottage Cheese Steak Sweet corn chowder,'100.00','D-66bc51ec6c3df',NULL
5700,Herb Rubbed Chicken Provencal Garlic Butter,'120.00','D-66bc526279650',NULL
5701,Ginger soya prawns with stir fried veg foxtail,'150.00','D-66bc52983b9f6',NULL
5702,Ludhiana Tawa Murgh,'60.00','D-66bc648addbb5',NULL
5703,Ludhiana Tawa Murgh,'60.00','D-66bc64b81e5de',NULL
5704,coconut rice,'40.00','D-66bcf619d2fe9',NULL
5705,coconut rice,'40.00','D-66bcf656060c1',NULL
5706,Takeaway Seasonal cut fruits,'80.00','D-66bd01e2cf5cb',NULL
5707,Takeaway Regular cut fruits,'60.00','D-66bd023235d90',NULL
5708,Take away,'15.00','D-66bd0396727f2',NULL
5709,Tharkari kichadi,'40.00','D-66bd24e9901b3',NULL
5710,Thakkali Sadam,'40.00','D-66bd252245563',NULL
5711,Broken wheat upma,'45.00','D-66bd259fd44fd',NULL
5712,Palak Puri With Ghoogni,'45.00','D-66bd54d4295fe',NULL
5713,Three Pepper Ricotta Malfatti Cream Tomato,'100.00','D-66bd9ed3ab1bd',NULL
5714,Roasted Garlic & Thyme Chicken with Mashed,'120.00','D-66bd9effe4b39',NULL
5715,Prawn Thermidor Citrus cous cous garlic bread,'150.00','D-66bd9f32c546c',NULL
5716,RAVA KHICHDI,'40.00','D-66be78c0e0c02',NULL
5717,RAVA KHICHDI,'40.00','D-66be791acf5a6',NULL
5718,Kung Pao Chicken with Veg rice,'120.00','D-66bee488ebaf7',NULL
5719,Seasonal Veg Kung Pao with Veg Rice,'100.00','D-66bee5080cda0',NULL
5720,BBQ Chicken,Herb Rice,Seasonal Herb Vegetable',NULL
5721,Tuscan Prawns with Sun Dried Tomato Cream Sauce,'150.00','D-66bef20c5024d',NULL
5722,Sriracha Honey Paneer,Burrito Wrap,Herb Rice',NULL
5723,Street Style Kulcha Pizza,'45.00','MT001',0
5724,Ajwain Puri With Aloo Mutter KI Bhaji,'45.00','MT002',NULL
5725,Lemon Poha,'40.00','D-66c1d576f376c',NULL
5726,lemon poha,'40.00','D-66c1d65b720dd',1
5727,HONEY ALMOND CRUNCH PARFAIT,'100.00','D-66c2a1300dbda',NULL
5728,HUEVOS A LA MEXICANA,'60.00','D-66c2aa4517abb',NULL
5729,THYME RUBBED BABY POTATO,'40.00','D-66c2aa85471dd',NULL
5730,Herb Rubbed Cottage Cheese Steak,Veg Ragout','100.00',1
5731,Grilled Prawns with Chimchuri & Roasted Veg,'150.00','D-66c2e4d7d16a7',NULL
5732,Balsamic Glazed Chicken with Millet Pilaf,'120.00','D-66c2e5337a73e',NULL
5733,Kung Pao Cottage Cheese,Fried Rice','100.00',1
5734,Kung Pao Chicken,Fried Rice','120.00',1
5735,Mint Chocolate Milkshake,'50.00','D-66c2f21fb5107',NULL
5736,Moroccan Spiced Chicken & Cous Salad,'100.00','D-66c2f403dc660',NULL
5737,Ulli Bonda,'40.00','D-66c3167d0a4d8',NULL
5738,Rasam Bonda,'40.00','D-66c316bdadb4e',NULL
5739,Erulli Bonda,'40.00','D-66c316bdadb4e',NULL
5740,Masala Avallaki,'40.00','D-66c316f260d43',NULL
5741,Masala Avallaki,'40.00','D-66c3172a585e6',NULL
5742,Kalu menasu koli sukka,'60.00','D-66c317f4cf051',NULL
5743,Koli Motte Masala,'50.00','D-66c320ccbe006',NULL
5744,Koli Motte Masala,'50.00','D-66c3210997eeb',NULL
5745,CHI. RICE - SNACKS,'56.00','D-66c4121dba20f',NULL
5746,Thai Red Curry with Chicken Vegetable,'120.00','D-66c42ab67d7ed',NULL
5747,Thai Red Curry with Vegetable,'100.00','D-66c431ac5078f',NULL
5748,Kothamalli Sadam,'40.00','D-66c44c60375b7',NULL
5749,Kothamalli Sadam,'40.00','D-66c44c9d95b50',NULL
5750,Muttai Bonda,'50.00','D-66c44cbcbb372',NULL
5751,Muttai Bonda,'50.00','D-66c44cf9c279a',NULL
5752,Kokum,'35.00','D-66c4645990708',NULL
5753,Paratha /1 Piece,'35.00','D-66c56711b542b',NULL
5754,Vada / 1 Piece,'25.00','D-66c5680a54a80',NULL
5755,Roasted Chicken with Mushroom Sauce,Steamed Veg','120.00',1
5756,Coconut Curried Prawn,Parsley Rubbed Vegetable','150.00',1
5757,Avalakki Bath,'40.00','D-66c589b7a1d5d',NULL
5758,Avalakki Bath,'40.00','D-66c58a0687770',NULL
5759,Manglorean Style Koli Sukka,'60.00','D-66c58ab927487',NULL
5760,Manglorean Style Koli Sukka,'60.00','D-66c58b0e78ea3',NULL
5761,Koli Motte Bonda,'50.00','D-66c58b58df05e',NULL
5762,Kolimotte Bonda,'50.00','D-66c58b90d47fa',NULL
5763,Laksa Noodle Chicken Momo Soup,'120.00','D-66c6d6afe62c9',NULL
5764,Laksa Noodle Vegetable Corn Cheese Momo Soup,'100.00','D-66c6d82dd1915',NULL
5765,Coq – Au – Vin,Herb Rice,Grilled Vegetable',NULL
5766,Thai Spiced Rubbed Prawns,Prawns Bisque Ricotta','150.00',1
5767,Three Pepper Ricotta Malfatti,Cream Tomato','100.00',1
5768,Madhu Bonda,'40.00','D-66c7b1116a293',NULL
5769,Alsandhar Vada,'40.00','D-66c7b1582b38d',NULL
5770,Mavinakaya Rice,'40.00','D-66c8439d9ccf0',NULL
5771,Mavinakaya Rice,'40.00','D-66c84564569be',NULL
5772,Garilu,'40.00','D-66c8458b91dc3',NULL
5773,Avarekalu uppittu,'40.00','D-66c90b2e63f1f',NULL
5774,Godhi uppittu,'40.00','D-66c90bac9941d',NULL
5775,Organic Greens,Steamed Roots  Salad','90.00',1
5776,Mexican Sprout & Organic Vegetable,Chicken Salad','100.00',1
5777,Khao Suey Vegetable & Cottage Cheese noodle soup,'100.00','D-66cc13be54d9f',NULL
5778,Khao Suey Chicken noodle soup,'120.00','D-66cc142e9c24d',NULL
5779,Garlic Rubbed cottage cheese & Vegetable S/W,'75.00','D-66cc16ed08b2a',NULL
5780,Kodi Guddu Pakodi,'50.00','D-66cc339de1a43',NULL
5781,Kodi Guddu Pakodi,'60.00','D-66cc34155aa1e',NULL
5782,Alasanda Wada,'40.00','D-66cc346cc29d0',NULL
5783,Alasanda Wada,'40.00','D-66cc34ab0acd8',NULL
5784,Brazilian Chicken Stew,Zatar Parsley Rice','120.00',1
5785,Brazilian Vegetable Stew,Zatar Parsley Rice','100.00',1
5786,Grilled Cottage cheese steak Ratatoullie,'100.00','D-66cd8361a4b7d',NULL
5787,Nadan Kozhi Varuthathu,'60.00','D-66cda61e78089',NULL
5788,Nadan Kozhi Varuthathu,'60.00','D-66cda676c7c7e',NULL
5789,White Forest Pastry,'100.00','MT396',NULL
5794,Veg Masala Croissant,'100.00','MT401',NULL
5800,Red Velvet Pastry,'100.00','MT407',NULL
5803,Plain Croissant,'65.00','MT410',NULL
5809,Pain Au Chocolat,'100.00','MT416',NULL
5810,Perrier Water (330 ml),'165.00','MT417',NULL
5819,Custard Danish,'95.00','MT426',NULL
5836,Belgian Black Current Chocochip Cookies,'80.00','MT443',NULL
5843,Cinnamon Danish,'95.00','MT450',NULL
5847,Chocolate Pastry,'100.00','MT454',NULL
5848,Chocolate Muffin,'125.00','MT455',NULL
5849,Doughnut of the Day,'120.00','MT456',NULL
5852,Chicken Croissant,'120.00','MT459',NULL
5853,Bisleri water (300 ml),'50.00','MT460',NULL
5861,Blue Berry Cheesecake,'145.00','MT468',NULL
5866,Berry Danish,'95.00','MT473',NULL
5867,Berliner,'85.00','MT474',NULL
5868,Cream Cheese and Jalapeno Bagel,'95.00','MT475',NULL
5870,Almond Croissant,'140.00','MT477',NULL
5871,Classic Mojito Large,'95.00','MT478',NULL
5874,Salted Caramel Frappe,'120.00','MT481',NULL
5875,Roasted Hazelnut Cold Coffee Regular,'95.00','MT482',NULL
5876,Red Velvet Cheese Cake Shake,'90.00','MT483',NULL
5877,Pomegranate Mojito Regular,'75.00','MT484',NULL
5879,Peach Iced Tea,'75.00','MT486',NULL
5882,Mocha Cold Regular,'95.00','MT489',NULL
5885,Iced Coffee,'110.00','MT492',NULL
5886,Green Apple Mojito Large,'95.00','MT493',NULL
5887,Elderflower Cold Brew,'110.00','MT494',NULL
5889,Cookie Frappe,'90.00','MT496',NULL
5890,Cold Caremel Coffee Large,'110.00','MT497',NULL
5891,Cold Brew,'110.00','MT498',NULL
5892,Coconut Cold Brew,'120.00','MT499',NULL
5893,Classic Lemon Iced Tea Regular,'65.00','MT500',NULL
5894,Classic Cold Brew,'120.00','MT501',NULL
5896,Caramel Cold Coffee Regular,'95.00','MT503',NULL
5902,Italian Tiramisu,'130.00','MT509',NULL
5908,Chocolate Mousse,'130.00','MT515',NULL
5909,Chocolate Brownie,'110.00','MT516',NULL
5911,Masala Chai Regular,'55.00','MT518',NULL
5913,Hot Chocolate Regular,'75.00','MT520',NULL
5915,Green Tea,'70.00','MT522',NULL
5916,Golden Café Latte,'100.00','MT523',NULL
5917,Espresso Double,'85.00','MT524',NULL
5918,Espresso Single,'65.00','MT525',NULL
5920,Cappuccino Regular,'75.00','MT527',NULL
5921,Café Mocha Regular,'95.00','MT528',NULL
5922,Café Latte Regular,'75.00','MT529',NULL
5923,Café Caramel Regular,'95.00','MT530',NULL
5924,Cafe Hazelnut Regular,'95.00','MT531',NULL
5925,Assam Tea,'70.00','MT532',NULL
5926,Americano Regular,'75.00','MT533',NULL
5937,Steamed Rice,'25.00','MT051',NULL
5938,Chapati,'15.00','MT052',NULL
5941,Vegetable Upma,'45.00','MT055',NULL
5943,Semiya Upma,'45.00','MT057',NULL
5945,Sabudana Khichdi,'45.00','MT059',NULL
5946,Pongal,'40.00','MT060',NULL
5947,Poha,'40.00','MT061',NULL
5948,Plain Upma,'40.00','MT062',NULL
5949,Millet Upma,'45.00','MT063',NULL
5950,Medu Vada,'45.00','MT064',NULL
5951,Masala Vada,'40.00','MT065',NULL
5952,Khara Bath,'35.00','MT066',NULL
5954,Dabeli,'60.00','MT068',NULL
5958,Veg Combo,'65.00','MT072',NULL
5960,Non-Veg Combo,'75.00','MT074',NULL
5967,Egg Masala,'50.00','MT081',NULL
5972,Veg Thali,'90.00','MT086',NULL
5976,Non-Veg Thali,'100.00','MT090',NULL
5977,Mixed Vegetable Paratha,'55.00','MT091',NULL
5980,Khichdi,'45.00','MT094',NULL
5985,Dal Paratha,'50.00','MT099',NULL
5987,Ajwaini Chole,'37.00','MT101',NULL
5994,Paneer Paratha,'65.00','MT108',NULL
5995,Egg Paratha,'55.00','MT109',NULL
5996,Chicken Keema Paratha,'70.00','MT110',NULL
5997,Aloo Paratha,'58.00','MT111',NULL
5999,Veg Manchurian,'50.00','MT113',NULL
6001,Chilli Vegetable,'50.00','MT115',NULL
6002,Chilli Chicken,'50.00','MT116',NULL
6005,Vegetable Poha,'40.00','MT119',NULL
6008,Vegetable Wrap,'90.00','MT122',NULL
6022,Punugulu,'40.00','MT136',NULL
6024,Pav Bhaji,'55.00','MT138',NULL
6026,Onion Pakoda,'45.00','MT140',NULL
6027,Onion Bonda,'40.00','MT141',NULL
6029,Onion Bajji,'45.00','MT143',NULL
6030,Mysore Bonda,'40.00','MT144',NULL
6031,Mix Veg Pakoda,'45.00','MT145',NULL
6032,Misal Pav,'45.00','MT146',NULL
6033,Mirchi Bajji,'40.00','MT147',NULL
6036,Egg Pakoda,'50.00','MT150',NULL
6038,Egg Bonda,'50.00','MT152',NULL
6039,Egg Bhurji Pav,'35.00','MT153',NULL
6041,Cut Mirchi Bajji,'28.00','MT155',NULL
6042,Chole Kulche,'60.00','MT156',NULL
6050,Chicken Keema Pav,'70.00','MT164',NULL
6052,Chicken Hot Dog,'120.00','MT166',NULL
6053,Chicken Frankie,'110.00','MT167',NULL
6057,Bread Pakoda,'40.00','MT171',NULL
6058,Bhutta Masala,'65.00','MT172',NULL
6062,Aloo Bonda,'40.00','MT176',NULL
6063,Aloo Bajji,'40.00','MT177',NULL
6064,Uttapam,'44.00','MT178',NULL
6065,Spl Idli,'40.00','MT179',NULL
6066,Set Dosa,'45.00','MT180',NULL
6067,Ragi Dosa,'60.00','MT181',NULL
6068,Podi Idli,'55.00','MT182',NULL
6069,Plain Dosa,'40.00','MT183',NULL
6071,Onion Uttapam,'45.00','MT185',NULL
6072,Masala Uttapam,'45.00','MT186',NULL
6073,Masala Dosa,'45.00','MT187',NULL
6074,Idli Vada,'45.00','MT188',NULL
6081,Steamed Rice,'25.00','MT051',NULL
6082,Chapati,'15.00','MT052',NULL
6085,Vegetable Upma,'45.00','MT055',NULL
6087,Semiya Upma,'45.00','MT057',NULL
6089,Sabudana Khichdi,'45.00','MT059',NULL
6090,Pongal,'40.00','MT060',NULL
6091,Poha,'40.00','MT061',NULL
6092,Plain Upma,'40.00','MT062',NULL
6093,Millet Upma,'45.00','MT063',NULL
6094,Medu Vada,'45.00','MT064',NULL
6095,Masala Vada,'40.00','MT065',NULL
6096,Tomato Bath,'35.00','MT066',NULL
6098,Dabeli,'60.00','MT068',NULL
6102,Veg Combo,'65.00','MT072',0
6104,Non-Veg Combo,'75.00','MT074',NULL
6111,Egg vepudu,'50.00','MT081',NULL
6114,Bisi Bele Bath,'35.00','MT084',NULL
6115,Honey Chilli Potato,'50.00','MT085',NULL
6116,Veg Thali,'90.00','MT086',NULL
6120,Non-Veg Thali,'100.00','MT090',NULL
6121,Mixed Vegetable Paratha,'55.00','MT091',NULL
6124,Khichdi,'45.00','MT094',NULL
6129,Mooli Paratha,'50.00','MT099',NULL
6131,Sabudana Vada,'40.00','MT101',NULL
6138,Paneer Paratha,'65.00','MT108',NULL
6139,Egg Paratha,'55.00','MT109',NULL
6140,Chicken Keema Paratha,'70.00','MT110',NULL
6141,Aloo Paratha,'58.00','MT111',NULL
6143,Veg Manchurian,'50.00','MT113',NULL
6145,Chilli Vegetable,'50.00','MT115',NULL
6146,Banana Bhajji,'35.00','MT116',NULL
6149,Vegetable Poha,'40.00','MT119',NULL
6152,Vegetable Wrap,'90.00','MT122',NULL
6166,Punugulu,'40.00','MT136',NULL
6168,Pav Bhaji,'55.00','MT138',NULL
6170,Onion Pakoda,'45.00','MT140',NULL
6171,Onion Bonda,'40.00','MT141',NULL
6173,Onion Bajji,'45.00','MT143',NULL
6174,Mysore Bonda,'40.00','MT144',NULL
6175,Mix Veg Pakoda,'45.00','MT145',NULL
6176,Misal Pav,'45.00','MT146',NULL
6177,Mirchi Bajji,'40.00','MT147',NULL
6180,Egg Pakoda,'50.00','MT150',NULL
6182,Egg Bonda,'50.00','MT152',NULL
6183,Bhurji Pav,'55.00','MT153',NULL
6185,Cut Mirchi Bajji,'35.00','MT155',NULL
6186,Chole Kulche,'60.00','MT156',NULL
6194,Chicken Keema Pav,'100.00','MT164',NULL
6196,Chicken Hot Dog,'120.00','MT166',NULL
6197,Chicken Frankie,'110.00','MT167',NULL
6201,Bread Pakoda,'40.00','MT171',NULL
6202,Bhutta Masala,'65.00','MT172',NULL
6206,Aloo Bonda,'40.00','MT176',NULL
6207,Aloo Bajji,'40.00','MT177',NULL
6208,Uttapam,'44.00','MT178',NULL
6209,Khasta Poori with Aloo Bhaji,'50.00','MT179',NULL
6210,Set Dosa,'45.00','MT180',NULL
6211,Ragi Dosa,'60.00','MT181',NULL
6212,Podi Idli,'55.00','MT182',NULL
6213,Plain Dosa,'40.00','MT183',NULL
6215,Onion Uttapam,'45.00','MT185',NULL
6216,Masala Uttapam,'45.00','MT186',NULL
6217,Masala Dosa,'45.00','MT187',NULL
6218,Idli Vada,'45.00','MT188',NULL
6224,Special Mutton Biryani,'195.00','MT391',NULL
6225,Paneer Biryani,'145.00','MT392',NULL
6226,Classic Veg Hyderabadi Biryani,'100.00','MT393',1
6227,Classic Egg Hyderabadi Biryani,'110.00','MT394',1
6228,Classic Chicken Hyderabadi Biryani,'135.00','MT395',NULL
6229,Veg Puff,'25.00','MT279',NULL
6234,Khasta Cookie,'8.00','MT284',NULL
6235,Egg Puff,'28.00','MT285',NULL
6238,Chicken Puff,'40.00','MT288',NULL
6239,Chicken Bun,'40.00','MT289',NULL
6242,Bun Maska,'25.00','MT292',1
6244,Monday Morning Tea,'17.00','MT294',NULL
6245,Lemon Chai,'22.00','MT295',NULL
6247,Irani Chai,'22.00','MT297',NULL
6248,Horlicks,'22.00','MT298',NULL
6249,Haldi Wala Doodh,'22.00','MT299',NULL
6250,Golden Kaapi,'22.00','MT300',NULL
6251,Filter Coffee,'18.00','MT301',NULL
6253,Coffee Instant,'17.00','MT303',NULL
6254,Cardamom Tea,'22.00','MT304',NULL
6255,Bournvita,'22.00','MT305',NULL
6256,Boost,'22.00','MT306',NULL
6257,Black Tea,'15.00','MT307',NULL
6258,Black Coffee,'17.00','MT308',NULL
6259,Veg Masala Roll,'60.00','MT309',NULL
6260,Veg Masala Bun,'28.00','MT310',NULL
6263,Rusk,'11.00','MT313',NULL
6264,Responsible Samosa,'20.00','MT314',NULL
6265,Polka Fan,'10.00','MT315',NULL
6268,Osmania Biscuit,'12.00','MT318',1
6274,Matri,'17.00','MT324',NULL
6275,Khari,'12.00','MT325',NULL
6280,Chicken Cromosa,'80.00','MT330',NULL
6281,Cheese Garlic Bun,'80.00','MT331',NULL
6282,Veg Puff,'25.00','MT279',NULL
6287,Khasta Cookie,'8.00','MT284',NULL
6288,Egg Puff,'28.00','MT285',NULL
6291,Chicken Puff,'40.00','MT288',NULL
6292,Chicken Bun,'40.00','MT289',1
6295,Bun Maska,'25.00','MT292',NULL
6297,Monday Morning Tea,'17.00','MT294',NULL
6298,Lemon Chai,'22.00','MT295',NULL
6300,Irani Chai,'22.00','MT297',NULL
6301,Horlicks,'22.00','MT298',NULL
6302,Haldi Wala Doodh,'22.00','MT299',NULL
6303,Golden Kaapi,'22.00','MT300',NULL
6304,Filter Coffee,'18.00','MT301',NULL
6306,Coffee Instant,'17.00','MT303',NULL
6307,Cardamom Tea,'22.00','MT304',NULL
6308,Bournvita,'22.00','MT305',NULL
6309,Boost,'22.00','MT306',NULL
6310,Black Tea,'15.00','MT307',NULL
6311,Black Coffee,'17.00','MT308',NULL
6312,Veg Masala Roll,'60.00','MT309',NULL
6313,Veg Masala Bun,'28.00','MT310',NULL
6316,Rusk,'11.00','MT313',NULL
6317,Responsible Samosa,'20.00','MT314',NULL
6318,Polka Fan,'10.00','MT315',NULL
6321,Osmania Biscuit,'12.00','MT318',NULL
6327,Matri,'17.00','MT324',NULL
6328,Khari,'12.00','MT325',NULL
6333,Chicken Cromosa,'80.00','MT330',NULL
6334,Cheese Garlic Bun,'80.00','MT331',NULL
6335,Watermelon Juice,'45.00','MT001',NULL
6336,Sweet Lime Juice,'55.00','MT002',NULL
6337,Sweet Lassi,'45.00','MT003',NULL
6345,Pineapple Juice,'35.00','MT011',NULL
6347,Papaya Shake,'45.00','MT013',NULL
6348,Papaya Juice,'40.00','MT014',NULL
6352,Nimbu Pani,'30.00','MT018',NULL
6353,Muskmelon Shake,'45.00','MT019',NULL
6354,Mixed Fruit Bowl,'62.00','MT020',NULL
6355,Melon Bowl,'60.00','MT021',NULL
6362,Kokum Sharbat,'35.00','MT028',NULL
6364,Jaljeera,'35.00','MT030',NULL
6368,Exotic Fruit Bowl,'82.00','MT034',NULL
6370,Coconut Water,'65.00','MT036',NULL
6372,Chikoo Shake,'45.00','MT038',NULL
6374,Butter Milk,'35.00','MT040',NULL
6377,Banana Shake,'45.00','MT043',NULL
6378,Banana (2 Piece),'22.00','MT044',NULL
6380,Apple Standard (1 Piece),'35.00','MT046',NULL
6384,Bhel Puri,'40.00','MT375',NULL
6386,Crispy Corn,'45.00','MT377',NULL
6387,Dahi Bhalla,'55.00','MT378',NULL
6388,Dahi Papdi,'40.00','MT379',NULL
6389,Dahi Puri,'40.00','MT380',NULL
6390,Jhal Muri,'40.00','MT381',NULL
6391,Chaat of the Day,'55.00','MT382',NULL
6392,Masala Pani Puri,'35.00','MT383',NULL
6393,Pani Puri,'35.00','MT384',NULL
6394,Papdi Chaat,'40.00','MT385',NULL
6395,Samosa Chaat,'55.00','MT386',NULL
6396,Samosa Chole Chaat,'55.00','MT387',NULL
6397,Sev Puri,'40.00','MT388',NULL
6398,Steamed  Corn,'55.00','MT389',NULL
6399,Veg Grain Bowl,'97.00','MT373',NULL
6400,Non-Veg Grain Bowl,'105.00','MT374',NULL
6401,Pesarattu,'60.00','MT350',NULL
6402,Set Dosa,'45.00','MT351',NULL
6403,Tadka Idli,'45.00','MT352',NULL
6404,Ragi Idli,'45.00','MT353',NULL
6405,Ragi Dosa,'60.00','MT354',NULL
6406,Podi Idli,'55.00','MT355',NULL
6407,Plain Idli,'40.00','MT356',NULL
6408,Plain Dosa,'40.00','MT357',NULL
6410,Onion Uttapam,'45.00','MT359',NULL
6411,Onion Dosa,'45.00','MT360',NULL
6412,Oats Idli,'45.00','MT361',NULL
6413,Millet Dosa,'60.00','MT362',NULL
6414,Medu Vada,'45.00','MT363',NULL
6415,Masala Uttapam,'45.00','MT364',NULL
6416,Masala Dosa,'45.00','MT365',NULL
6417,Kanchipuram Idli,'40.00','MT366',NULL
6418,Idli Vada,'45.00','MT367',NULL
6419,Ghee Dosa,'50.00','MT368',NULL
6422,Carrot Idli,'45.00','MT371',NULL
6423,Adai Dosa,'60.00','MT372',NULL
6424,THALIPPU IDLY,'40.00','D-66ce36ab956ae',NULL
6425,PUMPKIN IDLY,'40.00','D-66ce36cd92bf4',NULL
6429,Continental Veg Combo,'100.00','MT335',NULL
6430,Continental Non-Veg Combo,'110.00','MT336',NULL
6431,Asian Veg Combo,'100.00','MT337',NULL
6432,Asian Non-Veg Combo,'110.00','MT338',NULL
6433,Pizza Veg,'75.00','MT339',NULL
6434,Pizza Non-Veg,'85.00','MT340',NULL
6437,Veg Maggi,'40.00','MT343',NULL
6438,Egg Maggi,'50.00','MT344',NULL
6439,Cheese Maggi,'45.00','MT345',NULL
6440,Add on Salad,'15.00','MT250',NULL
6441,Pineapple & Mint Gazpacho,'60.00','MT251',NULL
6442,Quinoa,Chicken or Egg,Almonds&Purple Cabbage',0
6443,  Quinoa,Almonds&Purple Cabbage in Ranch Dressing','95.00',1
6444,Breakfast Cereal,'55.00','MT254',NULL
6447,Korean Chicken,Tossed Quinoa,Garlic Soy Glaze,'2025-03-26-67e3b0452e4da.jpg'
6452,Spinach&Mushroom Chicken,CousCous,Sauteed Veg',0
6454,Paneer Tikka,Sauteed Peppers& Mint Cream Sandwich','75.00',1
6455,Greek Falafel and Labneh Ragi Wrap with Hummus,'110.00','MT265',NULL
6456,Pan Seared Tofu,Scallion,Brown Rice&Garlic Sauce',0
6458,Tandoori Chicken Baguette Sandwich,'95.00','MT268',NULL
6460,Bombay Masala Egg Sandwich,'95.00','MT270',NULL
6462,Soya Bhurjee,Jalapeno&Beetroot Chutney in Baguette','75.00',1
6463,Extra - Egg,'15.00','MT273',NULL
6464,Extra - Egg (Cage Free),'15.00','MT274',NULL
6465,Roasted Beet,Chicken,Peppers in Mustard Dressing',0
6466,Roasted Beet,Grilled Pepper,Tomato in Mustard Dres',0
6468,Cucumber,Lettuce,Chia Seeds,'MT278'
6469,Cucumber,Chia Seeds,Walnut in Cheese Dressing',0
6470,Jerk Cottage Cheese,Mint Cous Cous,Pepper Sauce',0
6471,Three Pepper Ricotta Malfatti with Garlic Quinoa,'110.00','MT281',NULL
6472,Kiwi Cinnamon & Greek Yoghurt Parfait,'105.00','MT282',NULL
6473,Chicken Drumstick,Brown Rice,Mushroom Sauce,'2025-03-26-67e3afdbb295a.jpg'
6474,Basil Cinnamon Apple Yoghurt Parfait,'105.00','MT284',NULL
6475,Masala Omelette,'40.00','MT285',NULL
6476,Grilled Chicken,Boiled Egg or Millets,Orange Salad',0
6477,Grilled Peppers,Orange,Pumpkin Seeds,'2025-03-23-67e00f908e407.jpg'
6479,Non-Veg Salad Bowl,'95.00','MT289',NULL
6481,Chicken Pepperoni,Young Cheddar,Chives in Baguette',0
6482,Roasted Vegetable&Cottage Cheese in baguette Bread,'75.00','MT292',NULL
6483,Tuscan Grilled Veggies& Blanched Pomodoro Sandwich,'75.00','MT293',NULL
6485,Plain Omelette,'35.00','MT295',NULL
6486,Roast Chicken Healthy Bowl  Non-Veg,'105.00','MT296',NULL
6487,Roast Vegetable Healthy Bowl - Veg,'95.00','MT297',NULL
6488,Boiled Egg Mash,Fresh Celery,Sauteed Onions S/W',0
6500,The Sprout Bowl - Non-Veg,'105.00','MT310',NULL
6501,The Sprout Bowl - Veg,'95.00','MT311',NULL
6504,Honey Chicken,Garlic Quinoa,Sauteed Veg,'2024-09-23-66f16b0be9cbe.jpg'
6505,Veg Salad Bowl,'80.00','MT315',NULL
6507,Tandoori Combo - Non-Veg,'120.00','MT346',NULL
6508,Tandoori Combo - Veg,'110.00','MT347',NULL
6509,Tandoori Naan,'30.00','MT348',NULL
6510,Tandoori Roti,'30.00','MT349',NULL
6511,Rendang with Chicken Veg Ginger Cilantro Rice,'120.00','D-66ceb3778b68e',NULL
6512,Rendang with Tofu & Vegetable Ginger Cilantro Rice,'100.00','D-66ceb3d6dafd4',NULL
6513,Pallipalayam Chicken,'60.00','D-66ced4b0e9435',NULL
6514,Pallipalayam Chicken,'60.00','D-66ced4f113319',NULL
6515,Tamarind Rice,'40.00','D-66cedb293de52',NULL
6516,Tamarind Rice,'40.00','D-66cedb8d83a6d',NULL
6517,Laksa Noddle Vegetable Dumpling Soup,'100.00','D-66d00ef1b9465',NULL
6518,Paruppu wada,'40.00','D-66d04d2830e13',NULL
6519,Karuvepillai sadam,'40.00','D-66d04d6849959',NULL
6520,Kozhi milagu varuval,'60.00','D-66d04da69c991',NULL
6521,Paruppu wada,'40.00','D-66d04e4340153',NULL
6522,Karuvepillai sadam,'40.00','D-66d04e928067b',NULL
6523,Kozhi Milagu Varuval,'60.00','D-66d04f616013c',NULL
6524,Chicken sausage,'90.00','D-66d06d4151eea',NULL
6525,Veg Sausage,'80.00','D-66d08ae561a12',NULL
6526,Roasted Vegetable Tacos with Sour Cream,Salsa','80.00',1
6527,Jigarthanda,'80.00','D-66d08c324835c',NULL
6528,Nannari Sharbat with Basil Seeds,'60.00','D-66d08c534eba8',NULL
6529,Shikanji,'60.00','D-66d08c818b28e',NULL
6530,Kokum Sorbet,'60.00','D-66d08ca0a2a0f',NULL
6531,Jaggery and Almond Infused Saffron Milk,'80.00','D-66d08cc908e06',NULL
6532,Khatti lmli Aam Ka Panna,'60.00','D-66d08cf84b0c5',NULL
6533,Punjabi Sweet Lassi,'60.00','D-66d08d6f3228c',NULL
6534,Paruti Paal ( Cotton Seeds Milk Drink ),'80.00','D-66d08d91d3a9d',NULL
6535,Raw Banana Bajji,'50.00','D-66d08dd83447c',NULL
6536,Mirchi Pakoda,'50.00','D-66d08dfd0aa2a',NULL
6537,Mirchi Pakoda,'50.00','D-66d08dfd0aa2a',NULL
6538,Onion Patti Samosa,'50.00','D-66d08e1ae7d3a',NULL
6539,Corn Cheese Samosa,'40.00','D-66d08e37d3d57',NULL
6540,Chicken Chettinad Samosa,'70.00','D-66d08e562e134',NULL
6541,Chicken 65,'80.00','D-66d08eb12ee7a',NULL
6542,Soya 65,'60.00','D-66d08ecfe5357',NULL
6543,Chicken Keema,'90.00','D-66d08eed1a78f',NULL
6544,Soya Keema,'80.00','D-66d08f132451d',NULL
6545,Oven Baked Flat Bread Served with Chickpeas Curry,'80.00','D-66d08f3062256',NULL
6546,Chana Chor Garam,'50.00','D-66d08f89709ed',NULL
6547,Kachori Chaat,'60.00','D-66d08fc634a95',NULL
6548,Chole Masala Chaat,'60.00','D-66d08fe598e55',NULL
6549,Ram Ladoo,'50.00','D-66d0900941646',NULL
6550,Jhalmuri,'50.00','D-66d0902a86ba7',NULL
6551,Steamed Peanut,'50.00','D-66d0905348ab7',NULL
6552,Steamed Black Chana,'50.00','D-66d0907b241a7',NULL
6553,Steamed Tapioca with idi Chammanthi,'50.00','D-66d0909b7fb36',NULL
6554,Sweet Corn,'50.00','D-66d091068776b',NULL
6555,Sweet Potato,'50.00','D-66d09126d4be7',NULL
6556,Murgh Biryani,'150.00','D-66d0914251c69',NULL
6557,Vegetable Biryani,'110.00','D-66d0917d1266d',NULL
6558,Gadbad Ice Cream Station with dry fruits,'120.00','D-66d0919f4bfd5',NULL
6559,Falooda Ice Cream,'100.00','D-66d091f30a011',NULL
6560,Fresh Cut Fruits with Rabdi,'100.00','D-66d09212894ba',NULL
6561,Mexican Roasted Vegetable Tacos,'80.00','D-66d1480a3b21c',NULL
6562,Mexican Chicken Tacos,'90.00','D-66d1483be07ee',NULL
6563,Chicken Stroganoff Herb Rice,'120.00','D-66d149da07f38',NULL
6564,Modern Style Ratatouille Herb Rice,'100.00','D-66d14a3a87543',NULL
6565,Braised Chicken & Seasonal Veg in Spicy Herb Rice,'120.00','D-66d14a56a574e',NULL
6566,Chicken Hot dog,'90.00','D-66d153ef43f0b',NULL
6567,Veg Hot dog,'80.00','D-66d154113723e',NULL
6568,Pind de chole kulcha,'80.00','D-66d158fcc7946',NULL
6569,Barish wala pakoda,'50.00','D-66d15b7ca7a68',NULL
6570,Chole samosa chaat,'60.00','D-66d15f9ec2591',NULL
6571,Chicken Nuggets,'80.00','D-66d1a94a4ea2e',NULL
6572,Chicken Patti Samosa,'80.00','D-66d1a983be82f',NULL
6573,Chicken tortilla wrap,'90.00','D-66d1b5d81926c',NULL
6574,Veg tortilla wrap,'80.00','D-66d1b702410cb',NULL
6575,Vegetable spring roll,'50.00','D-66d1bb9a81223',NULL
6576,Podi idly,'40.00','D-66d4438218ede',NULL
6577,POACHED EGG,'60.00','D-66d5178e70ca1',NULL
6578,OREGANO DUSTED BABY POTATO,'40.00','D-66d517c8ced94',NULL
6579,Dark Chocolate & Cashewnut Smoothie,'80.00','D-66d536f5a8c67',NULL
6580,Takeaway Citrus Salad Veg,'100.00','D-66d54dce11b91',0
6581,Takeaway Citrus Salad Non-Veg,'110.00','D-66d55070b34b1',0
6582,Spicy Cottage Cheese Melt Sandwich,'180.00','D-66d55255e95e7',NULL
6583,Chicken Caciatore Sandwich,'170.00','D-66d5528c8cd17',NULL
6584,Sichuan Chili Basil Paneer Soy pepper Hakka Noodle,'100.00','D-66d553b9a7d9c',NULL
6585,Sichuan Chili Basil Chicken Soy Hakka Noodle,'120.00','D-66d5542554d76',NULL
6586,CHICKEN SOUP,'72.00','D-66d55bd05cdf9',NULL
6587,VEG SALAD,'88.00','D-66d55cda8cce5',NULL
6588,NON VEG SALAD,'101.00','D-66d561c955398',NULL
6589,Steamed Sweet Corn Chaat,'45.00','D-66d577e1d563e',NULL
6590,Chana jor garam,'40.00','D-66d578e0e3cb5',NULL
6591,Phool makhana,'40.00','D-66d579056e119',NULL
6592,KHICHDI,'40.00','D-66d63ae65b60b',NULL
6593,KHICHDI,'40.00','D-66d63ba2a0493',NULL
6594,Poulet Basquaise with Butter Herb Rice,'120.00','D-66d6a6c234f2d',NULL
6595,Modern Style Ratatouille with Butter Herb Rice,'100.00','D-66d6a75765304',NULL
6596,Kottumir Motte Roast,'50.00','D-66d6e136de904',NULL
6597,Kottumir Motte Roast,'50.00','D-66d6e180e8be4',NULL
6598,Spring roll,'40.00','D-66d6fcc4c99a9',NULL
6599,Godhumai upma,'40.00','D-66d78b135e176',NULL
6600,Ragi upma,'40.00','D-66d78b63cd4da',NULL
6601,DRY FRUIT KESARI BHATH,'45.00','D-66d78e0293a29',NULL
6602,Strawberry Zap Cheese Cake,'220.00','D-66d7cbc5c3df2',NULL
6603,Braised Chicken in Sweet & Sour Lemon Sauce,'120.00','D-66d7f908eb73d',NULL
6604,Seasonal Vegetable & Cottage Cheese in Sweet,'100.00','D-66d7f97b3abba',NULL
6605,Tandoori Chicken,'65.00','D-66d812e5c07d9',NULL
6606,Tandoori Chicken,'65.00','D-66d81326e28f2',NULL
6607,Mixed nuts & Honey Parfait,'100.00','D-66d81b30ccd40',NULL
6608,PARUPPU VADA,'40.00','D-66d8eac784cda',NULL
6609,Egg Kolhapuri Dry,'50.00','D-66d960deb407d',NULL
6610,Egg Kolhapuri Dry,'50.00','D-66d960fea6df6',NULL
6611,Patti onion samosa,'40.00','D-66d98a0c98c33',NULL
6612,Steamed kabuli chana chaat,'45.00','D-66d98a57a8c87',NULL
6613,UGGANI,'40.00','D-66da2eaed6f8a',NULL
6614,UGGANI,'40.00','D-66da2f4f0f216',NULL
6615,Crunchy Greens & Chicken Asian Ginger Sauce,'120.00','D-66da9729cc9f8',NULL
6616,Seasonal Vegetable In Asian Ginger Sauce,'100.00','D-66da97682e803',NULL
6617,Pachimirapakaya Motte Goju,'50.00','D-66dab44b56454',NULL
6618,Pachimirapakaya Motte Goju,'50.00','D-66dab47add568',NULL
6619,Gongura Chicken,'60.00','D-66dab49d577d2',NULL
6620,Gongura Chicken,'60.00','D-66dab4b8186c5',NULL
6621,Podi Rice,'45.00','D-66dab4db725a7',NULL
6622,Podi Rice,'45.00','D-66dab4f56fc04',NULL
6623,ALOO PARATHA,'50.00','D-66dbad7aaa245',NULL
6624,Melon,Multi Seed Parfait','100.00',1
6625,Boost & Protect Smoothie (Chickoo Honey Dates),'80.00','D-66ddcc5513d82',NULL
6626,Takeaway Sunset Millet Salad Veg,'100.00','D-66ddcdeb5f39f',NULL
6627,Takeaway Sunset Mirage Salad Non-Veg,'110.00','D-66ddce72ba798',NULL
6628,Takeaway Gado Gado Salad Veg,'100.00','D-66ddceb2b97d5',NULL
6629,Takeaway Gado Gado Salad Non-Veg,'110.00','D-66ddcf1d5f8cc',NULL
6630,Coconut Berry Milkshake,'50.00','D-66de42350ad74',NULL
6631,Caramel Coffee Milkshake,'50.00','D-66de42e6d1289',NULL
6632,VEGETABLE BREAKFAST WRAP,'50.00','D-66de4eb72105f',NULL
6633,OLIVES & PEPPER STUFFED EGG FRITATA,'60.00','D-66de4ef7ca2bf',NULL
6634,BIRCHER MUESLI,'110.00','D-66de71f5ee164',0
6635,BERRY CHIA PARFIT,'100.00','D-66de72958a3dd',NULL
6636,ROASTED BEET AND COTTAGE CHEESE,TRI PEPPER SALAD','90.00',1
6637,PERI PERI SPICED CHICKEN & COUS COUS SALAD,'100.00','D-66de75e131ac4',NULL
6638,Paneer Tikka & Tandoori Vagetable Sandwich,'75.00','D-66de7d77ee432',NULL
6639,Chicken Salami & Caramelized Onion S/W,'90.00','D-66de7e16e262c',NULL
6640,Chicken Salami & Caramelized Onion S/W,'90.00','D-66de7e8ce9571',NULL
6641,Honey Garlic Chicken with Chili Basil Fried Rice,'120.00','D-66de8996e5c20',NULL
6642,Honey Garlic Cottage Cheese with  Basil Fried Rice,'100.00','D-66de89de3af09',NULL
6643,Sabudana Wada,'30.00','D-66de8dd0a38f4',NULL
6644,Sabudana Wada,'30.00','D-66de8e1089459',NULL
6645,Sabudana Wada,'45.00','D-66de8e309a231',NULL
6646,Spicy Tawa Chicken,'65.00','D-66de8e583b3a9',NULL
6647,Spicy Tawa Chicken,'50.00','D-66de8e9054642',NULL
6648,Tawa Chicken,'65.00','D-66de8ebbcdd5b',NULL
6649,`Tomato Motte Gojju,'50.00','D-66deadd4eec0a',NULL
6650,Tomato Motte Gojju,'50.00','D-66deae5264da7',NULL
6651,TADKA IDLI,'42.00','D-66df72c0b5920',0
6652,KADLE BELE VADA,'40.00','D-66df732894d05',NULL
6653,KADLE BELE VADA,'40.00','D-66df736086f73',NULL
6654,Madhu Bonda,'40.00','D-66df7474ed3b9',NULL
6655,Batatyache Kaap,'30.00','D-66dfcc94afd0b',NULL
6656,Batatyache Kaap,'30.00','D-66dfcd35ad3c7',NULL
6657,Batatyache Kaap,'30.00','D-66dfcd53927b9',NULL
6658,Goan Bangda Rava,'80.00','D-66dfcd72085e5',NULL
6659,Goan Bangda Rava,'80.00','D-66dfcdc8b7617',NULL
6660,Goan Bangda Rava,'80.00','D-66dfcde99b204',NULL
6661,Thai Green Curry with tofu & vegetable,'100.00','D-66dfcf5cc9800',NULL
6662,Thai green curry with chicken vegetable,'120.00','D-66dfda63490f6',NULL
6663,Chicken Sukha With Malabari Paratha,'100.00','D-66dfe4f92f2e0',NULL
6664,Irani Chicken Kheema With Pav,'75.00','D-66dfe533b9ca4',0
6665,Vegetable Stew With Malabari Paratha,'90.00','D-66dfe56b6bf78',NULL
6666,Thavala Vadai,'30.00','D-66e1334809722',NULL
6667,Thavala Vadai,'30.00','D-66e13386d8d22',NULL
6668,Chicken Ghee Roast,'50.00','D-66e133da1ff89',NULL
6669,Chicken Ghee Roast,'50.00','D-66e1341bb3f78',NULL
6670,Chicken Ghee Roast,'50.00','D-66e134f0ea031',NULL
6671,Vegetable & Cottage Cheese Chasseur Peri Tossed,'100.00','D-66e1362a0ae65',NULL
6672,Chicken Chasseur Peri Peri Tossed Rice,'120.00','D-66e1368237220',NULL
6673,Veg Pasta In Cream Sauce,'115.00','D-66e13ed832090',0
6674,Chicken Pasta in Cream Sauce,'135.00','D-66e13f6d11534',0
6675,Vegetable & cottage cheese chasseur peri rice,'100.00','D-66e14a65ed061',NULL
6676,Mint Chicken,'60.00','D-66e16ce47d411',NULL
6677,Mint Chicken,'60.00','D-66e16d41c64c1',NULL
6678,PODI RICE,'40.00','D-66e218073340e',NULL
6679,PODI RICE,'40.00','D-66e2183ee218b',NULL
6680,JAWAR IDLI,'40.00','D-66e2187b5618b',NULL
6681,AVALAKKI IDLI,'40.00','D-66e218af67ff8',NULL
6682,Broken wheat upma,'45.00','D-66e218df93a85',NULL
6683,Subz Shami Kebab,'30.00','D-66e2827b53d88',NULL
6684,Subz Shami Kebab,'30.00','D-66e28321b06d0',NULL
6685,Subz Shami Kebab,'30.00','D-66e28343af123',NULL
6686,Tandoori Chicken,'65.00','D-66e2836e12161',NULL
6687,Tandoori Chicken,'80.00','D-66e283bedab40',NULL
6688,Tandoori Chicken,'65.00','D-66e283df15549',NULL
6689,Khao Suey Vegetable & tofu noodle soup,'100.00','D-66e2864be60ae',NULL
6690,Palipalayam Kozhi,'60.00','D-66e2b832f1ef0',NULL
6691,Palipalayam Kozhi,'60.00','D-66e2b891dc296',NULL
6692,Chole samosa,'996333.00','D-66e2bbe0a8a46',NULL
6693,Chole samosa,'40.00','D-66e2ca72e7d6b',NULL
6694,Chole Samosaa,'40.00','D-66e2cb9064b47',NULL
6695,Cottage cheese sandwich,'30.00','D-66e2ff086c894',1
6696,Vegetable Beetroot Chop,'30.00','D-66e3d29f3c350',NULL
6697,Vegetable Beetroot Chop,'30.00','D-66e3d2e63c2a4',NULL
6698,Vegetable Beetroot Chop,'30.00','D-66e3d312e7442',NULL
6699,Bengali Fish Fry,'80.00','D-66e3d330e950e',NULL
6700,Bengali Fish Fry,'80.00','D-66e3d3704fd09',NULL
6701,Bengali Fish Fry,'80.00','D-66e3d392b6bd1',NULL
6702,Exotic Vegetable Ragout,Aromatic corn rice','100.00',1
6703,Chicken Alfredo,Aromatic Corn Garlic Rice','120.00',1
6704,VEG BRINJI,'40.00','D-66e4cf1dbd6b0',NULL
6705,VEG BRINJI,'40.00','D-66e4cf545aaec',NULL
6706,PEAS UPMA,'40.00','D-66e4cf8975397',NULL
6707,PEAS UPMA,'40.00','D-66e4cfb7594cb',NULL
6708,HAZELNUT CHOCOLATE MILKSHAKE,'50.00','D-66e77a98a0d73',NULL
6709,BANANA HONEY MILKSHAKE,'50.00','D-66e77aef61fab',NULL
6710,CHICKEN SALAMI,'90.00','D-66e77f263eb4c',NULL
6711,DARK CHOCOLATE AND BANANA PARFAIT,'100.00','D-66e77f8e9cd72',NULL
6712,CHICKEN SALAMI  S/W,'90.00','D-66e780620efee',NULL
6713,CLASSIC PEPPERONATA CROSTINI,'50.00','D-66e78d017aaa6',NULL
6714,Hunan Cottage cheese with sichuan fried rice,'100.00','D-66e7b7a21b88c',NULL
6715,Braised Hunan chicken with sichuan fried rice,'120.00','D-66e7bb19c6a4a',NULL
6716,Coconut Almond Chia Seeds Parfait,'100.00','D-66e7be82bf628',NULL
6717,Carrot & Ginger Juice,'80.00','D-66e7bec491956',0
6718,Earthly Chocolate Shake (Dark Chocolate),'80.00','D-66e7bfce52ccb',NULL
6719,Nanari  SHARBAT,'50.00','D-66e810e26a719',NULL
6720,GONDAAMBI KESARI,'40.00','D-66e8ac1a69bf0',NULL
6721,GONDAAMBI KESARI,'40.00','D-66e8ac5f214ac',NULL
6722,GONDAAMBI KESARI,'40.00','D-66e8ac9762153',NULL
6723,GONDAAMBI KESARI,'40.00','D-66e8acc685f1e',NULL
6724,NAVANE UPPITTU,'45.00','D-66e8ad0692d92',0
6725,RAVA UPPITTU,'40.00','D-66e8ad38e5f72',NULL
6726,Veg Burger,Sesame Bun,French Fries',NULL
6727,Chicken Burger,Sesame Bun,French Fries',NULL
6728,VEG SOUP,'50.00','D-66e919853ecdc',NULL
6729,CHICKEN SOUP,'72.00','D-66e91a3457b4c',NULL
6730,CORN IDLI,'40.00','D-66e9ffaf6081f',NULL
6731,Cantonese Style Vegetable Curry,Hakka Noodles','100.00',1
6732,Cantonese Style Chicken Curry,Hakka Noodles','120.00',1
6733,Five Spice Exotic Vegetable Curry,Aromatic Rice','100.00',1
6734,Five spice braised chicken curry aromatic rice,'120.00','D-66ebc03c0eb2e',NULL
6735,Braised Chicken in Pomodoro,Herb Rice','120.00',1
6736,Modern Style Ratatouille,Herb Rice','100.00',1
6737,Mavinikaya Puliyogare,'40.00','D-66ed536b49e70',NULL
6738,EGG BOILED,'20.00','D-66ee3e0289692',NULL
6739,EGG BOILED,'20.00','D-66ee3e0289692',NULL
6740,Chitti Garelu,'45.00','D-66ef1e654447d',1
6741,Chilli Cheese Paratha,'70.00','D-66ef1ef5cf45c',1
6742,Dal aur Jaggery Paratha,'45.00','D-66ef1f48a818f',1
6743,Mawa Paratha,'60.00','D-66ef1f74182a0',1
6744,Paneer Chilly Paratha,'70.00','D-66ef1f9e95cd0',1
6745,Soya Keema Paratha,'45.00','D-66ef1fc66b2d2',1
6746,Sprout Paratha,'45.00','D-66ef1ffa93b6b',1
6747,Egg Pepper Fry,'50.00','D-66ef2022137bb',1
6748,Egg Manchurian,'50.00','D-66ef204b9e125',1
6749,Khara Bhat,'40.00','D-66ef664abde5f',1
6750,Khara Bhat,'40.00','D-66ef664abde5f',1
6751,Oats pongal,'40.00','D-66ef668d8a94a',1
6752,Sakkara pongal,'40.00','D-66ef66ebd4973',1
6753,Oats Pongal,'40.00','D-66ef68b8e010b',1
6754,Kara pongal,'40.00','D-66ef68fb33975',1
6755,Sakkara pongal,'40.00','D-66ef68fb33975',1
6756,Shavige Bhat,'40.00','D-66ef6935ab56e',1
6757,Khara Bhat,'40.00','D-66ef6935ab56e',1
6758,Chitti Garelu,'45.00','D-66ef9198db097',1
6759,Chilli Cheese Paratha,'70.00','D-66ef91db48603',1
6760,Dal aur Jaggery Paratha,'45.00','D-66ef923d8a8c6',1
6761,Corn Paratha,'60.00','D-66ef925fe61a2',1
6762,Paneer Chilly Paratha,'70.00','D-66ef92851ea8b',1
6763,Soya Keema Paratha,'45.00','D-66ef92ab106db',1
6764,Sprout Paratha,'45.00','D-66ef92ceae738',1
6765,Egg Pepper Fry,'50.00','D-66ef92f398778',1
6766,Egg Manchurian,'50.00','D-66ef9315a948e',1
6767,Red Dot Drink,'60.00','D-66ef97d5621de',1
6768,Roots Booster - Beetroot,Carrot and Celery','60.00',1
6769,Orange,Turmeric,Ginger & Black Pepper Boost',0
6770,Cage Free Masala Omelette,'70.00','D-66ef9876c8659',1
6771,Cage Free Boiled Egg,'70.00','D-66ef99605e58a',1
6772,Cage Free Fried Egg,'70.00','D-66ef9982c98b7',1
6773,Cage Free Plain Omelette,'70.00','D-66ef99b5c4315',1
6774,Cage Free Scrambled Egg,'70.00','D-66ef99f4ee248',1
6775,Cage Free Sunny Side Up,'70.00','D-66ef9a1b7a1d8',1
6776,Paneer Tikka Roll,'85.00','D-66ef9f3aa5150',1
6777,Grilled Vegetable Roll,'80.00','D-66ef9f6ea4097',1
6778,Kadai Egg Masala Roll,'80.00','D-66ef9f93ea91e',1
6779,Mediterranean Grilled Chicken Roll,'85.00','D-66ef9fbb77e9f',1
6780,Oats Dosa,'60.00','D-66efa14173fd3',1
6781,Carrot Dosa,'55.00','D-66efa1648960d',1
6782,Ghee and Karam Podi Dosa,'75.00','D-66efa18a3641b',1
6783,Add On Ghee,'10.00','D-66efa1ac750f4',1
6784,Add On Masala,'10.00','D-66efa1d1f0227',1
6785,Aloo Tikki Chaat,'55.00','D-66efa30baba16',1
6786,Chole Tikki Chaat,'55.00','D-66efa32b11ffb',1
6787,Crispy Corn Chaat,'55.00','D-66efa352e707b',1
6788,Dal Mangodi Chaat,'55.00','D-66efa3716b3b1',1
6789,Kabuli Chana Tikki Chaat,'55.00','D-66efa391513ae',1
6790,Oats & Raisin Muffin,'120.00','D-66efb2703ad82',1
6791,Raspberry Tea Cake,'100.00','D-66efb29e674b8',1
6792,Caramel Cashew Cookies,'80.00','D-66efb2c042e09',1
6793,Oats & Honey Tea Cake,'100.00','D-66efb2eb7bcd3',1
6794,Roasted Hazelnut Cold Coffee Large,'115.00','D-66efb3113fa4e',1
6795,Pomegranate Mojito Large,'95.00','D-66efb33673d61',1
6798,Mocha Cold Large,'115.00','D-66efb3b4d7ca4',1
6801,Cold caremel Coffee Regular,'90.00','D-66efb434a0cc2',1
6802,Classic Lemon Iced Tea Large,'85.00','D-66efb4859eb62',1
6803,Caramel Cold Coffee Large,'115.00','D-66efb4a9dca6f',1
6805,Masala Chai Large,'75.00','D-66efb5041ac59',1
6806,Hot Chocolate Large,'95.00','D-66efb52c60b14',1
6807,Cappuccino Large,'100.00','D-66efb557337b0',1
6808,Café Mocha Large,'115.00','D-66efb57922e8d',1
6809,Café Latte Large,'95.00','D-66efb59f48f3b',1
6810,Café Caramel Large,'120.00','D-66efb5c580fd4',1
6811,Café Hazelnut Large,'115.00','D-66efb5ef4032c',1
6812,Americano Large,'95.00','D-66efb64ca241b',1
6813,green peas upma,'40.00','D-66f097a037507',NULL
6814,green peas upma,'40.00','D-66f097dbca232',NULL
6815,CAHICKEN PEPPORONI & CARAMLISED ONION SANDWICH,'90.00','D-66f09aa0326f9',NULL
6816,CHICKEN SAUSAGE & CARAMLISED ONION SANDWICH,'90.00','D-66f09bbcd2fd8',NULL
6817,Punjabi Lassi,'40.00','D-66f09de7d2b3c',NULL
6818,CHILAQUILES WITH EGG,'60.00','D-66f0c0f5ab7cf',NULL
6819,Five spice chicken,burnt garlic fried rice','120.00',1
6820,Five spice cottage cheese & Vegetables burnt,'100.00','D-66f0fc582f04f',NULL
6821,ABC Juice,'80.00','D-66f16a1dc5f9c',NULL
6822,WHEAT IDLI,'40.00','D-66f1ea9979b31',NULL
6823,WHEAT IDLI,'40.00','D-66f1eacb33e7b',NULL
6824,WHITE  KESARI  BATH,'45.00','D-66f1eaf463fa4',0
6825,ONION PAKODA,'45.00','D-66f33cff86318',0
6826,Take Away,'20.00','D-66f3b34a81734',1
6827,Take Away,'20.00','D-66f3b3847b80f',1
6828,Take Away,'20.00','D-66f3b3a7adc7f',1
6829,Take Away,'20.00','D-66f3b3c8262de',1
6830,Take Away,'20.00','D-66f3b406de97e',1
6832,Add On Onion,'5.00','D-66f3f78180920',1
6833,Add on Karam Podi,'5.00','D-66f3f7bca3fef',1
6834,Plain Paratha With mutter ki Subzi,'55.00','D-66f3fc57ea409',1
6835,Green Peas Paratha,'50.00','D-66f3fcaa4a696',1
6836,mango idli,'40.00','D-66f48b810e327',NULL
6837,mango idli,'40.00','D-66f48bd09a8ac',NULL
6838,RAVA UPMA,'40.00','D-66f48d0816433',NULL
6839,RAVA UPITTU,'40.00','D-66f48d3387241',NULL
6840,CHICKEN PARATHA,'51.00','D-66f4dbc1e87fe',NULL
6841,RAGI DOSA,'42.00','D-66f4dc958df2f',NULL
6842,Take Away,'20.00','D-66f4ecc8c957a',1
6843,Black Coffee,'18.00','D-66f53e04274ae',NULL
6844,Black Coffee,'18.00','D-66f53e6c838ff',0
6845,Classic Mojito Regular,'70.00','D-66f55ee174c9b',1
6846,Green Apple Mojito Regular,'70.00','D-66f560645d368',1
6847,Almond Milk Cafe Latte Large,'120.00','D-66f566918726e',1
6848,Almond Milk Cafe Latte Regular,'85.00','D-66f566d921ede',1
6849,Almond Milk Cafe Mocha Large,'120.00','D-66f5671b48e41',1
6850,Almond Milk Cafe Mocha Regular,'100.00','D-66f56757354b1',1
6851,Almond Milk Caramel Latte Large,'120.00','D-66f56787b4828',1
6852,Almond Milk Caramel Latte Regular,'100.00','D-66f567fcd1c8e',1
6853,Almond Milk Flat White Large,'110.00','D-66f56831d8cea',1
6854,Almond Milk Flat White Regular,'90.00','D-66f568756b782',1
6855,Almond Milk Iced Coffee Large,'120.00','D-66f568f5bdf63',1
6856,Almond Milk Iced Coffee Regular,'100.00','D-66f56940746d6',1
6857,Almond Milk Iced Coffee Mocha Large,'120.00','D-66f5698d73b18',1
6858,Almond Milk Iced Coffee Mocha Regular,'100.00','D-66f569d89277e',1
6859,Almond Milk Iced Coffee Caramel Large,'120.00','D-66f56a0d652de',1
6860,Almond Milk Iced Coffee Caramel Regular,'95.00','D-66f56a868d7e9',1
6861,Hazelnut Milk Cafe Latte Large,'130.00','D-66f56ad37fa8d',1
6862,Hazelnut Milk Cafe Latte Regular,'110.00','D-66f56b4416f93',1
6863,Hazelnut Milk Cafe Mocha Large,'130.00','D-66f56b8028332',1
6864,Hazelnut Milk Cafe Mocha Regular,'110.00','D-66f56bd1534a7',1
6865,Hazelnut Milk Flat White Large,'130.00','D-66f56c052b77e',1
6866,Hazelnut Milk Flat White Regular,'110.00','D-66f56c6046ded',1
6867,Hazelnut Milk Iced Coffee Large,'130.00','D-66f56c964c36f',1
6868,Hazelnut Milk Iced Coffee Regular,'110.00','D-66f56e071b310',1
6869,Hazelnut Milk Iced Mocha Large,'130.00','D-66f56e498d79c',1
6870,Hazelnut Milk Iced Coffee Mocha Regular,'110.00','D-66f56e9a60086',1
6871,Hazelnut Milk Iced Coffee Caramel Large,'130.00','D-66f56f7dc161b',1
6872,Hazelnut Milk Iced Coffee Caramel Regular,'110.00','D-66f56fe83a563',1
6873,Pine-Nut Milk Cafe Latte Large,'150.00','D-66f5702815ad4',1
6874,Pine-Nut Milk Cafe Latte Regular,'130.00','D-66f570a112327',1
6875,Pine-Nut Milk Mocha Large,'150.00','D-66f570e01f09d',1
6876,Pine-Nut Milk Mocha Regular,'130.00','D-66f5715d199d2',1
6878,Pine-Nut Milk Caramel Latte Large,'150.00','D-66f571be55f8b',1
6879,Pine-Nut Milk Caramel Latte Regular,'130.00','D-66f5721748299',1
6880,Pine-Nut Milk Flat White Large,'150.00','D-66f5724cd0949',1
6881,Pine-Nut Milk Flat White Regular,'130.00','D-66f572815674b',1
6882,Pine-Nut Milk Iced Coffee Large,'150.00','D-66f572a5539d8',1
6883,Pine-Nut Milk Iced Coffee Regular,'130.00','D-66f572df28e44',1
6884,Pine-Nut Milk Iced Mocha Large,'150.00','D-66f57304d375f',1
6885,Pine-Nut Milk Iced Coffee Regular,'130.00','D-66f5732fca485',1
6886,Pine-Nut Milk Iced Caramel Large,'150.00','D-66f573541ee11',1
6887,Pine-Nut Milk Iced Caramel Regular,'130.00','D-66f573b2d2c73',1
6888,BROKEN WHEAT KHICHDI,'45.00','D-66f5dcd50fc73',NULL
6889,BROKEN WHEAT KHICHDI,'40.00','D-66f5dd2614727',NULL
6890,Oats and Almonds Smoothie,'70.00','D-66f640458da7d',1
6891,Amla,Celery and Mint Booster','60.00',1
6892,Walnut,Chia Seeds and Banana Milk Shake','70.00',1
6893,Sprouts Bhel,'90.00','D-66f641733b508',1
6894,Fresh Fruits and Aval Curd,'80.00','D-66f64205ae37f',1
6895,Glass Noodles Salad,Shallots and Coriander','90.00',1
6896,Poha Pulao with Anar Raitha,'95.00','D-66f6442b22759',1
6897,Steam Pesto Idli,'70.00','D-66f647be50474',1
6898,Roasted Pumpkin,Almond and Ragi Tortellini','90.00',1
6899,Pista and Capers Stuffed Chicken Roulade,'120.00','D-66f648979aade',1
6900,Steam Fish with Thai Lemon Chilly Sauce,'140.00','D-66f648fdc4da6',1
6901,Steam Tender Coconut,Malai and Pista Pudding','70.00',1
6902,Stir fried Schezwan chicken hakka noodles,'120.00','D-66f6507050917',NULL
6903,Stir fried Veg Tofu Pepper hakka noodles,'100.00','D-66f650a62538f',NULL
6904,Tesed,'1.00','D-66f6589277ecf',0
6905,Tested 1,'1.00','D-66f65b7eb1a59',0
6906,EGG IRANI (NO PAV),'50.00','D-66f68da2ad060',NULL
6907,MANGO RICE,'40.00','D-66f6fb87c8269',NULL
6908,MANGO RICE,'40.00','D-66f6fbdf89c9c',NULL
6909,SUJI KESARI,'40.00','D-66f9d6b181891',NULL
6910,SUJI KESARI,'40.00','D-66f9d6df25bb4',NULL
6911,SUJI KESARI,'40.00','D-66f9d7028481a',NULL
6912,SUJI KESARI,'40.00','D-66f9d7312e6f7',NULL
6913,VEG BRINJI,'40.00','D-66f9e902bd717',NULL
6914,HONEY CHIA LASSI,'40.00','D-66f9eac1b8d1e',NULL
6915,KESAR BADAM DOODH,'50.00','D-66f9eafaec881',NULL
6916,BOMBAY MASALA ALOO S/W CHUTNEY MAYO MUSTARD,'75.00','D-66f9ed1b9cbf0',NULL
6917,TANDOORI CHICKEN PICKLED ONION S/W,'90.00','D-66f9ed8816b33',NULL
6918,MEDITERRANEAN Cous cous SALAD,'90.00','D-66f9edcf881f9',NULL
6919,CARROT GINGER JUICE,'55.00','D-66f9ee66505e0',NULL
6920,BEET BERRY SMOOTHIE,'65.00','D-66f9ee97d3ce3',NULL
6921,BANANA & PISTACHIO PARFAIT,'100.00','D-66f9eed26b587',NULL
6922,BERRY LEMONADE,'50.00','D-66f9f3490e642',NULL
6923,Classic Tomato Bruschetta,'50.00','D-66f9f9d11c96c',NULL
6924,Chimichurri Rubbed Roasted Potatoes,'40.00','D-66f9fa2ed2f82',NULL
6925,Boiled Egg,'40.00','D-66fa1aeaad7f8',NULL
6926,Veg Sandwich,'75.00','D-66fa303e1aeb1',1
6927,Non-Veg Sandwich,'95.00','D-66fa30af7e530',1
6928,Exotic Vegetable&tofu sayur lodeh burnt rice,'100.00','D-66fa40dacb117',NULL
6929,Slow Cooked Chicken Sayur Lodeh Burnt Rice,'120.00','D-66fa414ccd72b',NULL
6930,Chickpea & Herb Cottage Cheese Tagine Broken,'100.00','D-66fa4245426a2',NULL
6931,Chicken picatta Lemon Caper Sauce Citrus,'120.00','D-66fa42e9acd62',NULL
6932,Refried Beans & Prawns Quessadilla Crunchy Green,'150.00','D-66fa443923fa1',NULL
6933,Matar Kulche,'45.00','D-66fac4199058f',1
6934,Daliya Bath,'45.00','D-66fac46710b3f',1
6935,Keerai Vada,'30.00','D-66fac64a071bb',1
6936,Lemon Tart,'40.00','D-66fad397d97a2',0
6937,Lemon Tart,'40.00','D-66fad3c0a79c6',0
6938,Choco Mouse Cup,'50.00','D-66fad437e7487',NULL
6939,Choco Mouse Cup,'50.00','D-66fad46fdd8bd',NULL
6940,Choco Lava,'60.00','D-66fad576834be',NULL
6941,Choco Lava,'60.00','D-66fad5ab9acce',NULL
6942,Cake Rusk (2 pcs),'16.00','D-66fadb3669e10',0
6943,Rich Mawa Slice Cake,'20.00','D-66fadbba94af6',NULL
6944,Mawa Cake,'20.00','D-66fadbea736aa',NULL
6945,Mushroom Puff,'40.00','D-66fb4fc526db5',0
6946,Mushroom Puff,'40.00','D-66fb4ff91de36',0
6947,Mawa Samosa,'25.00','D-66fb501c6d7de',NULL
6948,Mawa Samosa,'25.00','D-66fb506283bf0',NULL
6949,Chicken Dum Kebab,'55.00','D-66fb6989d095b',NULL
6950,Chicken Dum Kebab,'55.00','D-66fb69b31e0af',NULL
6951,Chicken Tikka Puff,'60.00','D-66fb69d9a64a1',NULL
6952,Chicken Tikka Puff,'60.00','D-66fb6a0051d72',NULL
6953,Creamy Vegetable & Tofu Pesto Stew,Oregano Rice','100.00',1
6954,Chicken Fricassee Oregano Rice,'120.00','D-66fb852717bf4',NULL
6955,Italian Herb Rice Burrito Wrap Jalapeno Marinated,'100.00','D-66fb8674995cc',NULL
6956,Chicken Cacciatore Millet pilaf Butter Tossed Veg,'120.00','D-66fb8721bffb2',NULL
6957,Prawn & Crunchy veg Stir Fry Basil Chili Basil,'150.00','D-66fb87886299c',NULL
6958,Vietnamese Coffee,'120.00','D-66fb89d927987',NULL
6959,Plain Idli,'40.00','D-66fca1c4dc5e7',1
6960,Fish in Kung Pao Sauce With Fried Rice,'120.00','D-66fcca198ce6d',NULL
6961,Chicken Manchurian Sauce with Noodles,'120.00','D-66fcca6d6d662',0
6962,Ratattouille Ala Provencale Herbed Butter Rice,'100.00','D-66fce2c657f28',NULL
6963,Thai Prawn & Chickpea Curry aromatic red rice,'150.00','D-66fce35b650d9',NULL
6964,Chicken & Sausage Gumbo Broken Wheat Pilaf,'120.00','D-66fce3a9709c8',NULL
6965,RAGI UPMA,'40.00','D-66fdc7a31587a',NULL
6966,PATANI UPMA,'40.00','D-66fdc80ecbfef',NULL
6967,Mapo Tofu,Thai Basil Fried Rice','100.00',1
6968,Mapo Chicken . Thai Basil Fried Rice,'120.00','D-66fe2bd8b6355',NULL
6969,Prawns Enchiladas,Mexican Beans Salad mango salsa','150.00',1
6970,Chicken Quesadillas,Crunchy Greens Salad salsa','120.00',1
6971,Pizza Veg,'75.00','D-66fe6f354031b',1
6972,Pizza Non-Veg,'85.00','D-66fe6f60450e8',1
6973,Ragda Patties,'55.00','D-66fe6fde8c514',1
6974,Spring Roll Veg,'75.00','D-66fe706389345',1
6975,Gulab Jamun,'60.00','D-66fe708806c4c',1
6976,Chocolate Brownie,'110.00','D-66fe70c0bea0b',1
6977,Spring Roll Non-Veg,'85.00','D-66fe712b91b82',1
6978,Keema Samosa (2 Pcs),'70.00','D-66fe71d94a358',1
6979,Chicken Dabeli,'70.00','D-66fe71eef3cfb',1
6980,Raj Kachori,'70.00','D-66fe72559cc70',1
6981,CARROT PARATHA,'55.00','D-66ff407fd1097',0
6982,CARROT PARATHA,'50.00','D-66ff40e113a00',NULL
6983,Seasonal Veg & Tofu Gaeng Keow Wan,Rice','100.00',1
6984,Slow Cooked Chicken Gaeng Keow Wan Rice,'120.00','D-66ff861fc654c',NULL
6985,Butter Garlic Prawn Potato Gnocchi Garlic Crisp,'150.00','D-66ff87561ed4a',NULL
6986,Moroccan Chicken Tagine Three pepper millet,'120.00','D-66ff87ba31677',NULL
6987,Butter Garlic Prawn Potato Gnocchi Garlic Crisp,','150.00',1
6988,Thai Tom Kha Soup Non-Veg,'75.00','D-6700d64542fbb',0
6989,Dessert Of The Day,'45.00','D-6702797b1efbe',NULL
6990,Gatorade,'20.00','D-67028215aef3a',0
6991,ALOGADDE BONDA,'40.00','D-67030f5473004',NULL
6992,ALOGADDE BONDA,'40.00','D-67030f8a8d75f',NULL
6993,HONEY & BERRY MILKSHAKE,'50.00','D-6703257b9ecd9',NULL
6994,ANARI LASSI,'40.00','D-670325c560c0d',NULL
6995,PAPRIKA COTTAGE CHEESE SPIKED PINEAPPLE  S/W,'75.00','D-670327685b5b3',NULL
6996,CHICKEN FAJITA S/W,'90.00','D-670327e236f1f',NULL
6997,ROASTED PISTACHIO ROASTED VEGGIE SALAD,'90.00','D-6703281724bf1',NULL
6998,CHICKEN THAI Raw Papaya & VEGETABLE,'100.00','D-6703286db6a5c',NULL
6999,BEET & CELERY JUICE,'55.00','D-670328c2be291',NULL
7000,CHOCOLATE MINT SMOOTHIE,'65.00','D-670329136d297',NULL
7001,APPLE CINNAMON GREEK YOGURT PARFAIT,'100.00','D-670329609ae31',NULL
7002,MUSHROOM AND CHEESE QUICHE,'50.00','D-67033818c5527',NULL
7003,ENGLISH MUSTARD SCENTED BABY POTATO,'40.00','D-6703385ecc71e',NULL
7004,Macroni Pasta In Spicy Tomato Sauce,'100.00','D-67036fef10213',NULL
7005,Chicken Macroni Pasta In Spicy Tomato Sauce,'120.00','D-670371acdc6d5',NULL
7006,Macroni Pasta In Cream Sauce,'100.00','D-670371e49888e',NULL
7007,Chicken Macroni Pasta In Cream Sauce,'120.00','D-6703722a24648',NULL
7008,Moroccan Chicken Tagine,Salsa Verde Sour Cream','120.00',1
7009,Mediterranean Baked Fish,Coconut Curry','150.00',1
7010,Cottage Cheese Pea Butternut Squash Risotto,'100.00','D-6703873d2db3f',NULL
7011,Cider Glazed Chicken,Broken Wheat  Pilaf','120.00',1
7012,Prawn Po\' Boy,Crisp Baguette,Remoulade Sauce',NULL
7013,Siracha Honey Paneer,Burrito Wrap,Mexican Rice',NULL
7014,GODHI HUGGI,'40.00','D-6705afe996f39',NULL
7015,GODHI UPPITTU,'45.00','D-6705b0202e2d1',NULL
7016,GODHI HUGGI,'40.00','D-6705b0595bf62',NULL
7017,GODHI HUGGI,'40.00','D-6705b08646481',0
7018,VEGETABLE IDLI,'42.00','D-6705b0d0620b4',0
7019,VEGETABLE IDLI,'42.00','D-6705b0ffe54af',NULL
7020,ALOO PEAS PARATHA,'50.00','D-6705d6604f59f',NULL
7021,GREEN PEAS PARATHA,'50.00','D-6705d74eb6a20',NULL
7022,EXTRA BUTTER S/W (7),'10.00','D-6706b780e5793',NULL
7023,MILLET KHICHDI,'45.00','D-670700b92c05b',0
7024,MILLET UPMA,'40.00','D-670700e56c0b7',NULL
7025,Ambur Veg Dum Biryani,'90.00','D-670777dc7f823',NULL
7026,PULITHORA,'40.00','D-6707a7157fbe8',NULL
7027,Chilli Garlic Potato,'45.00','D-6707ae9d19063',1
7028,Prawn Po\' Boy,Crisp Baguette,Remoulade Sauce',NULL
7029,BBQ Chicken,Herb Rice,Seasonal Herb Vegetable',NULL
7030,WILDBERRY MILKSHAKE,'50.00','D-670c5eb9cca23',NULL
7031,DOOGH,'30.00','D-670c5f1c38198',NULL
7032,CUCUMBER MINT LEMON,'55.00','D-670c60bc6f499',NULL
7033,TROPICAL BERRY SMOOTHIE,'65.00','D-670c60f027486',NULL
7034,CRANBERRY & ALMOND COCONUT YOGURT PARFAIT,'100.00','D-670c616139e23',NULL
7035,CUCUMBER CREAM CHEESE & DILL WILTED WILD MUSHROOM,'75.00','D-670c61c2298b5',NULL
7036,CLASSIC CHICKEN HAM & CHEESE S/W,'90.00','D-670c622182b7b',NULL
7037,GERMAN POTATO SALAD,'100.00','D-670c625e8e8c4',NULL
7038,Turkish Cilbir,'60.00','D-670c75e253e66',NULL
7039,Smashed Pea & Mint Toast,'50.00','D-670c761c623c9',NULL
7040,Cajun Dusted Potato Wedges,'40.00','D-670c76630b77e',NULL
7041,Strawberry Smoothie,'80.00','D-670cb28605c44',NULL
7042,Peach Iced Tea Large,'90.00','D-670cbde44b3ea',1
7043,Ragda Patties,'55.00','D-670cea529c311',1
7044,Poha Bhel,'40.00','D-670cf71d18196',NULL
7045,ONION BONDA,'45.00','D-670d98893da6e',0
7046,Coq – Au – Vin,Classic Millet','120.00',1
7047,Italian Veg Stew,Classic herb Rice','100.00',1
7048,Maharashtrian Thali Veg,'80.00','D-670f5780b229f',0
7049,Maharastrian Thali Veg Combo,'60.00','D-670f57b286247',0
7050,Maharashtrian Thali Non-Veg,'90.00','D-670f57d6eb8d3',0
7051,Maharastrian Thali Combo Non-Veg,'70.00','D-670f57f89ee16',0
7052,BANGALORE PEANUT MASALA,'45.00','D-670f8f1bbd45a',NULL
7053,Steamed Black Chana Corn Chaat,'45.00','D-670f8f6277d74',NULL
7054,DAVANGERE MASALA KUSKA,'40.00','D-671039ebf338e',NULL
7055,DAVANGERE MASALA KUSKA,'40.00','D-67103a8d8a5e8',NULL
7056,DAVANGERE MASALA KUSKA,'40.00','D-67103abe28df6',NULL
7057,Seasonal vegetables pollo Guisado Mexican rice,'100.00','D-6710a94cc0896',NULL
7058,Braised Chicken Pollo Guisado,Mexican Rice','120.00',1
7059,Chicken Enchiladas,Mexican Beans Salad,Mango',NULL
7060,Prawn and Pea Risotto,Garlic Crisp','150.00',1
7061,Grilled Cottage Cheese,Green Pea & Butternut','100.00',1
7062,Kasundi Chicken Tikka,'110.00','D-6710c3c370e9a',NULL
7063,Paneer tikka,'90.00','D-6710c66917d3c',NULL
7064,Grilled Veggies,'90.00','D-6710c6a158178',NULL
7065,Spicy Hakka noodles,'90.00','D-6710c6cbd2a3f',NULL
7066,Kadhai Egg Masala,'90.00','D-6710c6f293240',NULL
7067,Roasted Bell pepper and Zucchini,'90.00','D-6710c71737bc3',NULL
7068,Wild Mushroom and peri peri Cottage Cheese,'90.00','D-6710c738b8e52',NULL
7069,KARA MANI UPPITTU,'40.00','D-67118d809f907',NULL
7070,NAVANE UPPITTU,'45.00','D-67118db840d74',0
7071,ALOO MUTTER PARATHA,'50.00','D-6711b4b4d6918',NULL
7072,ALOO MUTTER PARATHA,'50.00','D-6711b4f295840',NULL
7073,Rava Idli,'40.00','D-6712329d0552e',NULL
7074,Rava Idli,'40.00','D-671232e0551d0',NULL
7075,MILLET UPMA,'40.00','D-6712e0c1061f0',NULL
7076,MILLET UPMA,'40.00','D-6712e0ec8a137',NULL
7077,COORG FILTER & HAZELNUT MILKSHAKE,'50.00','D-6715882909292',NULL
7078,TRIPLE - EGG 81 PAV,'65.00','D-67162e233f60c',NULL
7079,TRIPLE - EGG 81 (NO PAV),'60.00','D-67162ed780d75',NULL
7080,3 EGG PLAIN OMLET PAV,'53.00','D-671631b7ac9cb',NULL
7081,3 EGG PLAIN OMLET (NO PAV),'50.00','D-671632f7cf042',NULL
7082,GREEN MOONG KICHIDI,'40.00','D-6716d4b043492',NULL
7083,Veen Natural Mineral Water,'200.00','D-6717dbed89511',1
7084,Baked Yogurt with Berries,'120.00','D-67186e7656e4a',1
7085,Greek Chicken Souvlaki,Greek spices,broken wheat',NULL
7086,Dal Pakwan,'30.00','D-6718982a2ec2d',NULL
7087,Chicken Patties,'40.00','D-6718986f21cb5',NULL
7088,Dal Pakwan,'30.00','D-671898b09ef98',NULL
7089,Chicken Patty samosa,'40.00','D-671898f9ef299',NULL
7090,Dal Pakwan,'30.00','D-67189974c5448',NULL
7091,Chicken Patties,'40.00','D-6718999b2a1ab',NULL
7092,Sourdough Bruchetta Platter Classic Tomato,'100.00','D-67189a6e2af9f',NULL
7093,Prawn Fajitas Souvlaki Wheat Salsa Verde,'150.00','D-67189b113e1b2',NULL
7094,American Choco Chip Cookie,'80.00','D-6718a0540bf87',1
7095,Dhokla,'55.00','D-6718c9e649b32',1
7096,KARARA ALOO CHAAT,'40.00','D-6718d19c8ccc3',NULL
7097,Coconut Bobbatlu,'30.00','D-6718fd9a6eff9',1
7098,Pineapple Bobbatlu,'30.00','D-6718ffbd39458',1
7099,Dates Bobbatlu,'30.00','D-671900c855ed6',1
7100,CORIANDER IDLY,'40.00','D-671977d3ed786',NULL
7101,CORIANDER IDLY,'40.00','D-6719780b56eec',NULL
7102,Kaju Katli 250 Gms,'220.00','D-6719c9e171754',1
7103,Kaju Katli 500 Gms,'400.00','D-6719cb2080aa3',1
7104,Kaju Katli 1 piece,'20.00','D-6719cb5a85316',1
7105,Dry Fruits Roll 250 Gms,'250.00','D-6719cca52cf64',1
7106,Dry Fruits Roll 500 Gms,'450.00','D-6719cce7a94c8',1
7107,Dry Fruits Roll 1 Piece,'25.00','D-6719cd276c48b',1
7108,Festival Veg Thali,'110.00','D-6719cec64c78f',1
7109,Festival Veg Thali,'110.00','D-6719cf858bbc9',1
7110,Festival Non-Veg Thali,'140.00','D-6719cfacb37de',1
7111,Festival Non-Veg Thali,'140.00','D-6719cfec64a85',1
7112,Chicken Bolognese,Millet Pilaf,Root veg',NULL
7113,Prawn Souvlaki Gricini,Tzaziki Sauce,Citrus',NULL
7114,Spinach Ricotta Cannelloni Broken Wheat Mama Rosa,'100.00','D-6719dd6797a75',NULL
7115,Spinach Ricotta Malfatti Broken Wheat Mama Rosa,'100.00','D-6719ed9e3c3b3',NULL
7116,KitKat Pancake,'100.00','D-671a1c395ecf6',1
7117,Oreo and Cream Pancake,'100.00','D-671a1c8ca8d52',1
7118,Banana Caramel,'100.00','D-671a1cbc47107',1
7119,Berry Pancake,'100.00','D-671a1cea5c496',1
7120,Apple and Cinnamon Pancake,'100.00','D-671a1d161f114',1
7121,ALOO corn  TIKKI,'40.00','D-671a2474ab301',NULL
7122,CRISPY POTATO COINS,'40.00','D-671a25c1ebeba',NULL
7123,Aloo Tikki,'40.00','D-671a26baccea5',NULL
7124,BANANA BAJJI,'40.00','D-671ac741a2541',NULL
7125,BANANA BAJJI,'40.00','D-671ac76f71459',NULL
7126,Stir Fried Vegetable in Homemade Hoisin Sauce,'100.00','D-671b3141accaa',NULL
7127,Stir Fried Chicken In Homemade Hoisin Sauce,'120.00','D-671b31ce2ec2f',NULL
7128,CORIANDER RICE BATH,'40.00','D-671c19416aa52',NULL
7129,CORIANDER RICE BATH,'40.00','D-671c1976a0277',NULL
7130,Plain Idli,'40.00','D-671d9ddf87c2e',1
7131,Veg Pulao,'40.00','D-671da28a4ff59',NULL
7132,Coconut veg pulao,'40.00','D-671db3011db3a',NULL
7133,PAPRIKA TIKKA SANDWICH,PICKLED CUCUMBER,GREENS',NULL
7134,CHICKEN PANZANELL SALAD,'100.00','D-671ef06b8ffa8',NULL
7135,Cham Cham - 500g,'484.00','D-671f143a76634',NULL
7136,Italian Minestrone Soup With Chicken,'60.00','D-671f1812a3faf',NULL
7137,Butternut Squash Soup Non-Veg,'60.00','D-671f19c13952f',NULL
7138,Kaju Katli - 500g,'818.00','D-671f1a1aa53ce',NULL
7139,COCONUT VEG PULAO,'40.00','D-67202edfde4bb',NULL
7140,Single Vada,'22.00','D-67204308e7be1',NULL
7141,Tawa Paratha,'22.00','D-67207d0ac444e',NULL
7142,BHATKAL PULAO,'40.00','D-672175b497cf5',NULL
7143,BHATKAL PULAO,'40.00','D-672175ec8a360',NULL
7144,BHATKAL PULAO,'40.00','D-67217614cf3dc',NULL
7145,Ratattouille Ala Provencale Herbed Rice Sphagetti,'100.00','D-6721c710e3b52',NULL
7146,AVALAKKI BATH,'40.00','D-6722d09078acc',NULL
7147,MELKOTA AVAREKALU RICE BATH,'40.00','D-6722d0ce992ef',NULL
7148,MELKOTA AVAREKALU RICE BATH,'40.00','D-6722d0fd1b288',NULL
7149,Gongura masala chicken nuggets,'60.00','D-6723512c75207',NULL
7150,Gongura masala chicken nuggets,'60.00','D-6723517d84c2a',NULL
7151,Cottage cheese steak sweet corn chowder millet,'100.00','D-6724838fa6767',NULL
7152,olives &Pepper Stuffed Egg Frittata,'60.00','D-672831f7230cd',NULL
7153,Vegetable Breakfast Wrap,'50.00','D-6728322ebceb9',NULL
7154,Kozhi Uppu Kari,'60.00','D-6729e0524ed2c',NULL
7155,Kozhi Uppu Kari,'60.00','D-6729e0b1203fd',NULL
7156,Kodi vepidu,'50.00','D-6729feb1cf247',NULL
7157,Egg vepudu,'50.00','D-6729fef02d51f',NULL
7158,Veg Hot Dog,'90.00','D-672b5682466db',NULL
7159,Chicken Hot Dog,'90.00','D-672b56e777b6d',NULL
7160,Nannari Sharbat with Basil Seeds,'60.00','D-672b57679e38c',NULL
7161,Shikanji,'60.00','D-672b59960f16f',NULL
7162,Kokum Sorbet,'60.00','D-672b59ddf2e07',NULL
7163,Jaggery and Almond Infused Saffron Milk,'80.00','D-672b5a2740129',NULL
7164,Khatti Lmli Aam Ka Panna,'60.00','D-672b5a6a06eb8',NULL
7165,Millet Wada,'50.00','D-672b5aefba804',NULL
7166,Rasam Bonda,'50.00','D-672b5b635ab31',NULL
7167,Chicken Lollipop with Schezwan Sauce,'80.00','D-672b5ba918c11',NULL
7168,Curry Patta Chicken,'80.00','D-672b5c211ba76',NULL
7169,Pind De Chole Kulche,'80.00','D-672b5c64b022a',NULL
7170,Steamed Peanut,'50.00','D-672b5cbbaa0a1',NULL
7171,Steamed Black Chana,'50.00','D-672b6645d1971',NULL
7172,Steamed Kappa with ldi Chammanthi,'50.00','D-672b6695f0dc0',NULL
7173,Sweet Potato,'50.00','D-672b67067708d',NULL
7174,Chana Chor,'50.00','D-672b6748d6548',NULL
7175,Masala Steamed Whole Corn,'50.00','D-672b679584975',NULL
7176,Mix Fruit Chaat,'50.00','D-672b67d243592',NULL
7177,Podi Manga Slice,'50.00','D-672b6810e050b',NULL
7178,Ragi Nachos Station,'70.00','D-672b68514ea14',NULL
7179,Falooda Ice Cream,'100.00','D-672b68adec1de',NULL
7180,Fresh Cut Fruits with Rabdi,'100.00','D-672b68fa69661',NULL
7181,semiya Pulihora,'40.00','D-672c04e5bc4eb',NULL
7182,Sweet lassi,'60.00','D-672c65beadc33',NULL
7183,Tortilla nachos,'70.00','D-672c67b9c5910',NULL
7184,Pid de chole kulche,'80.00','D-672c6ac471622',NULL
7185,Sesame Crusted Pumpkin and Sweet Potato Croquets,'60.00','D-672c6b84e4ec8',1
7186,Keema Mutter kulcha,'80.00','D-672c6d5675b00',NULL
7187,Punugulu Tikki Burger,'55.00','D-672c6bffe8aec',1
7188,Sichuan Soya Keema with Steamed Ragi Noodles,'50.00','D-672c6eb6c1f59',1
7189,Banana Flower Shawarma,'50.00','D-672c6f49d37a2',1
7190,Gadbad icecream,'100.00','D-672c750f07fab',NULL
7191,Festive Paneer Thali,'120.00','D-672c783c25db7',0
7192,Chicken Stew with Set Dosa,'75.00','D-672c78d25b9b3',0
7193,Chicken Stew with Set Dosa,'75.00','D-672c78fe73cf7',0
7194,Red Amaranth & Cottage Cheese Fritters,'45.00','D-672c7934438b2',NULL
7195,Chicken Stew with Set Dosa,'75.00','D-672c795f76365',0
7196,Festive Chicken Thali,'125.00','D-672c79a33560c',0
7197,Great Millet Muthiya,'45.00','D-672c7a4653c98',NULL
7198,Egg tawa masala fry,'55.00','D-672c92bb144d8',NULL
7199,Burger patties,'40.00','D-672c97a535ce2',NULL
7200,Burger patties,'40.00','D-672c97cbaf9a6',NULL
7201,Egg tawa masala fry,'55.00','D-672c99283b5ec',NULL
7202,Sczehwan Nuggets,'80.00','D-672c9e00ce200',NULL
7203,Vada pav,'25.00','D-672ca6602986c',NULL
7204,Beetroot rice,'40.00','D-672e09c5e3782',NULL
7205,Roasted Onion Soup Veg,'50.00','D-6730746df1428',NULL
7206,Test 3,'3.00','D-6730754032f05',0
7207,Roasted Onion Soup Non-Veg,'60.00','D-673076ecbe123',NULL
7208,Classic Pepperonata,'50.00','D-67317589b6ce6',NULL
7209,Kichidi Combo,'80.00','D-6731a4f2bab48',NULL
7210,Add on Cheese(20g),'20.00','D-6731fdf104094',1
7211,VEG THALI - FESTIVAL*,'120.00','D-6732ceea61e47',NULL
7212,CHICKEN THALI - FESTIVAL*,'140.00','D-6732cf591af00',NULL
7213,Green moong Kichidi,'80.00','D-6732dfb55f928',NULL
7214,Curried Lentil Soup Veg,'50.00','D-6732ebf1b55cf',NULL
7215,Curried Lentil Soup Non-Veg,'60.00','D-6732ec22aa013',NULL
7216,Classic Chili Chicken With burnt garlic rice,'120.00','D-6732f367a2919',NULL
7217,Classic chili Paneer with Burnt garlic rice,'100.00','D-6732f3a9eb4c8',NULL
7218,Thyme Infused Mushroom Soup Veg,'50.00','D-67343e1f27e21',NULL
7219,Thyme Infused Mushroom Soup Non-Veg,'60.00','D-67343e562ea3b',NULL
7220,Millet Khichdi,'80.00','D-67344d0205302',NULL
7221,Chole Kulche,'80.00','D-673482afca5c0',NULL
7222,Pav Bhaji,'50.00','D-6734837f66774',NULL
7223,Mysore Masala Dosa,'55.00','D-673555a38a7fb',1
7224,Add On Chicken,'55.00','D-6735898c20a01',NULL
7225,Chicken Pepperoni S/W,'90.00','D-67358f07857d6',NULL
7226,Potato bajji,'40.00','D-6735c8000e1b8',NULL
7227,veg  Sticks,'40.00','D-6735d1ffb2813',NULL
7228,Veg Sticks,'40.00','D-6735d2d5ada16',NULL
7229,Moong dal & Veg Khichdi,'80.00','D-6736f30875d12',NULL
7230,Veg Sabji (À la carte) - Festival,'30.00','D-67370743b4caa',NULL
7231,Corn Pakoda,'40.00','D-6737198aaedc9',NULL
7232,Kandha Poha,'40.00','D-6738790e6b9ec',1
7233,Roasted Onion Soup Veg,'50.00','D-673adf531845c',NULL
7234,Roasted Onion Soup Non-Veg,'60.00','D-673ae04a87e1e',NULL
7235,Orange Juice,'65.00','D-673aee09d2626',NULL
7236,Tawa Chicken,'65.00','D-673b16b3062a6',NULL
7237,Choco Mouse Jar,'30.00','D-673b478e1e215',NULL
7238,Millet & veg kichidi,'80.00','D-673c38efb29f4',NULL
7239,Pav Bhaji,'50.00','D-673c67c738b60',NULL
7240,LUCHI AND CHOLAR DAL,'55.00','D-673d3efa598e9',0
7241,Punjabi chole kulcha,'50.00','D-673db7f1bf896',NULL
7242,Victoria spring cake,'25.00','D-673dfe7c28296',NULL
7243,Victoria sponge cake,'25.00','D-673dff56cb67c',NULL
7244,Veg & Paneer Kichidi,'80.00','D-673ed82e8f80e',NULL
7245,Pav Wada,'45.00','D-673ef33042c28',1
7246,Masala Pav Sandwich,'50.00','D-673ef39852ece',1
7247,Bhaji Pav,'40.00','D-673ef41d9990a',1
7248,Samosa Pav,'45.00','D-673ef49fee15c',1
7249,Uggani,'40.00','D-673ef49fee15c',1
7250,Mix Veg Bajji,'40.00','D-673f0d98500c0',NULL
7251,Masala chole Samosa,'30.00','D-67401f76d0b82',NULL
7252,Broken Wheat & Veg Kichidi,'80.00','D-67402f42b573c',NULL
7253,Masala Chole Samosa,'30.00','D-67402f7cf1ad6',NULL
7254,TSTEST,'50.00','D-67404c60d6532',1
7255,MLA Pesarattu,'50.00','D-674363399933b',1
7256,Jowar Dosa,'50.00','D-6743636edf9c9',1
7257,Idiyappam with Stew,'60.00','D-674363df2e04c',1
7258,Plain Dosa with Dahi Wada (1 pcs),'50.00','D-6743644d97cc5',1
7259,Masala Uttapam & Podi Idli Combo,'60.00','D-674364c28b1d2',1
7260,PESTO RUBBED GRILLED VEG S/W,'75.00','D-6743d69d51b0e',NULL
7261,Cucumber Celery Green Apple Juice,'55.00','D-67443ae354ff1',NULL
7262,Podi Mysore masala dosa,'55.00','D-67453233c40d2',1
7263,Mysure masala dosa,'45.00','D-67453233c40d2',1
7264,Chicken Lasagna,'135.00','D-6746790f93bdb',0
7265,Butter milk,'30.00','D-6746d8c12dd9c',NULL
7266,Masala kushka,'40.00','D-6746f2274905e',NULL
7267,Curry leaf mix rice,'40.00','D-674840bfa8dc5',NULL
7268,Mix veg pakoda,'40.00','D-6748457991722',NULL
7269,Curry leaf mix rice,'40.00','D-67484bbe138e3',NULL
7270,MASALA BATH,'40.00','D-6749225873ddb',NULL
7271,MASALA BATH,'40.00','D-6749227d8bda0',NULL
7272,MASALA BATH,'40.00','D-674922c412e76',NULL
7273,MASALA BATH,'40.00','D-6749236746080',NULL
7274,WHOLE MOONG IDLI,'40.00','D-6749276edadd1',NULL
7275,WHOLE MOONG IDLI,'40.00','D-674927b674003',NULL
7276,Chicken Neapolitan Herb Rice,'120.00','D-674959bbd5dec',NULL
7277,SHEERA,'40.00','D-674a3aca7d7d3',NULL
7278,SHEERA,'40.00','D-674a3afd768a4',NULL
7279,Cauliflower Celery Soup With Chicken,'60.00','D-674d587b0fb94',NULL
7280,Shikanji,'60.00','D-674d6bb72cce7',NULL
7281,UP wala Butter Milk,'60.00','D-674d6c0ee18fb',NULL
7282,Badam Doodh,'80.00','D-674d6c5c4bc58',NULL
7283,Roohafrza,'60.00','D-674d6c99e0d59',NULL
7284,Sweet Lassi,'60.00','D-674d6d00a79bf',NULL
7285,Assorted Veg Pakoda,'50.00','D-674d6d47c2cf8',NULL
7286,Thai Corn Cakes,'50.00','D-674d6dab6f127',NULL
7287,Chicken Lollipop with Schezwan Sauce,'80.00','D-674d6df3339b9',NULL
7288,Chicken 65,'80.00','D-674d6e50a6105',NULL
7289,Chicken Keema Pav,'90.00','D-674d6e907daac',NULL
7290,Pav Bhaji,'60.00','D-674d6ecfa5fd9',NULL
7291,Pav Bhaji,'60.00','D-674d6ecfa5fd9',NULL
7292,Samosa Pav / Kanda Bhaji Pav / Vada Pav,'50.00','D-674d6f21bde0f',NULL
7293,Samosa Chaat,'50.00','D-674d6fa16c911',NULL
7294,Kachori Chaat,'50.00','D-674d6fe1510f2',NULL
7295,Papdi Chaat,'50.00','D-674d7017f0ec6',NULL
7296,Steamed Peanut,'50.00','D-674d704d20d5a',NULL
7297,Steamed Black Chana,'50.00','D-674d70997a58c',NULL
7298,Masala Steamed Whole Corn,'50.00','D-674d70db9759b',NULL
7299,Vanilla Cream Topped with syrup falooda,'100.00','D-674d71220d9be',NULL
7300,Fresh Cut Fruits with Rabdi,'100.00','D-674d718fe9741',NULL
7301,Malpua with Rabdi,'80.00','D-674d71d06f8d2',NULL
7302,Plum Cake Eggless 500 gm,'400.00','D-674d723224d57',NULL
7303,Plum Cake Muffin Eggless 100gm,'65.00','D-674d72afedef0',NULL
7304,Raspberry White Chocolate Fudge Muffin 120 gm,'95.00','D-674d72ff11bd9',NULL
7305,Oreo Chocolate Muffin 110 gm Eggless,'65.00','D-674d73589c783',NULL
7306,Dry Fruit Dark Chocolate Fudge 60 gm,'80.00','D-674d73d1ee9ec',NULL
7307,Spl - Tomato & Bocconcini Bagel Sandwich,'120.00','D-674d754ad0ea9',NULL
7308,Spicy Pepper Soup,'50.00','D-674d7574b1e2a',NULL
7309,Bonda soup,'40.00','D-674d86290c3a9',NULL
7310,Koli motte bonda,'50.00','D-674d86e61c743',NULL
7311,Spicy Pepper Soup Non-Veg,'60.00','D-674d88b3ab00c',NULL
7312,Bonda soup,'40.00','D-674d902013d7c',NULL
7313,Stir Fried veg in cantonese sauce with rice,'100.00','D-674e9d380ed9a',NULL
7314,Stir Fried Chicken in cantonese sauce with rice,'120.00','D-674e9d976e996',NULL
7315,Jalapeno Marinated Cottage steak with italian,'100.00','D-674ea414161e5',NULL
7316,Gyro Chicken,'90.00','D-674ebb1e61a00',NULL
7317,Gyro Cottage Cheese,'90.00','D-674ebb64487d7',NULL
7318,Panettone 250 gm,'275.00','D-674ebc4856e50',NULL
7319,Dundee Cake 500 gm,'400.00','D-674ebccf9101d',NULL
7320,German Stolen Bread 250 gm,'275.00','D-674ebd17108a5',NULL
7321,Steamed aloo chaat,'45.00','D-674ed7b4bcdc6',NULL
7322,Mexican rice with veg & cottage cheese,'100.00','D-674f8c4e2366a',NULL
7323,Mexican rice with veg & chicken stew,'120.00','D-674f8c7ec0859',NULL
7324,Test3,'1.00','D-674fea22e6db1',1
7325,Gudu pakoda,'50.00','D-67502ea32de7e',1
7326,Gudu pakoda,'50.00','D-67502ea32de7e',1
7327,Egg kolhapuri dry,'50.00','D-67517e5112a4c',1
7328,Egg kolhapuri dry,'50.00','D-67517e5112a4c',1
7329,POORI AND ALOO BHAJI,'55.00','D-6752543059505',0
7330,COTTAGE CHEESE STEAK,SWEET CORN CHOWDER','100.00',1
7331,Plum cake muffin,'95.00','D-6752d5b09c334',1
7332,Plum cake muffin,'95.00','D-6752d5b09c334',1
7333,Raspberry white choclate fudge muffin,'95.00','D-6752d5fd9ba65',1
7334,Raspberry white choclate fudge muffin,'95.00','D-6752d5fd9ba65',1
7335,Oreo chocolate muffins,'80.00','D-6752d65e3b3f5',1
7336,Oreo chocolate muffins,'80.00','D-6752d65e3b3f5',1
7337,Banana kesari bath,'40.00','D-67561d6f446a0',NULL
7338,Christmas Plum Cake 250 Gms,'200.00','D-6756770b77733',1
7339,Christmas Plum Cake 500 Gms,'380.00','D-6756779f9010f',1
7340,Oreo Chocolate Muffin,'100.00','D-675677d241efb',1
7341,Raspberry Choco Muffin,'110.00','D-675678108c930',1
7342,Chocolate Chip and Cookie Bar,'75.00','D-675678613b742',1
7343,Stolen,'80.00','D-6756789f994ce',1
7344,Christmas Plum Cake Muffin,'120.00','D-675678cabc541',1
7345,Chicken fried rice with Mongolian chicken,'120.00','D-675686abd6512',NULL
7346,Veg fried rice with Mongolian cottage cheese,'100.00','D-675687384ff4e',NULL
7347,PACHIMIRAPAKAYA KODI,'60.00','D-6756c88a64162',NULL
7348,Conference Event Charges (JPMT ),'50000.00','D-6756d98ede432',NULL
7349,Soft Beverages,'42.00','D-6756ea83c9307',NULL
7350,Premium Dinner Buffet,'1900.00','D-6756f936efc84',NULL
7351,Assorted Chocolate,'1000.00','D-67570267ac677',NULL
7352,Plum Cake,','400.00',1
7353,Plum Cake,'475.00','D-6757cb5dda403',NULL
7354,Plum Muffin,'95.00','D-6757cb7f83540',NULL
7355,Oreo Chocolate Muffin,'95.00','D-6757cbecb5a3b',NULL
7356,Raspberry White Chocolate Muffin,'95.00','D-6757cc29b3f6e',NULL
7357,Dundee Cake,'500.00','D-6757cc4f786ae',NULL
7358,Ginger Cookies with Icing,'70.00','D-6757cc6d29c30',NULL
7359,Alfredo E Basilico Ripened Tomatoes Extra,'100.00','D-6757dc4b09aa0',NULL
7360,Chicken Alfredo Light Cream Sauce Herb Rice,'120.00','D-6757dc826149a',NULL
7361,Maple Glazed Chicken with honey Thyme jus,'150.00','D-6757e0cf5af33',NULL
7362,Mediterranean braised prawns coconut curry,'150.00','D-6757e81a54c85',NULL
7363,Maple glazed chicken with butternut squash,'120.00','D-6757ec74982d9',NULL
7364,Kozhi motte tadks,'50.00','D-67580fb35f8b3',NULL
7365,Kozhi motte tadka,'50.00','D-67580fcf52aa3',NULL
7366,Premium Dinner Buffet 1,'1200.00','D-67582091311c9',NULL
7367,MUPPARUPPU VADA,'40.00','D-6758bf1dcf348',NULL
7368,MUPPARUPPU VADA,'40.00','D-6758bf513fa32',NULL
7369,Semiya upma,'40.00','D-6758bfc240df1',NULL
7370,Rasam bonda,'40.00','D-675966712efcd',NULL
7371,Gift Hamper 1014,'1014.00','D-67598e2a81348',NULL
7372,MADHUR  VADA,'40.00','D-675a28149531b',NULL
7373,MADHUR  VADA,'40.00','D-675a28899fd3d',NULL
7374,Braised Chicken in Homemade bbq Sauce Chili rice,'120.00','D-675a81302ec90',NULL
7375,Briased Tofu in Homemade bbq Sauce Chili rice,'100.00','D-675a81d208a1a',NULL
7376,Watermelon Juice,'30.00','MT001',NULL
7377,Pineapple Juice,'35.00','MT002',NULL
7378,Grape Juice,'45.00','MT003',NULL
7379,Cocktail Juice,'45.00','MT004',NULL
7380,Muskmelon Juice,'32.00','MT005',NULL
7381,Papaya Juice,'32.00','MT006',NULL
7382,Mara Mari Juice,'39.00','MT007',NULL
7383,Orange Juice,'35.00','MT008',NULL
7384,Mosambi Juice,'35.00','MT009',NULL
7385,Lime Juice,'14.00','MT010',NULL
7386,Kokam Juice,'13.00','MT011',NULL
7387,Carrot and Beetroot Juice,'35.00','MT012',NULL
7388,Ganga Jamuna Juice,'39.00','MT013',NULL
7389,Spinach and Mint Juice,'47.00','MT014',NULL
7390,Fruit Plate,'38.00','MT015',NULL
7391,Mango Milkshake,'51.00','MT016',NULL
7392,Apple Milkshake,'55.00','MT017',0
7393,Kesar Milkshake,'39.00','MT018',NULL
7394,Chocolate Milkshake,'38.00','MT019',NULL
7395,Banana Milkshake,'55.00','MT020',NULL
7396,Strawberry Milkshake,'55.00','MT021',NULL
7397,Chickoo Milkshake,'55.00','MT022',0
7398,Muskmelon Milkshake,'32.00','MT023',NULL
7399,Papaya Milkshake,'55.00','MT024',0
7400,Thandai Milkshake,'45.00','MT025',NULL
7401,Anjeer Milkshake,'41.00','MT026',NULL
7402,Rose Milkshake,'56.00','MT027',NULL
7403,Lassi,'35.00','MT028',NULL
7404,Chaas,'22.00','MT029',NULL
7405,Veg Meal,'75.00','MT030',0
7406,Non Veg Meal,'85.00','MT031',0
7407,Veg Mini Meal,'55.00','MT032',NULL
7408,Non Veg Mini Meal,'65.00','MT033',0
7409,Vge Live - (HYDERABADI VEG BIRYANI),'83.00','MT034',0
7410,Non Veg Live - (HYDERABADI CHICKEN BIRYANI),'95.00','MT035',0
7411,Veg Live -  (ITALIAN),'83.00','MT036',0
7412,Non Veg Live - (Chicken Kheema Pav),'95.00','MT037',0
7413,Vge Sabzi,'28.00','MT038',NULL
7414,Chicken Gravy,'50.00','MT039',NULL
7415,Dal,'28.00','MT040',NULL
7416,Steamed Rice,'28.00','MT041',NULL
7417,Salad,'28.00','MT042',NULL
7418,Raita,'28.00','MT043',NULL
7419,Soup of the Day,'50.00','MT044',NULL
7420,Dessert,'28.00','MT045',NULL
7421,Chapati (1 pc),'8.00','MT046',NULL
7422,Paratha (1 pc),'11.00','MT047',NULL
7423,Thepla (1 pc),'7.00','MT048',NULL
7424,Sanna (1 pc),'7.00','MT049',NULL
7425,Neer Dosa (1 pc),'7.00','MT050',NULL
7426,Papad (1 pc),'4.00','MT051',NULL
7427,Chicken Leg Fry,'51.00','MT052',NULL
7428,Curd Rice,'63.00','MT053',NULL
7429,Dal Khichadi,'50.00','MT054',NULL
7430,Dal Rice,'50.00','MT055',NULL
7431,Idli Sambar (2 Pcs),'40.00','MT056',NULL
7432,Idli Chilly,'38.00','MT057',NULL
7433,Idli Fry,'40.00','MT058',0
7434,Idli Schezwan,'38.00','MT059',NULL
7435,Idli Masala,'40.00','MT060',0
7436,Palak Idli Sambar,'40.00','MT061',0
7437,Neer Dosa (3 Pcs),'32.00','MT062',NULL
7438,Medu Wada Sambar (2 Pcs),'35.00','MT063',NULL
7439,Corn Medu Wada,'35.00','MT064',0
7440,Batata Wada Pav (2 Pcs),'35.00','MT065',0
7441,Batata Wada Sambar (2 Pcs),'32.00','MT066',NULL
7442,Batata Vada Usal,'35.00','MT067',NULL
7443,Rasam Wada (2 Pcs),'32.00','MT068',NULL
7444,Mysore Bonda (2 Pcs),'35.00','MT069',NULL
7445,Dahi Wada (2 Pcs),'35.00','MT070',0
7446,Dal Wada (2 Pcs),'35.00','MT071',NULL
7447,Kanda Bhajia,'35.00','MT072',NULL
7448,Chole Pav (2 Pcs),'42.00','MT073',0
7449,Poha,'35.00','MT075',0
7450,Sev Poha,'35.00','MT076',NULL
7451,Upma,'35.00','MT077',NULL
7452,Semiya Upma,'35.00','MT078',0
7453,Bread Upma,'35.00','MT079',0
7454,Banana Sheera,'32.00','MT080',NULL
7455,Cheese Chilly Toast,'50.00','MT081',NULL
7456,Chicken Masala Pav,'51.00','MT082',NULL
7457,Veg Pasta,'42.00','MT083',NULL
7458,Schezwan Aloo Bonda (2 Pcs),'35.00','MT084',NULL
7459,Chicken Tikka Pav,'51.00','MT085',NULL
7460,Pineapple Sheera,'32.00','MT086',NULL
7461,Keshri Sheera,'32.00','MT087',NULL
7462,Batata Vada Ussal Pav,'35.00','MT088',0
7463,Aloo Paratha,'35.00','MT089',0
7464,Ragda Patice,'32.00','MT090',NULL
7465,Veg Cutlet,'35.00','MT091',NULL
7466,Veg Pattice,'32.00','MT092',NULL
7467,Dahi Kachori,'35.00','MT093',0
7468,Sabudana Khichdi,'35.00','MT094',NULL
7469,Sabudana Wada,'35.00','MT095',NULL
7470,Khaman Dhokla,'35.00','MT096',NULL
7471,White Dhokla,'32.00','MT097',NULL
7472,Patti Samosa (2 pcs),'35.00','MT098',NULL
7473,Cocktail Samosa (2 pcs),'35.00','MT099',0
7474,Veg Samosa (2 pcs),'35.00','MT100',NULL
7475,Veg Spring Roll,'35.00','MT101',0
7476,Chicken Spring Roll,'38.00','MT102',NULL
7477,Paneer Bhurji Pav,'42.00','MT103',NULL
7478,Boiled Egg Pakoda (3 Pcs),'42.00','MT104',NULL
7479,Chicken Lollypop (3 Pcs),'56.00','MT105',NULL
7480,Chicken Kheema Pav,'56.00','MT106',NULL
7481,Chicken 65 Pav,'56.00','MT107',0
7482,Veg Chop (2 pcs),'32.00','MT108',NULL
7483,Veg Burger,'45.00','MT109',NULL
7484,Chicken Burger,'51.00','MT110',NULL
7485,Tomato Omlet,'32.00','MT111',NULL
7486,Soyabean Chilly,'32.00','MT112',NULL
7487,Corn Chaat,'32.00','MT113',NULL
7488,Moong Chaat,'32.00','MT114',NULL
7489,Chole Samosa,'35.00','MT115',0
7490,Samosa Pav,'35.00','MT116',0
7491,Khandvi,'42.00','MT117',0
7492,Methi Pakoda,'32.00','MT118',NULL
7493,Bread Pakoda,'35.00','MT119',0
7494,Chinese Pakoda,'32.00','MT120',NULL
7495,Chinese Bhel,'35.00','MT121',0
7496,Veg Ball In Garlic Sauce Dry,'32.00','MT122',NULL
7497,Kathi Roll,'42.00','MT124',NULL
7498,Dabeli Pav,'35.00','MT125',NULL
7499,Bruchetta,'45.00','MT126',NULL
7500,Chilly Pakoda,'35.00','MT127',NULL
7501,Ghavane,'32.00','MT128',NULL
7502,Puri Bhaji,'51.00','MT074',0
7503,Chole Puri,'51.00','MT130',0
7504,Kathi Roll Chicken,'51.00','MT131',NULL
7505,Veg Manchurian Dry,'35.00','MT132',0
7506,Chicken Lollypop,'51.00','MT133',NULL
7507,Veg Chilly Dry,'32.00','MT134',NULL
7508,Paneer Pakoda,'38.00','MT135',NULL
7509,Veg Pizza,'45.00','MT136',NULL
7510,Non Veg Pizza,'63.00','MT137',NULL
7511,Cheese Wrap,'51.00','MT138',NULL
7512,Chicken Manchurian Dry,'51.00','MT139',NULL
7513,Chicken Chilly Dry,'56.00','MT140',NULL
7514,Dahi Bhalla,'35.00','MT141',NULL
7515,Veg Manchurian Roll,'32.00','MT142',NULL
7516,Mexican Toast,'38.00','MT143',NULL
7517,Moong Dal Pakoda,'35.00','MT144',0
7518,Malvani Misal Pav,'35.00','MT145',0
7519,Palak Pakoda,'35.00','MT146',0
7520,Bread Roll,'32.00','MT147',NULL
7521,Paneer Kathi Roll,'42.00','MT148',NULL
7522,Chicken Manchurian Roll,'56.00','MT149',NULL
7523,Mushroom Cheese Fitter,'38.00','MT150',NULL
7524,Chicken Roll,'51.00','MT151',NULL
7525,Veg Lollipop,'38.00','MT152',NULL
7526,Chicken Koliwada,'56.00','MT153',0
7527,Chole Bhature,'83.00','MT154',NULL
7528,Dal Pakwan,'51.00','MT155',0
7529,Veg Puff,'32.00','MT156',NULL
7530,Cheese Momos,'51.00','MT157',NULL
7531,Classic  Veg Momos,'72.00','MT158',NULL
7532,Schexwan Veg Momos,'65.00','MT159',NULL
7533,Chicken Classic Momos,'94.00','MT160',NULL
7534,Schezwan Chicken Momos,'75.00','MT161',NULL
7535,Patra,'42.00','MT162',0
7536,Veg Hakka Noodels,'42.00','MT163',0
7537,Chicken Noodles,'51.00','MT164',NULL
7538,Pav Bhaji,'51.00','MT165',0
7539,Sada Pav (1 Pc),'6.00','MT166',NULL
7540,Bread Slice (1 Pc),'7.00','MT167',NULL
7541,Egg Omlet Pav,'40.00','MT168',NULL
7542,Egg Bhurji Pav,'50.00','MT169',0
7543,Egg Half Fry Pav,'40.00','MT170',NULL
7544,Egg Full Fry Pav,'40.00','MT171',0
7545,Bioled Egg Bhurji Pav,'50.00','MT172',0
7546,Egg Masala Omlet Pav,'40.00','MT173',NULL
7547,Egg 81 Pav,'40.00','MT174',0
7548,Boiled Egg (1 pc),'12.00','MT175',NULL
7549,Masala Boiled Egg,'29.00','MT176',NULL
7550,Egg Mauritius,'38.00','MT177',NULL
7551,Boiled Egg Bhurji (No Pav),'50.00','MT178',0
7552,Half Fry (No Pav),'38.00','MT179',NULL
7553,Full Fry (No Pav),'40.00','MT180',0
7554,Masala Omlet (No Pav),'40.00','MT181',NULL
7555,Egg 81 (No Pav),'40.00','MT182',NULL
7556,Egg Scrambled,'40.00','MT183',0
7557,Egg Roll,'38.00','MT184',NULL
7558,Egg Benedict (Sunny Side Up),'40.00','MT185',0
7559,Egg White Omlet Pav,'40.00','MT186',NULL
7560,Egg Spanish Omlet Pav,'51.00','MT187',NULL
7561,Extra Butter,'8.00','MT188',0
7562,Extra Cheese (Egg),'20.00','MT189',NULL
7563,Sada Pav (1 Pc) Egg,'6.00','MT190',NULL
7564,Plain Maggi,'31.00','MT191',NULL
7565,Veg Maggi,'35.00','MT192',NULL
7566,Veg Scheswan Maggi,'38.00','MT193',NULL
7567,Butter Maggi,'39.00','MT194',NULL
7568,Cheese Maggi,'51.00','MT195',NULL
7569,Boiled Egg Maggi,'53.00','MT196',NULL
7570,Egg Bhurji Maggi,'50.00','MT197',NULL
7571,Egg Omlet Maggi,'48.00','MT198',NULL
7572,Egg Half Fry Maggi,'48.00','MT199',NULL
7573,Egg Full Fry Maggi,'48.00','MT200',NULL
7574,Veg Cheese Maggi,'52.00','MT201',NULL
7575,Veg Fry Maggi,'43.00','MT202',NULL
7576,Egg Maggi,'53.00','MT203',NULL
7577,Chicken Maggi,'53.00','MT204',NULL
7578,Schezwan Fried Maggi,'48.00','MT205',NULL
7579,Veg Chowmein Maggi,'39.00','MT206',NULL
7580,Omlet Fried Maggi,'55.00','MT207',NULL
7581,Chicken Fried Maggi,'55.00','MT208',NULL
7582,Maggi Veg Fried,'39.00','MT209',NULL
7583,Maggi Schezwan,'39.00','MT210',NULL
7584,Maggie Chicken Schezwan,'55.00','MT211',NULL
7585,Maggie Schewan Cheese,'59.00','MT212',NULL
7586,Extra Butter (Maggi),'8.00','MT213',NULL
7587,Extra Cheese (Maggi),'20.00','MT214',NULL
7588,Extra Schezwan (Maggi),'7.00','MT215',NULL
7589,Sada Dosa,'23.00','MT216',NULL
7590,Butter Sada Dosa,'35.00','MT217',NULL
7591,Cheese Sada Dosa,'39.00','MT218',NULL
7592,Onion Sada Dosa,'25.00','MT219',NULL
7593,Butter Onion Sada Dosa,'32.00','MT220',NULL
7594,Cheese Onion Sada Dosa,'45.00','MT221',NULL
7595,Masala Dosa,'28.00','MT222',NULL
7596,Butter Masala Dosa,'36.00','MT223',NULL
7597,Cheese Masala Dosa,'52.00','MT224',NULL
7598,Onion Masala Dosa,'32.00','MT225',NULL
7599,Palak Sada Dosa,'25.00','MT226',NULL
7600,Butter Palak Sada Dosa,'32.00','MT227',NULL
7601,Cheese Palak Sada Dosa,'45.00','MT228',NULL
7602,Palak Masala Dosa,'32.00','MT229',NULL
7603,Butter Palak Masala Dosa,'39.00','MT230',NULL
7604,Cheese Palak Masala Dosa,'52.00','MT231',NULL
7605,Schezwan  Sada Dosa,'25.00','MT232',NULL
7606,Butter Schezwan Sada Dosa,'32.00','MT233',NULL
7607,Schezwan Masala Dosa,'32.00','MT234',NULL
7608,Butter Schezwan Masala Dosa,'39.00','MT235',NULL
7609,Cheese Masala Schezwan Dosa,'52.00','MT236',NULL
7610,Mysore Sada Dosa,'25.00','MT237',NULL
7611,Butter Mysore Sada Dosa,'32.00','MT238',NULL
7612,Cheese Mysore Sada Dosa,'45.00','MT239',NULL
7613,Mysore Masala Dosa,'32.00','MT240',NULL
7614,Butter Mysore Masala Dosa,'39.00','MT241',NULL
7615,Cheese Mysore Masala Dosa,'52.00','MT242',NULL
7616,Spring Masala Dosa,'38.00','MT243',NULL
7617,Plain Uttappam,'25.00','MT244',NULL
7618,Masala Uttappam,'42.00','MT245',NULL
7619,Onion Uttappam,'32.00','MT246',NULL
7620,Tomato Uttappam,'32.00','MT247',NULL
7621,Onion Tomato Uttappam,'32.00','MT248',NULL
7622,Carrot Uttappam,'32.00','MT249',NULL
7623,Capsicum Uttappam,'32.00','MT250',NULL
7624,Carrot Capsicum Uttappam,'36.00','MT251',NULL
7625,Set Dosa Aloo Bhaji,'35.00','MT252',0
7626,Idli Coin,'40.00','MT253',0
7627,Cheese Vegetable Dosa,'51.00','MT254',NULL
7628,Egg Dosa,'51.00','MT255',NULL
7629,Moong Dal Chilla,'35.00','MT256',0
7630,Besan Chilla,'35.00','MT257',0
7631,Thalipeeth,'35.00','MT258',0
7632,Aloo Paratha,'35.00','MT259',NULL
7633,Mooli Paratha,'32.00','MT260',NULL
7634,Gobi Paratha,'35.00','MT261',0
7635,Veg Paratha,'32.00','MT262',NULL
7636,Methi Paratha,'32.00','MT263',NULL
7637,Veg live - (PUNJABI),'83.00','MT264',0
7638,Hing Ki Kachori,'35.00','MT265',0
7639,Paratha Paneer,'32.00','MT266',NULL
7640,Paratha Cheese,'32.00','MT267',NULL
7641,Extra Butter (Dosa),'8.00','MT268',NULL
7642,Extra Cheese (Dosa),'20.00','MT269',NULL
7643,Extra Schezwan (Dosa),'7.00','MT270',NULL
7644,Cheese Sandwich,'38.00','MT271',NULL
7645,Chicken Mayo Sandwich,'69.00','MT272',NULL
7646,Omelet Cheese Sandwich,'64.00','MT273',NULL
7647,Veg Sandwich,'42.00','MT274',0
7648,Cheese Chutney,'40.00','MT275',NULL
7649,Bread Butter Jam Sandwich,'25.00','MT276',NULL
7650,Bread Butter Sandwich,'20.00','MT277',NULL
7651,Chutney Sandwich,'20.00','MT278',NULL
7652,Aloo Masala Toast Sandwich,'40.00','MT279',NULL
7653,Vegetable Sandwich,'38.00','MT280',NULL
7654,Veg Club Sandwich,'79.00','MT281',NULL
7655,Paneer Sandwich,'60.00','MT282',NULL
7656,Boiled Egg Sandwich,'38.00','MT283',NULL
7657,Omlette Sandwich,'63.00','MT284',NULL
7658,Chicken Club Sandwich,'91.00','MT285',NULL
7659,Chicken Mayo Sandwich,'69.00','MT286',NULL
7660,Chicken Tikka Sandwich,'69.00','MT287',NULL
7661,Extra Cheese,'22.00','MT288',NULL
7662,Extra Butter,'8.00','MT289',NULL
7663,Choice Of Bread - Baguette,'22.00','MT290',NULL
7664,Grilled Paneer,'125.00','MT291',NULL
7665,Grilled Chicken,'125.00','MT292',NULL
7666,Griiled Fish,'125.00','MT293',NULL
7667,Veg Soup,'50.00','MT294',NULL
7668,Non Veg Soup,'58.00','MT295',NULL
7669,Veg Health Sandwich,'77.00','MT296',NULL
7670,Paneer Healthy Salad,'85.00','MT297',NULL
7671,Chicken Healthy Salad,'85.00','MT298',NULL
7672,Veg Multigrain,'71.00','MT299',NULL
7673,Panner Multigrain,'82.00','MT300',NULL
7674,Chicken Tikka Multigrain,'82.00','MT301',NULL
7675,Choice Of Bread - Multi Grain Bread,'22.00','MT302',NULL
7676,Chana Chaat,'35.00','MT303',NULL
7677,Sprout Chaat,'35.00','MT304',NULL
7678,Papdi Chaat,'32.00','MT305',NULL
7679,Dahi Puri,'36.00','MT306',NULL
7680,Ragda Puri,'32.00','MT307',NULL
7681,Sev Puri,'32.00','MT308',NULL
7682,Masala Puri,'32.00','MT309',NULL
7683,Pani Puri,'32.00','MT310',NULL
7684,Gilla Bhel,'35.00','MT311',NULL
7685,Sukha Bhel,'35.00','MT312',NULL
7686,Veg - Spice Bowl (Thai ),'95.00','MT358',NULL
7687,Non Veg - Spice Bowl (Thai),'110.00','MT359',NULL
7688,Regular Tea - 100 ml,'11.00','MT313',NULL
7689,Regular Tea,'14.00','MT314',NULL
7690,Life Tea,'16.00','MT315',NULL
7691,Life Tea - Ginger,'18.00','MT316',NULL
7692,Masala Tea,'15.00','MT317',NULL
7693,Ginger Lemon Tea,'15.00','MT318',NULL
7694,Filter Coffee - 100 ml,'17.00','MT319',NULL
7695,Filter Coffee,'17.00','MT320',NULL
7696,Nescafe,'22.00','MT321',NULL
7697,Black Coffee,'14.00','MT322',NULL
7698,Badam Milk,'22.00','MT323',NULL
7699,Horlicks,'22.00','MT324',NULL
7700,Bournvita,'22.00','MT325',NULL
7701,Boost,'22.00','MT326',NULL
7702,Ragi Malt,'22.00','MT327',NULL
7703,Hot Chocolate,'22.00','MT328',NULL
7704,Bun Butter,'22.00','MT329',NULL
7705,Bun Jam,'22.00','MT330',NULL
7706,Bun Butter Jam,'25.00','MT331',NULL
7707,Bun Butter Cheese,'33.00','MT332',NULL
7708,Bun Butter Jam Cheese,'36.00','MT333',NULL
7709,Palin Bun,'11.00','MT334',NULL
7710,Holy Tulsi,'15.00','MT335',NULL
7711,Calm Tea,'15.00','MT336',NULL
7712,Yellow Milk,'17.00','MT337',NULL
7713,Refresh Tea,'15.00','MT338',NULL
7714,Pepper Khashaya,'15.00','MT339',NULL
7715,Green Tea,'15.00','MT340',NULL
7716,Diabetic Tea,'15.00','MT341',NULL
7717,Cold Bournvita,'28.00','MT342',NULL
7718,Cold Horlicks,'28.00','MT343',NULL
7719,Cold Badam Milk,'28.00','MT344',NULL
7720,Cold Chocolate,'28.00','MT345',NULL
7721,Cold Coffee,'28.00','MT346',NULL
7722,Cold Boost,'28.00','MT347',NULL
7723,Boost,'28.00','MT348',NULL
7724,White Bread Butter,'23.00','MT349',0
7725,Brown Bread Butter,'23.00','MT350',0
7726,White Bread Jam,'20.00','MT351',0
7727,Brown Bread Jam,'32.00','MT352',0
7728,White Bread Cheese,'32.00','MT353',0
7729,Brown Bread Cheese,'38.00','MT354',0
7730,Cookies (1 pc),'9.00','MT355',NULL
7731,Toast (1 pc),'8.00','MT356',NULL
7732,Jeera Butter (1 pc),'8.00','MT357',NULL
7733,Veg Manchow Soup,'70.00','MT360',NULL
7734,Chicken Manchow Soup,'80.00','MT361',NULL
7735,Veg Manchurian Dry,'80.00','MT362',NULL
7736,Chicken Manchurian Dry,'110.00','MT363',NULL
7737,Veg Manchurian Gravy,'80.00','MT364',NULL
7738,Chicken Manchurian Gravy,'110.00','MT365',NULL
7739,Veg Fried Rice,'90.00','MT366',NULL
7740,Egg Fried Rice,'110.00','MT367',NULL
7741,Chicken Fried Rice,'110.00','MT368',NULL
7742,Veg Hakka Noodles,'42.00','MT369',0
7743,Egg Hakka Noodles,'110.00','MT370',NULL
7744,Chicken Hakka Noodles,'110.00','MT371',NULL
7745,Conferences Event Charges (@JPMT ),'55004.00','D-675ac5eeb0f72',NULL
7746,Conference Event Charges (JPMT@),'4762.00','D-675aca0cca8a4',NULL
7747,VEG BIRYANI,'40.00','D-675b28e470bd8',NULL
7748,ETTU MENASINAKAYI,'40.00','D-675b918544de1',NULL
7749,ETTU MENASINAKAYI,'40.00','D-675b91bb9ea75',NULL
7750,Deconstructed Chicken American Suey in a Bowl,'120.00','D-675bcb37a58e3',NULL
7751,Deconstructed Veg American Chop Suey in a Bowl,'100.00','D-675bcb922bb8c',NULL
7752,Kottamiri Rice Bhat,'40.00','D-675e234a7d342',NULL
7753,Hot Chocolate,'120.00','D-675e811e27dfd',NULL
7754,Moroccan Mint,'175.00','D-675e819e4d525',NULL
7755,Tulsi Ritual,'175.00','D-675e81cbc2bc3',NULL
7756,Assam Tea,'175.00','D-675e81eac10d3',NULL
7757,Berry Pastry Cream Berliner,'90.00','D-675e8290c42cc',NULL
7758,Banana Walnut Chocolate Cake,'95.00','D-675e82bc7833a',NULL
7759,Dates Fig Raisin cake,'105.00','D-675e834fae7cd',NULL
7760,Raspberry Marble Cake,'110.00','D-675e837f6e8ef',NULL
7761,Berry Cheese Cake,'150.00','D-675e83f231df2',NULL
7762,Pesto Pinewheel,'85.00','D-675e842acb8d1',NULL
7763,Cottage Cheese Turnover,'100.00','D-675e8484eb684',NULL
7764,Chicken Turnover,'100.00','D-675e84accc183',NULL
7765,Croissant S/W - Chicken,'145.00','D-675e84d370db5',NULL
7766,Croissant S/W - Veg,'125.00','D-675e8505f315c',NULL
7767,Lemon Mango Delight,'120.00','D-675e8534b7de8',NULL
7768,Peach & Passion Fruit Blast,'120.00','D-675e8552b6af8',NULL
7769,Kiwi Strawberry Tango,'120.00','D-675e857ac5b4d',NULL
7770,Nutty Taro Milk Tea,'130.00','D-675e85a0187ad',NULL
7771,Nutty Taro Milk Tea,'130.00','D-675e85a0187ad',NULL
7772,Yellow Melon Milk Tea,'130.00','D-675e85c82975f',NULL
7773,Chocolate Walnut brownie,'105.00','D-675f1f639f89b',NULL
7774,Raspberry marbel cake,'115.00','D-675f1fa9f1d7e',NULL
7775,Berry cheese cake,'150.00','D-675f1fea527f3',NULL
7776,CINNAMON  SMOOTHIE,'65.00','D-675f5af19142f',NULL
7777,POMEGRANATE & PISTACHIO PARFAIT,'100.00','D-675f5b4929c86',NULL
7778,MASALA VADA,'45.00','D-675f6022e4b37',0
7779,MASALA VADA,'45.00','D-675f6044ce265',0
7780,Sri Lankan kukul mas curry lemon grass rice,'120.00','D-675fc1a66527d',NULL
7781,Sri Lankan veg mallwan curry lemon grass rice,'100.00','D-675fc1d0decd8',NULL
7782,Chickpea Tofu & Sweet Potato Tagine Herbed,'100.00','D-675fc72ef0d43',NULL
7783,Chickpea Tofu & Tagine Herbed,'100.00','D-675fd1074204a',NULL
7784,Motte Vepudu,'50.00','D-675ff9dcb5fa4',NULL
7785,Ice Coffee,'125.00','D-6760126f84a85',NULL
7786,Iced Cappuccino,'110.00','VJ001',NULL
7787,Iced Latte,'110.00','VJ002',NULL
7788,Salted Caramel Iced Latte,'140.00','VJ003',NULL
7789,Cold Coffee,'140.00','VJ004',NULL
7790,Mocha Frappe,'140.00','VJ005',NULL
7791,Espresso ( Single / Double ),'75.00','VJ006',NULL
7792,Cappuccino ( Reg / Demi ),'110.00','VJ007',NULL
7793,Latte ( Reg / Demi ),'110.00','VJ008',NULL
7794,Americano ( Reg / Demi ),'110.00','VJ009',NULL
7795,Café Mocha,'140.00','VJ010',NULL
7796,Masala Tea ( 100 ml),'14.00','VJ011',NULL
7797,Life Tea ( 100 ml),'16.00','VJ012',NULL
7798,Life Ginger  Tea ( 100 ml),'18.00','VJ013',NULL
7799,Herbal Tea ( 100 ml),'17.00','VJ014',NULL
7800,Lemon Tea ( 100 ml),'14.00','VJ015',NULL
7801,Cashew Cookies,'9.00','VJ016',NULL
7802,Shewberry ,'9.00','VJ017',NULL
7803,Royal Nankthai,'9.00','VJ018',NULL
7804,Toast,'5.00','VJ019',NULL
7805,Jeera Butter,'5.00','VJ020',NULL
7806,Paneer Tikka Croissant,'120.00','VJ021',NULL
7807,Slow Roasted Veg in Multigrain Bread ,'120.00','VJ022',NULL
7808,Chicken Tikka Croissant,'130.00','VJ023',NULL
7809,Peri Peri Chicken in Multigrain Bread ,'130.00','VJ024',NULL
7810,Stir Fry Chicken & with Soy Ginger,'120.00','D-67611db89e28c',NULL
7811,Stir Fry Veg & Cottage Cheese with Soy Ginger,'100.00','D-67611f34a6b62',NULL
7812,Veg & Paneer Puttanesca,Penne agilo olio','100.00',1
7813,Dal paratha,'50.00','D-67615efe31eb3',NULL
7814,HULI ANNA,'40.00','D-6761dea8765a1',NULL
7815,HULI ANNA,'40.00','D-6761ded3b2c54',NULL
7816,HULI ANNA,'40.00','D-6761defd638c8',NULL
7817,MANGALORE BUN,'45.00','D-6761e104bb856',0
7818,PEAS CORN PARATHA,'50.00','D-676222562fc54',NULL
7819,PEAS CORN PARATHA,'50.00','D-676222917e145',NULL
7820,Vietnamese ca ri ga paneer curry,noodle','100.00',1
7821,Vietnamese ca ri ga Chicken curry,noodle','120.00',1
7822,Thengai pal sadam,'45.00','D-6762a65411703',1
7823,Soya Keema kulcha,'50.00','D-676417b8eddff',NULL
7824,Irish Veg Stew,Tri Pepper Rice','100.00',1
7825,Irish Chicken Stew,Tri Pepper Rice','120.00',1
7826,Roohafza Refresher,'50.00','D-6768cc12e5ae3',NULL
7827,Hungarian Veg Paprikash with Potatoes Chili rice,'100.00','D-6768fa1ca2ae8',NULL
7828,Hungarian Chicken Paprikash with Potatoes rice,'120.00','D-6768fa977ab66',NULL
7829,Plum & Dry Nuts Parfait,'100.00','D-676900cd7c59f',NULL
7830,coconut cookies,'25.00','D-67691d24ac968',NULL
7831,Flaxseed Cookies,'25.00','D-67691fe039e36',NULL
7832,Nippat,'20.00','D-676920c6742b0',NULL
7833,Triangle Mathri,'20.00','D-6769219032bfa',NULL
7834,Round Mathri,'20.00','D-6769220ce76d5',NULL
7835,Tapioca chips,'20.00','D-676922739ad51',NULL
7836,JAGGERY IDLI,'40.00','D-6769e809aab00',NULL
7837,JAGGERY IDLI,'40.00','D-6769e84b0f755',NULL
7838,Chili Garlic Paneer Curry Hakka Noodles,'100.00','D-676a53eb7a5d7',NULL
7839,Chili Garlic Chicken Curry Hakka Noodles,'120.00','D-676a5414867a0',NULL
7840,Caponata Siciliana Herb Rice Steamed Greens,'100.00','D-676a54887ef8d',NULL
7841,CURRY  LEAF  RICE,'40.00','D-676aff4da6722',NULL
7842,CURRY  LEAF  RICE,'40.00','D-676b0029c5df1',NULL
7843,Stir Fry Bowl,Stir fried veg Five spice sauce','100.00',1
7844,Stir Fry Bowl,Spicy Peanut Chicken Five Spice','120.00',1
7845,Egg Tawa Masala Fry,'50.00','D-676d15b198528',NULL
7846,Gongura Chicken,'60.00','D-676d15d7dff70',NULL
7847,test dish,'1.00','D-676d2daacb86c',1
7848,Gongura chicken,'60.00','D-676d320f9f73d',NULL
7849,Chicken Patti samosa,'50.00','D-676d323682510',NULL
7850,Chicken Patti samosa,'50.00','D-676d3281e9616',NULL
7851,Chicken Patty samosa,'50.00','D-676d364f16d0a',NULL
7852,Chili garlic poppers,'40.00','D-676d36e211427',NULL
7853,Chili garlic poppers,'40.00','D-676d3730200a8',NULL
7854,ALOO PEAS PARATHA,'50.00','D-676e0154392dc',NULL
7855,Corn cheese Samosa,'30.00','D-676e3fc67cd86',NULL
7856,Test,'2.00','D-676e9b3f3ba4a',NULL
7857,GODHI HUGGI,'40.00','D-6770adb985fa2',0
7858,SABBAKI VADA,'40.00','D-6771d028d5565',NULL
7859,BERRY MILKSHAKE,'50.00','D-6771d234c0166',NULL
7860,CHIA INFUSED NIMBU PANI,'50.00','D-6771d2c855647',NULL
7861,COCONUT GINGER SMOOTHIE,'65.00','D-6771d564d8738',NULL
7862,CELERY CARROT LIME JUICE,'55.00','D-6771d5a298e3a',NULL
7863,Chicken Wings Gravy,'110.00','D-677241f70a329',NULL
7864,Vazhakkai Bajji,'40.00','D-67726fdd14939',NULL
7865,Dhaniya Chicken,'60.00','D-67726ffbebfa3',NULL
7866,Chicken Fricassee,Oregano Rice','120.00',1
7867,Creamy Veg & Tofu Pesto Stew,Tomato Basil Rice','100.00',1
7868,Chicken Cacciatore with Jambalaya Rice,'120.00','D-6774da7e52f01',NULL
7869,Veg Cacciatore with Jambalaya Rice,'100.00','D-6774daa0eecfb',NULL
7870,Bhuna Chicken,'60.00','D-6774fcfb96f2c',NULL
7871,Avarekalu Wada,'40.00','D-6774fd177fc24',NULL
7872,Avarekalu Wada,'40.00','D-6774fdb1a7358',NULL
7873,Chipotle  Prawns,Greens,Garlic Mash,'blank.jpg'
7874,Thai Spiced Steamed Chicken Cakes,Panang Curry','120.00',1
7875,Chipotle  Prawns,Greens,Garlic Mash,'D-677633026247d'
7876,Rasam Bonda,'40.00','D-67766851567c5',NULL
7877,Tomato Rice,'40.00','D-6776687943b89',NULL
7878,Tandoori Chicken,'60.00','D-677668b70aa17',NULL
7879,PULIKACHA RICE,'40.00','D-677701dab91aa',NULL
7880,PULIKACHA RICE,'40.00','D-67770223857cb',NULL
7881,pineapple  SHEERA,'45.00','D-6777024a71629',0
7882,pineapple  SHEERA,'45.00','D-67770277f1e3b',0
7883,pineapple  SHEERA,'40.00','D-677702a5b1f04',NULL
7884,Mangalorean Buns,'45.00','D-677702cd60554',0
7885,Karuvepllai Wada,'40.00','D-677702fe929ae',NULL
7886,Karuvepllai Wada,'40.00','D-6777032b0c88c',NULL
7887,GODI UPPITU,'40.00','D-6777151fdf2a1',NULL
7888,Veg Noodle Soup with Veg Momos,'100.00','D-67777a0564cc3',NULL
7889,Chicken Noodle soup with chicken momos,'120.00','D-67777a2a55e62',NULL
7890,Potato & Cheese Shots,'40.00','D-6777b84953753',NULL
7891,Potato & Cheese Shots,'45.00','D-6777b86ca602a',NULL
7892,Thengai Paal Sadam,'40.00','D-6777b890d37b9',NULL
7893,Tomato Motte Goojju,'50.00','D-6777b8ade32ad',NULL
7894,Karnataka Chicken Kabab,'60.00','D-6777b8cfe84b7',NULL
7895,Karnataka Chicken Kabab,'60.00','D-6777b8f1ea9f2',NULL
7896,Falafel,'40.00','D-6777bbd611b90',NULL
7897,Onion paratha,'50.00','D-67788f6545e20',NULL
7898,Paneer Paratha,'55.00','D-67789edfdda10',NULL
7899,Aloo paratha,'55.00','D-67789f6acff08',NULL
7900,Single paratha,'35.00','D-67789fae5c237',NULL
7901,SWEET CORN PARATHA,'50.00','D-6779dffb74446',NULL
7902,Dry Fruit Sheera,'35.00','D-677ab8d0b756a',0
7903,Indori Poha,'35.00','D-677ab97f2f728',0
7904,KHANDESHI MISAL PAV,'32.00','D-677ab9e444e83',NULL
7905,Mutter And Aloo Paratha,'35.00','D-677aba8f1de3b',0
7906,CARROT IDLI  SAMBAR,'40.00','D-677abaecc1260',0
7907,CHILI MYSORE BONDA,'35.00','D-677abb574b967',0
7908,Chicken Sausage (2 Piece),'51.00','D-677abbde42c37',NULL
7909,OATS  IDLI,'40.00','D-677abcc4a6e23',0
7910,SOYA MUTTER  TIKKI,'32.00','D-677ac494a3903',NULL
7911,NAGPURI MISAL PAV,'35.00','D-677ac4f67d42c',0
7912,MINI IDLI SAMBAR/CHUTNEY,'40.00','D-677ac577b8473',0
7913,VEG MANCHURIAN,'35.00','D-677ac60ce7fe6',0
7914,MASALA PASTA,'42.00','D-677ac68c3a023',0
7915,CHICKEN CRISPY,'56.00','D-677ac70ab7b5c',0
7916,Build Your Own Salad Veg,'80.00','D-677ace17562cb',NULL
7917,Hi Tea,'210.00','D-677ace86add3b',0
7918,Build your own Salad  Chicken,'90.00','D-677acec79032d',NULL
7919,Build your own Salad Paneer,'90.00','D-677acf89b6bb8',NULL
7920,Build your own Sandwich Veg,'88.00','D-677ad01f11187',NULL
7921,Build your own sandwich  Paneer,'99.00','D-677ad2316932c',NULL
7922,Build your own sandwich Chicken,'99.00','D-677ad26a9e1ad',NULL
7923,Fruit Plate Full,'40.00','D-677ad6048a5a2',NULL
7924,Fruit Plate Half,'27.00','D-677ad6784284e',NULL
7925,EGG BURMA TOAST,'42.00','D-677addb5dcdc0',0
7926,Chicken Thai Green Mango & Vegetable,'100.00','D-677af60b181c7',NULL
7927,VEG SOUP,'50.00','D-677b19a7aec5f',NULL
7928,CHICKEN SOUP,'72.00','D-677b1acd78feb',NULL
7929,Belladanna,'40.00','D-677b30b208e6d',NULL
7930,Belladanna,'40.00','D-677b30f7345dd',NULL
7931,Akuri,'60.00','D-677b425bd42d3',NULL
7932,Coconut Quinoa Porridge,'50.00','D-677b4311c216e',NULL
7933,Hungarian Chicken Paprikash with Potatoes,'120.00','D-677b6ee5595da',NULL
7934,Hungarian Veg Paprikash with Potatoes,'100.00','D-677b6f0aa4d4d',NULL
7935,Vegetable upma,'45.00','D-677babb20af3e',0
7936,Onion patti samosa,'45.00','D-677bac08dd075',NULL
7937,Coriander chicken,'60.00','D-677bac535553a',NULL
7938,Onion Patty Samosa,'45.00','D-677bafbf104fc',NULL
7939,Onion Patty Samosa,'45.00','D-677bafe2e382b',NULL
7940,Green Peas Upma,'35.00','D-677bda7dad563',0
7941,Palak Paratha,'35.00','D-677be633732b2',0
7942,Peanut Poha,'35.00','HU002',0
7943,Veg Mix Upma,'35.00','HU003',0
7944,Nashik Misal Pav,'32.00','HU004',NULL
7945,Aloo Hara  Payaz Paratha,'35.00','HU005',0
7946,Kanchipuram Idli Sambar,'40.00','HU006',0
7947,Onion Medu Wada Sambar,'35.00','HU007',0
7948,Egg Bun Roll,'42.00','HU009',0
7949,Parmesan Fish Steak With Parsley Caper Sauce,'140.00','D-677c80db86794',NULL
7950,Grilled Parmesan Steak With Mushroom Ragout,'115.00','D-677c81304bea2',0
7951,Vegetable Khow Suey Noodles,'100.00','D-677cc15ad3274',NULL
7952,Chicken Khow Suey Noodles,'120.00','D-677cc1816667b',NULL
7953,Charmula Prawns Organic Greens & Seafood bisque,'150.00','D-677cc924533b2',NULL
7954,Masala Semiya,'40.00','D-677cfb70c9a22',NULL
7955,Corn Cheese Kebab,'42.00','D-677d02e0ef62e',0
7956,Sprout Misal Pav,'35.00','D-677d0318e46eb',0
7957,Soya Masala Wrap,'38.00','D-677d034051032',1
7958,Ragada Samosa,'35.00','D-677d036b6cc87',0
7959,Chicken Cutlet,'51.00','D-677d03a97abf2',1
7960,Mix Veg Poha,'35.00','HU0010',0
7961,Peas Upma,'35.00','HU0011',0
7962,Matki Misal Pav,'35.00','HU0012',0
7963,Mix Veg Paratha,'35.00','HU0013',0
7964,Beetroot Idli Sambar,'40.00','HU0014',0
7965,Masala Dalia,'35.00','HU0015',0
7966,Egg Chilli Milli,'38.00','HU0016',NULL
7967,Chicken Ravioli In Rustic Tomato Sauce,'135.00','D-677dd4d2e0a4b',0
7968,Banana (Whole) 1 pc,'9.00','D-677e004bd8520',NULL
7969,Tangra Chilli Paneer with Yangzhou fried Rice,'100.00','D-677e0cd415171',NULL
7970,Tangra Chilli Chicken with Yangzhou fried Rice,'120.00','D-677e0d502cebe',NULL
7971,Veg Dimsum In Oyster Sauce With Fried Rice,'100.00','D-677e1c2c7a57e',NULL
7972,Dimsun In Oyster Sauce With Noodles,'100.00','D-677e1c6410aee',NULL
7973,Chicken Dimsum In Oyster Sauce With Fried Rice,'120.00','D-677e1ca231905',NULL
7974,Chicken Dimsum In Oyster Sauce With Noodles,'120.00','D-677e1cd5a9cc3',NULL
7975,Dimsun In Black Bean Sauce With Fried Rice,'100.00','D-677e1ecd72926',NULL
7976,Dimsun In Black Bean Sauce With Noodles,'100.00','D-677e1eef3b83a',NULL
7977,Chicken Dimsun In Black Bean Sauce With Fried Rice,'120.00','D-677e1f498ab4a',NULL
7978,Chicken Dimsun In Black Bean Sauce With Noodles,'120.00','D-677e1f9d5acb0',NULL
7979,Veg Dimsum In Schezwan Sauce With Fried Rice,'100.00','D-677e1fc1b0d67',NULL
7980,Veg Dimsum In Schezwan Sauce With Noodles,'100.00','D-677e20141691d',NULL
7981,Chicken Dimsum In Schezwan Sauce With Fried Rice,'120.00','D-677e204d6f42d',NULL
7982,Chicken Dimsum In Schezwan Sauce With Noodles,'120.00','D-677e207466779',NULL
7983,Puneri Misal Pav,'35.00','D-677e4c26f093e',0
7984,Podi Idli,'40.00','D-677e4da3b1da7',0
7985,Rajma Kabab,'35.00','D-677e4ddf8c675',0
7986,Rajma Kabab,'35.00','D-677e4ddf8c675',0
7987,Chicken Puff,'51.00','D-677e4e25e534d',NULL
7988,Hara Bhara Kabab,'35.00','D-677e4f025e779',0
7989,Lasooni murgh,'60.00','D-677e50e623fb9',NULL
7990,Lasooni Murgh,'60.00','D-677e52595f293',NULL
7991,Lasooni Murgh,'60.00','D-677e5279c4ba1',NULL
7992,Hakka Noodle,'38.00','D-677e56dcc0a80',NULL
7993,Aloo  Poha,'35.00','D-677e7b087bbfb',0
7994,Kolhapuri Misal Pav,'35.00','D-677e7b56b5fc8',0
7995,Anda Ghotala,'42.00','D-677e7b9571e02',0
7996,Ragi Idli,'40.00','D-677e7bcb2e308',0
7997,Sheperds Pie (Chicken),'135.00','D-677f244354438',0
7998,Tadni kalu vada,'40.00','D-677f3df532029',NULL
7999,Stir fried veg in chili soya five spice sauce,'100.00','D-677f6611ca5f3',NULL
8000,Stir Fry Chicken Oyster Sauce,Garlic Fried Rice','120.00',1
8001,Steam Vegetables In Oyster Sauce With Fried Rice,'100.00','D-677f6809be714',NULL
8002,Steam Vegetables In Oyster Sauce With Noodles,'100.00','D-677f685abdc95',NULL
8003,Steam Chicken In Oyster Sauce With Fried Rice,'120.00','D-677f68b1c18fb',NULL
8004,Steam Chicken In Oyster Sauce With Noodles,'120.00','D-677f68d88decd',NULL
8005,Steam Vegetables Black Bean Sauce With Fried Rice,'100.00','D-677f69058ca33',NULL
8006,Steam Vegetables Black Bean Sauce With Noodles,'100.00','D-677f69445ea47',NULL
8007,Steam Chicken Black Bean Sauce With Fried Rice,'120.00','D-677f6974692d8',NULL
8008,Steam Chicken Black Bean Sauce With Noodles,'120.00','D-677f699819114',NULL
8009,Steam Vegetables in Schezwan Sauce With Fried Rice,'100.00','D-677f6a3306e8d',NULL
8010,Steam Vegetables in Schezwan Sauce With Noodles,'100.00','D-677f6aa16c5a7',NULL
8011,Steam Chicken In Schezwan Sauce With Fried Rice,'120.00','D-677f6af3cb764',NULL
8012,Steam Chicken in Schezwan Sauce With Noodles,'120.00','D-677f6b246d9aa',NULL
8013,Grilled Chicken,Millet Pilaf,Root Vegetable',NULL
8014,Veg Coleslaw Roll,'38.00','D-677f9cba11e1e',NULL
8015,Nagpuri  misal pav,'35.00','D-677f9cfc2b935',0
8016,House baked Soya Tikki,'35.00','D-677f9d58a8dbc',0
8017,Shavige Bath,'40.00','D-677f9d85855b4',NULL
8018,Shavige Bath,'40.00','D-677f9da5c095b',NULL
8019,Paneer Dhokla Sandwich,'42.00','D-677f9d8d5e85a',0
8020,Onion Bhajia Pav,'50.00','D-677f9e9f241cd',NULL
8021,Oats Upma,'38.00','D-677fb3b3408b9',NULL
8022,Onion maysore bonda,'35.00','D-677fb3f157173',0
8023,Gud Lapsi,'35.00','D-677fb43098c63',0
8024,Baked Chicken Crepe With Creamy Mushroom Sauce,'135.00','D-6780b1a2409ec',0
8025,Panseared Cottage Cheese Ratatoulli,'115.00','D-6780b2406bfe1',0
8026,Thai Tom Kha Soup Veg,'60.00','D-6780b3d365b19',0
8027,Paneer Satay,'80.00','D-6780b47c9ed49',NULL
8028,Chicken Satay,'90.00','D-6780b49a9216c',NULL
8029,Chicken Honey Chili Sauce with Butter fry rice,'120.00','D-6780b512ef768',NULL
8030,Non-Veg Basil Scented Fried Rice,'75.00','D-6780b554db87b',NULL
8031,Stir Fried Veg in ginger sauce with butter rice,'100.00','D-6780b5566974b',NULL
8032,Chilli Garlic Fried Noodles Non-Veg,'75.00','D-6780b5f6b293a',NULL
8033,Steam Veg Dimsun In Oyster Sauce With Fried Rice,'100.00','D-6780ba604ca8a',NULL
8034,Steam Veg Dimsun In Oyster Sauce With Noodles,'100.00','D-6780bab6e7da1',NULL
8035,Steam Chicken Dimsun Oyster Sauce With Fried Rice,'120.00','D-6780badcdf4e1',NULL
8036,Steam Chicken Dimsun Oyster Sauce With Noodles,'120.00','D-6780bb125b95b',NULL
8037,Steam Veg Dimsun Black Bean Sauce With Fried Rice,'100.00','D-6780bb3e38137',NULL
8038,Steam Veg Dimsun Black Bean Sauce With Noodles,'100.00','D-6780bb79cbafd',NULL
8039,Steam Veg Dimsun Black Bean Sauce With Noodles,'100.00','D-6780bb79cbafd',NULL
8040,Steam Chicken Dimsun Black Bean Sauce Fried Rice,'120.00','D-6780bb9e3b10e',NULL
8041,Steam Chicken Dimsun Black Bean Sauce With Noodles,'120.00','D-6780bbdebde25',NULL
8042,Steam Veg Dimsun Schezwan Sauce With Fried Rice,'100.00','D-6780bc17ab94f',NULL
8043,Steam Veg Dimsun Schezwan Sauce With Noodles,'100.00','D-6780bc7f8deb3',NULL
8044,Steam Chicken Dimsun Schezwan Sauce Fried Rice,'120.00','D-6780bcb88e784',NULL
8045,Steam Chicken Dimsun Schezwan Sauce With Noodles,'120.00','D-6780bd07ee7d3',NULL
8046,Veg Maggi,'40.00','D-6780d7a061d5b',1
8047,Egg Maggi,'50.00','D-6780d81eb28c2',1
8048,Cheese Maggi,'45.00','D-6780d8544f4d9',1
8049,Bisleri Water,'53.00','D-6780ea0bee510',NULL
8050,Kerala chicken coconut roast,'60.00','D-6780f11c102f3',NULL
8051,Kerala chicken coconut roast,'60.00','D-6780f549a7904',NULL
8052,Dahi Misal Pav,'35.00','D-6780f86badc64',0
8053,Gobi 65,'35.00','D-6780f8a1d121d',0
8054,Batata Wada Usal Pav,'38.00','D-6780f8c934ba1',NULL
8055,Masala Oats,'42.00','D-6780f91c66de4',0
8056,Chicken Tikka Roll,'56.00','D-6780f9595df9e',0
8057,Mousee Aux Pomms Et Au Chocolate,'120.00','D-67810a966dbdc',NULL
8058,Pomms Cold Cheese Cake,'120.00','D-67810ad4af064',NULL
8059,Biscuit Aux Almonds Eat Mousee Au Pomms,'120.00','D-67810b42e36ed',NULL
8060,Elaichi Tea,'17.00','D-678218bb74c06',NULL
8061,Tomato Upma,'35.00','D-6782444a37234',0
8062,Egg 65,'38.00','D-678244e7c7875',NULL
8063,Bombay Masala S/W,'38.00','D-678247553ef7f',NULL
8064,Kadha,'25.00','D-678482da8a6a5',NULL
8065,Kadha,'25.00','D-678483b894632',NULL
8066,Singapore Veg Fried Rice,'60.00','D-6784a9a3eae3d',NULL
8067,Singapore Chicken Fried Rice,'80.00','D-6784a9d47a155',NULL
8068,Singapore Veg Noodles,'60.00','D-6784aa00b04c9',NULL
8069,Singapore Chicken Noodles,'80.00','D-6784aacdb2171',NULL
8070,Chicken Lemon Grass Sauce with chili Garlic noodle,'120.00','D-6784b140be5f0',NULL
8071,Cantonese Style Veg Noodles tofu in chili garlic,'100.00','D-6784b19a27679',NULL
8072,Spanish Chicken with Millet Pilaf Wilted Greens,'120.00','D-6784b483865a1',NULL
8073,Beetroot Tikki,'32.00','D-6784d7e189703',NULL
8074,Chicken 65,'60.00','D-6784e83949b39',NULL
8075,Mix Veg upma,'35.00','D-6784eee227f64',0
8076,Oats Uttapam,'42.00','D-6784efc43045d',0
8077,Aloo Bhajiya,'32.00','D-67863d13d4261',NULL
8078,Mini Samosa,'35.00','D-67863d5d5cb86',0
8079,Besan Chila,'35.00','D-67863d85e2ef4',0
8080,Corn Chat,'32.00','D-67863df9a3bc8',NULL
8081,Chicken Hot Dog Roll,'56.00','D-67863f029a4b8',0
8082,Non Veg Live - (ITALIAN),'95.00','D-6786408ad1c70',0
8083,Peas Poha,'35.00','D-6786512c94051',0
8084,Corn Upma,'35.00','D-6786515f76da8',0
8085,Paneer Peas Paratha,'38.00','D-678651a09512c',NULL
8086,Cornflacks,'45.00','D-678651da1f083',NULL
8087,KARA PONGAL,'40.00','D-6787108369d74',NULL
8088,Wheat Flacks,'45.00','D-67871cb868d02',NULL
8089,Fish Chilli Garlic Dry,'110.00','D-67874a550b6a3',NULL
8090,Veg Balls In Schezwan Sauce With Fried Rice,'100.00','D-67874ab24fc5c',NULL
8091,Veg Balls In Schezwan Sauce With Noodles,'100.00','D-67874b1e46793',NULL
8092,Ragi Bobbatlu,'30.00','D-67874bb3c8573',1
8093,Gond Ke Ladoo,'20.00','D-67874be760c85',1
8094,Namak Para,'25.00','D-67874c26e2bf7',1
8095,Shakar Para,'25.00','D-67874c5449f7c',1
8096,Till Ladoo 250 Gms,'165.00','D-67874c88780ec',1
8097,Veg Kung Pao Dry,'80.00','D-67874cd0d5e0e',NULL
8098,Till Ladoo 500 Gms,'250.00','D-67874ccc9a77d',1
8099,Chicken Kung Pao Dry,'90.00','D-67874cf879304',NULL
8100,Gond Ke Ladoo 250 Gms,'165.00','D-67874cffab5e2',1
8101,Gond Ke Ladoo 500 Gms,'265.00','D-67874d5e8a66e',1
8102,Namak Para 250 Gms,'175.00','D-67874de622b49',1
8103,Namak Para 500 Gms,'315.00','D-67874e0f21376',1
8104,Shakar Para 250 Gms,'90.00','D-67874e46d5a18',1
8105,Shakar Para 500 Gms,'155.00','D-67874e842d0cc',1
8106,Fish in Mongolian Sauce Tom yum Veg noodles,'120.00','D-67874ef12395a',NULL
8107,Stir Fried Mushroom & Veg in Black Pepper Sauce,'100.00','D-67874f318f539',NULL
8108,Saag,Halwa and Roti Combo','90.00',1
8109,Bhakri,'12.00','D-678763053469f',NULL
8110,Moong Dal Chilla,'35.00','D-6787877594d81',0
8111,Achari Tikki,'32.00','D-678787e15e439',NULL
8112,Chole Kulcha,'45.00','D-6787884073032',NULL
8113,Onion Bonda,'40.00','D-67879b5467065',NULL
8114,onion Poha,'35.00','D-67887152547d1',0
8115,Egg Paratha,'42.00','D-678871b460a0f',0
8116,Extra Sambar,'20.00','D-6788830988b94',NULL
8117,Chicken in Tausi Sauce Szechuan Veg Fried Rice,'120.00','D-67889c8f778fd',NULL
8118,Exotic Vegetable in Hot Garlic Sauce Szechuan Veg,'100.00','D-67889cb75fd09',NULL
8119,Veg Finger,'32.00','D-6788e0ce9b17f',NULL
8120,Paneer Bruschetta,'45.00','D-6788e127e10cb',NULL
8121,Vegitable Wrap,'42.00','D-6788e1a219f7b',0
8122,PULIKACHA RICE,'40.00','D-67898d4a87331',NULL
8123,Chicken In Kung Pao Sauce With Fried Rice,'120.00','D-6789d3971aa05',NULL
8124,Chicken In Kung Pao Sauce With Fried Noodles,'120.00','D-6789d3e442878',NULL
8125,Steamed Veg & Chicken in Pomodoro Herb Rice,'120.00','D-6789edc606146',NULL
8126,Steamed Veg & Tofu in Pomodoro Herb Rice,'100.00','D-6789edec409ca',NULL
8127,Shrimp Scampi,Oilive Citrus Cous Cous,Burre',NULL
8128,Egg Masala Dry,'50.00','D-678a30246959e',NULL
8129,RAVA UPMA,'40.00','D-678c4165615b0',NULL
8130,RAVA UPMA,'40.00','D-678c4195a625b',NULL
8131,Tomato Bath,'35.00','D-678cd26de13d1',NULL
8132,House Baked Sprout  Samosa,'35.00','D-678cff7037abf',0
8133,Chicken in Black Pepper Sauce Ginger Capsicum,'120.00','D-678de5875e884',NULL
8134,Thai Green Curry Veg Ginger Capsicum Noodles,'100.00','D-678de5f3df6ec',NULL
8135,House Baked Kothimbir Wadi,'35.00','D-678e263228e50',0
8136,Potato Chilly,'35.00','D-678e26bfe06d1',0
8137,Creamy Spinch Toast,'45.00','D-678e26f988637',NULL
8138,Dal Paratha,'35.00','D-678e905f02ec4',0
8139,House Baked Rosemary potato Wedges,'35.00','D-678e90f608c1d',0
8140,Phand Phak Ruam Mit Wok Tossed Veg Fried Rice,'100.00','D-678f39b0c3c3e',NULL
8141,Five Spice chicken with Wok Tossed Veg Fried Rice,'120.00','D-678f39e8e84bb',NULL
8142,Dessert Of The Day,'45.00','D-678f6513acc7e',NULL
8143,ULLI BONDA,'50.00','D-678f69fe1fe60',NULL
8144,Egg Thokku,'50.00','D-678f6a1c4d6be',NULL
8145,Egg Thokku,'50.00','D-678f6a42766e1',NULL
8146,Bhatkal Pulao,'40.00','D-678f76b5416f3',NULL
8147,Open Toast Hot Dog,'38.00','D-678f7c89c8186',NULL
8148,Gai Phad Hong Kong Vegetable Noodles,'120.00','D-679088d04a9cd',NULL
8149,Hong Kong Vegetable Noodles Mapo Tofu,'100.00','D-679088ed292ff',NULL
8150,Coriander Egg Roast,'50.00','D-6790c65e7caa3',NULL
8151,Coriander Egg Roast,'50.00','D-6790c69988c71',NULL
8152,Batata Poha,'35.00','D-6791a7e4b08ac',0
8153,Gobi paratha,'35.00','D-6791a81b7ba61',0
8154,House baked Hash Brown,'35.00','D-6791a8514a4f9',0
8155,Donne Egg Roast,'50.00','D-67920fda410a5',NULL
8156,Hyderabadi Egg Roast,'50.00','D-67921019d9c36',NULL
8157,Lemon Coriander Chicken Dry,'60.00','D-67921045a8358',NULL
8158,Lemon Coriander Chicken Dry,'60.00','D-6792108496aed',NULL
8159,Roasted bell peppers with chicken sausages,'120.00','D-679210e810431',1
8160,Pesto Chicken Sausages,'120.00','D-679211f8c1561',1
8161,Mushroom Ragout,'90.00','D-6792128661438',1
8162,Egg Pepper Fry-Hot Dog,'90.00','D-67921321821f0',1
8163,Corn and Spinach,'90.00','D-679213675bb97',1
8164,PUMPKIN FRIES,'42.00','D-679221cd97899',0
8165,Corn Cheese Samosa,'40.00','D-67922a8621dc8',NULL
8166,Corn Cheese Samosa,'40.00','D-67922b045416b',NULL
8167,PODI RICE,'40.00','D-67928a75bf667',NULL
8168,Chicken Kheema Paratha,'56.00','D-6792fa6796f84',0
8169,Corn Maysoor Bonda,'35.00','D-6792fb50bbef8',0
8170,House Baked Poha,'35.00','D-6792fb9d8ef61',0
8171,Boiled Egg Burjee Pav,'50.00','D-6792fbeee2e22',0
8172,Braised Chicken in Thai Penang Curry,Veg Rice','120.00',1
8173,Assorted Veg in Thai Penang Curry,Veg  Fry Rice','100.00',1
8174,Fresh Wheat Grass Shots,'20.00','D-67932dbf1ad01',NULL
8175,Pudina Aloo Tikki,'45.00','D-6793652fc7abb',NULL
8176,Pudina Aloo Tikki,'45.00','D-6793656742382',NULL
8177,Paneer Chilly,'42.00','D-679367574bf36',0
8178,Veg croquettes,'35.00','D-679367876e90c',0
8179,Boiled Peanut Chat,'35.00','D-679367e658152',0
8180,Paneer Tikka,'56.00','D-679368173c318',0
8181,Donne Chicken dry,'60.00','D-67936a8ebe181',NULL
8182,Hyderabadi Chicken dry,'60.00','D-67936ab50037f',NULL
8183,Egg dry masala,'50.00','D-67936ae211c47',NULL
8184,Egg dry masala,'50.00','D-67936b1fc7133',NULL
8185,Corn Tikki,'40.00','D-67936d58c35e4',NULL
8186,Egg Maggie,'45.00','D-6793ad609e953',NULL
8187,Chicken Maggie,'50.00','D-6793ae0a5f3b3',NULL
8188,Veg Maggie,'40.00','D-6793ae2c76f09',NULL
8189,Chicken Maggie,'50.00','D-6793ae5c6f1df',NULL
8190,Egg Maggie,'45.00','D-6793ae7bdb60d',NULL
8191,Choice of Egg with choice of bread,'50.00','D-6793aea0356f2',NULL
8192,Masala Omelette,'50.00','D-6793aecf32b3c',NULL
8193,Choice of Breads,'20.00','D-6793aef72e059',NULL
8194,Choice of Cereals with - Hot / Cold Milk,'80.00','D-6793af199f43f',NULL
8195,Boiled Eggs,'20.00','D-6793af4dc2bd9',NULL
8196,House Baked Barley & Quinnova Cutlet,'42.00','D-679484639ea96',NULL
8197,French Toast,'38.00','D-679484dcb0beb',NULL
8198,Battani sadam,'40.00','D-67957916456a5',NULL
8199,Classic Chicken Salami & Cheese Sandwich,'90.00','D-6796b0c6a59af',NULL
8200,Fish Butter Garlic Dry,'110.00','D-6796e052d7469',NULL
8201,Egg Burnt Garlic Fried Rice,'65.00','D-6796e07d90913',NULL
8202,Water Chestnut Vegetables Noodles Chicken,'120.00','D-679723b966eed',NULL
8203,Water Chestnut Vegetables Noodles Exotic Veg,'100.00','D-679724090be6b',NULL
8204,Veg Clear Noodle Soup,'60.00','D-67972734ecb1d',0
8205,Chicken Clear Noodle Soup,'75.00','D-679727a881db6',0
8206,Chicken Mayo Roll,'56.00','D-6797586273216',0
8207,veg crispy,'35.00','D-6797589ae4a46',0
8208,Aloo Makai Tikki,'40.00','D-67975a029e57b',NULL
8209,Aloo Makai Tikki,'40.00','D-67975a42ce2f5',NULL
8210,Punjabi Egg Masala,'50.00','D-67975a63240ad',NULL
8211,Anda Chatpata,'55.00','D-67975a9b89ba1',NULL
8212,Masala Poha,'32.00','D-67976d964471c',NULL
8213,ALOO PAPDI CHAAT,'32.00','D-6798a8d707fdc',NULL
8214,HOUSE BAKED GREEN PEAS PATTY,'35.00','D-6798a91ab3510',0
8215,Paneer Paratha,'55.00','D-67994ebe64a3a',NULL
8216,Mix Veg Paratha,'55.00','D-67994ef2f006f',NULL
8217,PARATHA / 1 Piece,'35.00','D-67994f678c8e4',NULL
8218,Belladanna,'40.00','D-679989751f32d',NULL
8219,Boiled Eggs,'20.00','D-67998a1684524',NULL
8220,Soya Kheema Paratha,'35.00','D-6799925709b08',0
8221,Mix Veg Pakoda,'35.00','D-679992e490cfa',0
8222,HOUSE BAKED  MASALA POTATOES,'35.00','D-6799a3820f2b7',0
8223,Oriental Veg Meal,'140.00','D-6799baa3ce287',NULL
8224,Oriental Non Veg Meal,'160.00','D-6799bc857daf2',NULL
8225,Chicken in Teriyaki Sauce Bean Curd Veg Fry Rice,'120.00','D-6799c3718767c',NULL
8226,Asian Green in Black Pepper Sauce Veg  Fry Rice,'100.00','D-6799c3e0e5af1',NULL
8227,tawa anda pav,'38.00','D-6799cbf1edaad',NULL
8228,Ratatouille Ala Provencale broken wheat piaf,'100.00','D-6799cd1698c6c',NULL
8229,Dhabha style egg fry,'50.00','D-6799fffe9c648',NULL
8230,Cocktail Samosa,'40.00','D-679a03bc7fec4',NULL
8231,Dhaba Style Egg Fry,'50.00','D-679a03dcbae66',NULL
8232,Mysore Masala Dosa,'55.00','D-679a0415cdff9',NULL
8233,Cocktail samosa,'40.00','D-679a0b3b4d073',NULL
8234,ALOO PARATHA,'50.00','D-679accd47749c',NULL
8235,GOBI  Mutter   Paratha,'55.00','D-679acd0a28db0',0
8236,Thai Spiced Lemongrass chicken with veg rice,'120.00','D-679b1333616ad',NULL
8237,Thai Spiced Exotic Veg Lemongrass with veg rice,'100.00','D-679b139f8d404',NULL
8238,Special - Tomato & Bocconcini Open Sandwich,'120.00','D-679b2314589d8',NULL
8239,Rava Fried Pomfret,'350.00','D-679b240276f25',0
8240,House Baked Sweet Potato,'38.00','D-679b241a1af27',1
8241,Chilli Paneer Dosa,'80.00','D-679b37e778c2a',NULL
8242,Chilli Paneer Dosa,'80.00','D-679b38301b1db',NULL
8243,Pepper Mushroom Dosa,'80.00','D-679b386a2f9a2',NULL
8244,Pepper Mushroom Dosa,'80.00','D-679b38a955bfb',NULL
8245,Corn,onion & Cheese Dosa','80.00',1
8246,Corn,onion & Cheese Dosa','80.00',1
8247,Szechwan Noodles Dosa,'80.00','D-679b391f5da5b',NULL
8248,Szechwan Noodles Dosa,'80.00','D-679b396c36541',NULL
8249,Gongura Masala Dosa,'80.00','D-679b398ecf43f',NULL
8250,Gongura Masala Dosa,'80.00','D-679b39d578909',NULL
8251,Banana and Nuts Dosa and Chocolate,'80.00','D-679b39f51c671',NULL
8252,Banana and Nuts Dosa and Chocolate,'80.00','D-679b3a34284f6',NULL
8253,Adai Dosa with Chettinad Avail,'80.00','D-679b3a57ab04d',NULL
8254,Adai Dosa with Chettinad Avail,'80.00','D-679b3a82cf969',NULL
8255,Paneer Keema Dosa,'80.00','D-679b3aa2a57ad',NULL
8256,Paneer Keema Dosa,'80.00','D-679b3acce7aaf',NULL
8257,Ghee Podi Dosa,'80.00','D-679b3af6f3941',NULL
8258,Ghee Podi Dosa,'80.00','D-679b3b309137c',NULL
8259,MLA Pesarattu Dosa,'80.00','D-679b3b531e9e4',NULL
8260,MLA Pesarattu Dosa,'80.00','D-679b3b82d92bd',NULL
8261,Madurai Mutton Kari Curry Dosa,'150.00','D-679b3bb40e92b',NULL
8262,Madurai Mutton Kari Curry Dosa,'150.00','D-679b3bdf4240a',NULL
8263,Prawn & Egg Thokku Dosa,'120.00','D-679b3bff950e0',NULL
8264,Prawn & Egg Thokku Dosa,'120.00','D-679b3c349a331',NULL
8265,Egg and Onion Dosa,'90.00','D-679b3c54df4c5',NULL
8266,Egg and Onion Dosa,'90.00','D-679b3c7a7bd1a',NULL
8267,Chicken Keema Dosa,'100.00','D-679b3c9a4564c',NULL
8268,Chicken Keema Dosa,'100.00','D-679b3cc7355d2',NULL
8269,Chili Chicken Dosa,'100.00','D-679b3ceb2a9bc',NULL
8270,Chili Chicken Dosa,'100.00','D-679b3d12941b3',NULL
8271,Kavuni Rice Pongal,'80.00','D-679b3d50f40ed',NULL
8272,Kavuni Rice Pongal,'80.00','D-679b3d9ec6249',NULL
8273,Akkaravadisal Pongal,'70.00','D-679b3df81da83',NULL
8274,Akkaravadisal Pongal,'70.00','D-679b3e3544932',NULL
8275,Thavala Vadai,'50.00','D-679b3e5d18fc5',NULL
8276,Thavala Vadai,'50.00','D-679b3e897ad0d',NULL
8277,Raw Banana Bajji,'50.00','D-679b3ea703658',NULL
8278,Hare mutter tikki,'40.00','D-679b4e9bedb9a',NULL
8279,Vagetable keema kulcha,'50.00','D-679b4ef476230',NULL
8280,Raw Banana Bajji,'45.00','D-679b52e41f122',0
8281,Hare Mutter Tikki,'40.00','D-679b54341da93',NULL
8282,Hare Mutter Tikki,'40.00','D-679b545f80acd',NULL
8283,Mooli paratha,'55.00','D-679c30c3e1d90',NULL
8284,Paneer Paratha,'35.00','D-679c38aebba13',0
8285,Chole Bhature,'51.00','D-679c5891f3564',0
8286,Chicken in Massaman curry Sauce  Veg Fried Rice,'120.00','D-679c6611035c1',NULL
8287,Vegetables Fried Rice with Massaman Curry,'100.00','D-679c665c9517c',NULL
8288,Veg Tom Yum Soup,'60.00','D-679c788c57638',0
8289,Non-Veg Tom Yum Soup,'75.00','D-679c78ae49839',0
8290,Potato & Cheese Shots,'45.00','D-679ca06ae8707',0
8291,Potato & Cheese Shots,'40.00','D-679ca0ef0f335',NULL
8292,Andhra Pulao,'40.00','D-679ca11608e51',NULL
8293,Andhra Pulao,'40.00','D-679ca14fdb87c',NULL
8294,Soya Chilly,'35.00','D-679ca14539a9b',0
8295,Chicken Tikka Pav,'51.00','D-679ca81283802',NULL
8296,Thalipeeth,'35.00','D-679df84e605f1',0
8297,Karumilagu kozhi,'65.00','D-679dfa7a38c8b',NULL
8298,BERRY BLAST MILKSHAKE,'55.00','D-679fec15f2f24',0
8299,APPLE CINNAMON MILKSHAKE,'50.00','D-679fec64787a7',NULL
8300,KESAR PISTA LASSI,'44.00','D-679fed37c20ed',0
8301,AJWAIN BUTTERMILK,'33.00','D-679fed9db9c7e',0
8302,VEGETARIAN BANH MI,'80.00','D-679ff06a1ef27',0
8303,BBQ PULLED CHICKEN & PEPPER S/W,'100.00','D-679ff0d0ab4d0',0
8304,QUINOA AND ROASTED VEGETABLE,'90.00','D-679ff11c5514f',NULL
8305,CHICKEN CUCUMBER & PEPPER SALAD,'110.00','D-679ff17e96a00',0
8306,MANGO MINT COCONUT SMOOTHIE,'70.00','D-679ff1ca46c3e',0
8307,SUPERFOOD PARFAIT,'110.00','D-679ff2a26c002',0
8308,SPINACH CITRUS PUNCH,'60.00','D-679ff4722dc28',0
8309,CORN PARATHA,'50.00','D-67a01a48e67ce',NULL
8310,CLASSIC CREAMY VEGETABLE STUFFED OMELETTE,'65.00','D-67a01c01e7d45',NULL
8311,CLASSIC TOMATO & VEGGIE TART,'50.00','D-67a01c90b16c5',NULL
8312,MINT LIME CHIA COOLER,'50.00','D-67a0232728a0c',NULL
8313,Thailand Steamed panang curry with peanut & brown,'120.00','D-67a0585f7fce5',NULL
8314,Thailand exotic vegetable panang  curry peanut,'100.00','D-67a058c71f73d',NULL
8315,Smoky BBQ Paneer Steak,Veg Raggout Millet','110.00',1
8316,Spanish Chicken with herbed semolina mash,'130.00','D-67a065d42570c',NULL
8317,Chimichurri Prawns & Cucumber yogurt,'160.00','D-67a0665042248',NULL
8318,HESARUKALU KHICHDI,'45.00','D-67a1630cd0c05',0
8319,HESARUKALU KHICHDI,'45.00','D-67a163481b738',0
8320,MASALA DALIYA,'40.00','D-67a16370b818c',NULL
8321,MASALA DALIYA,'40.00','D-67a163a7b424b',NULL
8322,Carrot Paratha,'50.00','D-67a16e9bb06cc',NULL
8323,Chicken bourguignon riz pilaf aux herbes,'120.00','D-67a197b9e374a',NULL
8324,Brazilian tofu and veg coconut tomato stew,'100.00','D-67a198162e619',NULL
8325,Harissa marinated paneer simple garlic mash citrus,'110.00','D-67a1afb86aadd',NULL
8326,Peri Peri Chicken Cake with Citrus Cous Cous,'130.00','D-67a1aff021b41',NULL
8327,Cilantro-Lime Prawn With Pumpkin Mash,Citrus','160.00',1
8328,House Baked Sprouts toast,'38.00','D-67a1de9f6b9c7',NULL
8329,Veg - Spice Bowl (HUNGARIAN),'95.00','D-67a1e94eab440',0
8330,NON Veg - Spice Bowl (HUNGARIAN),'110.00','D-67a1ead6acbe7',0
8331,Non Veg Live (ORIENTAL),'95.00','D-67a1ed218952c',0
8332,Non Veg - Live (THALASSERY CHICKEN DUM BIRYANI),'95.00','D-67a1ee194d1cd',0
8333,Chicken sausage,'30.00','D-67a223a4bd19f',NULL
8334,Carrot Paratha,'55.00','D-67a2be006b9d6',NULL
8335,Fresh Fruit Granola,'120.00','D-67a2e0b86dd0c',1
8336,Classic To Yum Gai Chicken Broth,Aromatic Soupy','120.00',1
8337,Classic Tom Yum Vegetable Broth,Aromatic Soupy','100.00',1
8338,Thyme Rubbed Grilled Chicken with robert sauce,'130.00','D-67a30bd80a716',NULL
8339,Basil Pesto Griiled Prawns,Parsley Rubbed Potato','160.00',1
8340,LUCKNOWI VEG DUM BIRYANI,'83.00','D-67a311bc92011',NULL
8341,LUCKNOWI CHICKEN DUM BIRYANI,'95.00','D-67a3129e5c87a',NULL
8342,Masala French Toast,'38.00','D-67a33e7fa2b9f',1
8343,House baked Wada pav,'35.00','D-67a33edd45176',0
8344,Rawa Chilla,'32.00','D-67a33f1810b71',1
8345,Masala French Toast (EGG),'42.00','D-67a34279e19b8',0
8346,peas paratha,'55.00','D-67a41059bfd26',NULL
8347,Veg Live -  (FRENCH),'95.00','D-67a42a8df17cf',0
8348,Non Veg - Spice Bowl (FRENCH),'110.00','D-67a42ba9a6ac5',0
8349,Non Veg Live - (NORTH INDIAN),'95.00','D-67a4355e9c9c3',0
8350,Veg Live -(THALASSERY VEG DUM BIRYANI),'83.00','D-67a435cde8530',0
8351,Veg Live (ITALIAN),'83.00','D-67a4377ada842',0
8352,Veg Live - (NORTH INDIAN],'83.00','D-67a438ad91caf',0
8353,Non Veg Live - (arabik),'95.00','D-67a43ad539d27',0
8354,Veg Cream Of Broccoli Soup,'50.00','D-67a44e82514cf',NULL
8355,Cream Of Broccoli Soup With Chicken,'60.00','D-67a44edd3869c',NULL
8356,Butternut Squash,tofu veg & Chickpea Stew','100.00',1
8357,Butternut Squash Chicken Veg & Chickpea stew,'120.00','D-67a451da95d05',NULL
8358,Honey Mustard Grilled Chicken,Herbed Samolina','130.00',1
8359,Spicy Harissa Charred Prawns,Butternut Squash','160.00',1
8360,Maple-Mustard Paneer,Citrus Cous Cous,Spiced',0
8361,Veg Live (Chinese),'83.00','D-67a460329371a',NULL
8362,Aloo Bonda,'35.00','D-67a469f85cca2',0
8363,House Baked Methi Crispy Stick,'38.00','D-67a46bab4e6d7',1
8364,Punjabi Samosa,'35.00','D-67a46dc4e4fd2',0
8365,Spring Onion Garlick Paratha,'32.00','D-67a47151127a2',1
8366,Non Veg Live (Chinese),'95.00','D-67a4890c05d5f',0
8367,Veg Spice Bowl - (SPANISH),'95.00','D-67a489a885715',0
8368,Non Veg Bowl - (SPANISH),'110.00','D-67a48ae51c4a4',0
8369,Kaikari brinjal,'40.00','D-67a4900102be6',NULL
8370,Kai Kari brinjal,'40.00','D-67a4901bcb8de',NULL
8371,Chapati,'15.00','D-67a49adc70b6e',NULL
8372,AVAREKALU BATH,'45.00','D-67a528e14097a',0
8373,AVAREKALU BATH,'45.00','D-67a52aa18d3ef',0
8374,Onion paratha,'55.00','D-67a564b4e96a4',NULL
8375,Potato Wedges,'38.00','D-67a56f6c83cec',NULL
8376,Mumbai Misal Pav,'35.00','D-67a57a6764f0c',0
8377,Dal Kachori,'35.00','D-67a57ac3eefba',NULL
8378,Green Pea Mint Soup Veg,'50.00','D-67a59733d2201',NULL
8379,Green Pea Mint Soup With Chicken,'60.00','D-67a5979f1dbbf',NULL
8380,Jungle Style Chicken Gaeng Pa,Aromatic Malaysian','120.00',1
8381,Jungle Style Veg Gaeng Pa,Aromatic Malaysian','100.00',1
8382,Lemon Dill Paneer Steak,Broken wheat pilaf parsley','100.00',1
8383,Zatar Spiced prawns olive tepanade classic cabbage,'150.00','D-67a5a7986a416',NULL
8384,Vangi Bath,'40.00','D-67a5e0bc1a2eb',NULL
8385,Vangi Bath,'40.00','D-67a5edf4d5b57',NULL
8386,GODI UPPITU,'45.00','D-67a67f62515f9',0
8387,Baked Egg,'38.00','D-67a72b0cdbf7c',NULL
8388,Baked Egg,'42.00','D-67a72c4b0e09e',0
8389,Chicken Tikka Pizza,'100.00','D-67a72e2e42f0c',1
8390,Grilled Chicken Pizza,'100.00','D-67a72e8f7ba2e',1
8391,Paneer Tikka Pizza,'90.00','D-67a72f6c548cc',1
8392,Exotic Vegetable and Roasted Garlic Pizza,'90.00','D-67a72f98372bc',1
8393,Fresh Strawberry Pastry,'100.00','D-67a7301c1875b',1
8394,White Chocolate Truffles,'20.00','D-67a7312911151',1
8395,Dark Chocolate Truffles,'20.00','D-67a73182bdf8f',1
8396,Aloo Tawa Toast,'38.00','D-67a7354b51f4b',NULL
8397,House Baked Masala French Toast,'38.00','D-67a735db74709',0
8398,SAFFRON & DRY FRUIT MILKSHAKE,'55.00','D-67a918d532768',0
8399,COCONUT LASSI,'44.00','D-67a919397b404',0
8400,CHILI MINT BUTTERMILK,'33.00','D-67a9197dca465',0
8401,DRAGON FRUIT CHIA LIME WATER,'50.00','D-67a91a04bf44d',NULL
8402,SOY PULLED CHICKEN AND  CABBAGE PINEAPPLE SLAW S/W,'90.00','D-67a91fd326ce2',NULL
8403,CHICKEN AND VEGETABLE PESTO SALAD,'110.00','D-67a92093a867c',0
8404,TOMATO BASIL BOOST,'60.00','D-67a920d806780',0
8405,BANANA NUT CRUNCH SMOOTHIE,'70.00','D-67a92131427c3',0
8406,BANANA DRY DATE PROTEIN PARFAIT,'110.00','D-67a9218caafec',0
8407,ROASTED RED PEPPER AND COTTAGE CHEESE S/W,'80.00','D-67a9225eb09b2',0
8408,TURKISH MENEMEN,'60.00','D-67a925d06a706',NULL
8409,SWEET OATS PORRIDGE,'55.00','D-67a9260973921',NULL
8410,Chicken & Creamy Corn Chowder,Garlic Parmesan','120.00',1
8411,Three Pepper Cottage Cheese Malfati in Mama Rosa,'100.00','D-67a99940f3aac',NULL
8412,Rosemary & Garlic Paneer Steak,Roasted Garlic','110.00',1
8413,Chargrilled Coconut Lime Prawns,Roasted','160.00',1
8414,Mexican Chicken With Herbed Semolina Mash,'130.00','D-67a99da2cf424',NULL
8415,House Baked Masala French Fries,'38.00','D-67a9af6268aee',NULL
8416,House Baked Masala Seasame  Toast,'38.00','D-67a9b1ab09958',NULL
8417,Chicken Chinthamani Dry,'60.00','D-67a9c9d755f17',NULL
8418,Chicken Chinthamani Dry,'60.00','D-67a9ca144cb82',NULL
8419,Veg Spice Bowl - (MALAYSIAN),'95.00','D-67a9de9879fa5',0
8420,Non Veg Spice Bowl - (MALAYSIAN),'110.00','D-67a9dec538ee6',0
8421,Veg -  Spice Bowl (PORTUGAL),'95.00','D-67a9df70d46da',0
8422,Non Veg - Spice Bowl (PORTUGAL),'110.00','D-67a9e03cde927',0
8423,Soya Tikki,'35.00','D-67aac42e938c4',0
8424,Exotic Veg Penne Pasta in Creamy Pesto Parmesan,'100.00','D-67aae2ee0b2e0',NULL
8425,Roasted Chicken penne Pasta Primevera Parmesan,'120.00','D-67aae383f2b7e',NULL
8426,Turkish Chicken Steak with Citrus Cous cous,'130.00','D-67aae406210fb',NULL
8427,Chipotle Honey Glazed Prawns,Three Pepper Millet','160.00',1
8428,Cajun Cottage Cheese,Ragu Vegetable,Sauce',0
8429,Lime Mint,'20.00','D-67ab10bfd4a49',NULL
8430,Cucumber Mint,'38.00','D-67ab10f108960',NULL
8431,Bitter Gourd / Mint Lemon,'38.00','D-67ab13543b1f7',NULL
8432,Egg Pepper Roast,'50.00','D-67ab1dcd28618',NULL
8433,Egg Pepper Roast,'50.00','D-67ab1ee8ae25a',NULL
8434,Chatpata aloo chana chaat,'45.00','D-67ab218096081',1
8435,BALEKAYI BAJJI,'40.00','D-67abbf9c3959f',NULL
8436,Double Hot Chocolate Combo With Cookies,'220.00','D-67abfa2379f08',NULL
8437,Baked Rosti (Cutlet Style),'38.00','D-67abfed098ef9',NULL
8438,Veg - Spice Bowl (Sichuan ),'95.00','D-67ac015e2c1d9',NULL
8439,Non Veg - Spice Bowl (Sichuan),'110.00','D-67ac02251b367',NULL
8440,House Baked Veg Puff,'35.00','D-67ac05ad1461f',0
8441,Thai Coleslaw & Coconut Wrap,'45.00','D-67ac35b0c1bfe',NULL
8442,Classic Roasted Italian Chicken Robert Sauce,'130.00','D-67ac3642e3041',NULL
8443,Steamed Vegetable & Roasted Potato,Robert Sauce','110.00',1
8444,Pollo Alla Griglia with Robert Sauce,Parsley','130.00',1
8445,Fresh Basil & Lemon Grilled Prawns,Pesto Roasted','160.00',1
8446,Roasted Red Pepper Paneer,Sweet Corn','110.00',1
8447,Thai Coleslaw & Coconut Wrap,'45.00','D-67ac4150cee39',NULL
8448,Khaugalli Butter Dabeli,'45.00','D-67ac42e19f112',NULL
8449,Khaugalli Butter Dabeli,'45.00','D-67ac431befd8d',NULL
8450,Bittuwale Harabhara Kebab,'45.00','D-67ac437cb7562',NULL
8451,Hara Bhara Kebab,'45.00','D-67ac43aae7990',NULL
8452,Green Peas Paratha,'35.00','D-67ac51e335586',0
8453,Veg - Spice Bowl (HUNAN),'95.00','D-67ac6eacb1a89',NULL
8454,Non Veg  Spice Bowl  - (FRENCH),'110.00','D-67ac6f3569c37',0
8455,Veg - Spice Bowl (Lebanee),'95.00','D-67ac70b8c9151',NULL
8456,Non Veg - Spice Bowl (HUNAN),'110.00','D-67ac7112ab7d1',0
8457,Veg - Spice Bowl (FRENCH),'95.00','D-67ac720f1377f',0
8458,PODI RICE,'40.00','D-67ace5ae0f1b3',NULL
8459,UDUPI VEG PULAO,'45.00','D-67ad09122937d',0
8460,UDUPI VEG PULAO,'45.00','D-67ad095628caf',0
8461,PICKEL IDLI,'40.00','D-67ad0a8c44274',NULL
8462,PICKEL IDLI,'40.00','D-67ad0ac5842fc',NULL
8463,Mix Sprout Chat,'35.00','D-67ad6d60d12e9',NULL
8464,House Baked Mini Pizza,'51.00','D-67ad6e0f773e5',0
8465,Chicken Hot Dog,Orange Cheddar,French Mustard',0
8466,Classic Cottage Cheese Hot Dog,Orange Cheddar','110.00',1
8467,Lebanese Shish tawook chicken,Creamed Bokchoy','130.00',1
8468,Brown Sugar & Soy Chargrilled prawns roasted,'160.00','D-67ad8b43019b5',NULL
8469,Balasmic Glazed Paneer,spinach & mushroom risotto','110.00',1
8470,Spinach Idli,'40.00','D-67ad9f040f492',0
8471,Corn Aloo Toast,'35.00','D-67ad9f69c71af',0
8472,Sionwale Dal Pakwan,'45.00','D-67adb35eb71be',NULL
8473,Sionwale Dal Pakwan,'45.00','D-67adb390c22dd',NULL
8474,Kuti Mirch Ke Puri AUR Hingwale Aloo Subzi,'45.00','D-67adb4087c74f',NULL
8475,Kuti Mirch Ke Puri AUR Hingwale Aloo Subzi,'45.00','D-67adb474d8b59',NULL
8476,Vegetable Momo - 4pcs,'70.00','D-67adb77753661',0
8477,Vegetable Momo - 4pcs,'70.00','D-67adb79be05a5',0
8478,Karachi Bhuna Paneer Khati Roll,'60.00','D-67adb9f74eff3',0
8479,Karachi Bhuna Paneer Khati Roll,'60.00','D-67adba1e94474',0
8480,Mediterranean Oven Roasted Vegie & Pesto SW,'75.00','D-67adbaab485ba',NULL
8481,Mediterranean Oven Roasted Vegie & Pesto SW,'75.00','D-67adbae2d8e20',NULL
8482,Chicken Momo - 4pcs,'80.00','D-67adbb6bf423f',0
8483,Chicken Momo - 4pcs,'80.00','D-67adbba599c0c',0
8484,Chicken Tikka,'75.00','D-67adbe34a6ee4',NULL
8485,Muthia,'38.00','D-67adc1e9490c3',NULL
8486,Kadi Samosa,'35.00','D-67adc628555a3',0
8487,House Baked Paneer Dhokla,'35.00','D-67adc666630d9',0
8488,Punjabi anda masala dry,'50.00','D-67adca9e861bf',NULL
8489,Punjabi anda masala dry,'50.00','D-67adcabcdab5d',NULL
8490,VANGI BHAT,'45.00','D-67ae579a85d4c',0
8491,Veg - Spice Bowl (VIETNAMESE),'95.00','D-67aeac6574e5d',0
8492,Veg Live - (INDIAN),'83.00','D-67aeacb0cdbaf',0
8493,Chicken Cheese Burger,'70.00','D-67aeb0197e6ff',0
8494,House Baked Seasme Toast,'42.00','D-67aeb0c712104',0
8495,Hot Chocolate with Butter Croissant,'120.00','D-67aeb16cab1fe',1
8496,Roasted Veg & Chicken in Creamy Peri Peri Sauce,'120.00','D-67aedb539fd10',NULL
8497,Roasted Vegetable & Cottage Cheese in Creamy,'100.00','D-67aedb9fd4cfc',NULL
8498,Dukkah Spice Grilled Prawns,Olive Citrus cous cous','160.00',1
8499,Smoked Paprika Paneer Slabs,Roasted red peeper','110.00',1
8500,Classic Mustard & Herb Rubbed Chicken,Tossed','130.00',1
8501,Moong Dal Kachori,'45.00','D-67aefdd4557d2',NULL
8502,Arabic Style Falafel Wrap,'45.00','D-67aefe2f94374',0
8503,Arabic Style Falafel Wrap,'45.00','D-67aefe88a4c6f',0
8504,Paneer Pakoda,'45.00','D-67af01ac04704',0
8505,Paneer Pakoda,'45.00','D-67af01dd8ca86',0
8506,Moongh Dal Chilla,'45.00','D-67af024bcee63',NULL
8507,Moongh Dal Chilla,'45.00','D-67af028c371d6',NULL
8508,Thai  Style Cottage Cheese Wrap,'60.00','D-67af02e386e45',0
8509,Thai Style Cottage Cheese Wrap,'60.00','D-67af03278fb5d',0
8510,Idaho Style Jacket Potato,'45.00','D-67af046e0d769',NULL
8511,Idaho Style Jacket Potato,'45.00','D-67af05274f163',NULL
8512,Park Street Chicken & Egg Roll,'75.00','D-67af0971acfff',NULL
8513,Park Street Chicken & Egg Roll,'75.00','D-67af09ad5ff1e',NULL
8514,Aloo tikki,'40.00','D-67af1b885b927',1
8515,House Baked Dhokla,'35.00','D-67b03265308fd',0
8516,House Baked Cheese Chilly Toast,'51.00','D-67b03c3d36074',NULL
8517,Tandoori Veg Combo,'110.00','D-67b043295cbc4',0
8518,Tandoori Non - Veg Combo,'130.00','D-67b0437fb6251',0
8519,South Indian Veg Thali,'100.00','D-67b04465a087d',0
8520,South Indian Non Veg Thali,'110.00','D-67b044b132b32',0
8521,Mango Lassi,'65.00','D-67b06ee703f85',1
8522,Prawns Butter Garlic Dry,'130.00','D-67b1db10222c9',NULL
8523,Prawns Chilli Garlic Dry,'130.00','D-67b1db34285cc',NULL
8524,Prawns Manchurian Dry,'130.00','D-67b1db5bad9c1',0
8525,Prawns Butter Garlic Sauce,'130.00','D-67b1db9e344c6',NULL
8526,Prawns Chilli Garlic Sauce,'130.00','D-67b1dbcde8366',NULL
8527,Prawns Manchurian Sauce,'130.00','D-67b1dbf6375a1',NULL
8528,Fish Butter Garlic Sauce,'110.00','D-67b1dc2ddf751',NULL
8529,Fish Chilli Garlic Sauce,'110.00','D-67b1dc573630c',NULL
8530,Fish Manchurian Sauce,'110.00','D-67b1dc8568f45',NULL
8531,Greek Salad,'300.00','D-67b1e019d5910',0
8532,Prawns Chilli Garlic Noodles,'130.00','D-67b1e03ec7676',NULL
8533,Banana Coconut Chia Smoothie,'70.00','D-67b204967040c',0
8534,Watermelon Veggie Refresher,'60.00','D-67b20504754e3',0
8535,Coconut Almond Crunch with Wild Berry Parfait,'110.00','D-67b2070555fcb',0
8536,Aloo Tikki & Rosemary Pepper,Tzatziki S/W','80.00',1
8537,Chicken Pesto  S/W,'100.00','D-67b20795149af',0
8538,Chopped Mediterranean Salad,Maple Mustard','95.00',1
8539,Thai Chicken & Vegetable Salad,Thai Ginger','110.00',1
8540,Chettinadu Chicken Curry,'65.00','D-67b2213e4ffa5',0
8541,Kandari Murgh,'65.00','D-67b2217b3a2b5',0
8542,HAZELNUT MOCHA MILKSHAKE,'55.00','D-67b25a6ddae06',0
8543,LEMON & BERRY INFUSED CHIA WATER,'55.00','D-67b25c0f0919f',0
8544,ELAICHI CHIA MILKSHAKE,'55.00','D-67b25d336ea78',0
8545,ELAICHI CHAI MILKSHAKE,'55.00','D-67b25d336ea78',0
8546,PUNJABI ROSE LASSI,'44.00','D-67b25e42f160a',0
8547,Salted Buttermilk,'33.00','D-67b25ec09fc84',0
8548,HESARUBELE IDLI,'42.00','D-67b2691993e3c',0
8549,HESARUBELE IDLI,'42.00','D-67b269efdff01',0
8550,ONION BONDA,'45.00','D-67b26abca066f',0
8551,Egg & Veg Fritatta,'65.00','D-67b2a1075d875',0
8552,Caponata crostini,'55.00','D-67b2a12a52ac5',0
8553,Lemon & Dill roasted potatoes,'45.00','D-67b2a159cc346',0
8554,Cold Brew/ Flavour,'125.00','D-67b2b1ab556fc',0
8555,Samosa,'22.00','D-67b2b2b06871e',0
8556,Samosa,'22.00','D-67b2b3d7120a4',0
8557,Black Tea,'11.00','D-67b2b843e03f6',0
8558,Seasonal Veg & Roasted Chicken Penne,'130.00','D-67b2baec87949',0
8559,Seasonal Veg &  Penne,Creamy','110.00',1
8560,Multigrain Sour Bread,'60.00','D-67b2bc4cce35e',1
8561,Multigrain Panini,'50.00','D-67b2bc8cd1bdc',1
8562,Whole Wheat Bread Loaf,'45.00','D-67b2bcbcbece4',1
8563,Garlic Bread,'45.00','D-67b2bcf88f6f0',1
8564,Caramelized Onion & Olives Loaf,'40.00','D-67b2bd2c77e9c',1
8565,Veg - Spice Bowl (MEXICAN),'95.00','D-67b2c1be29a60',0
8566,Non Veg - Spice Bowl (MEXICAN),'110.00','D-67b2c21fe715c',0
8567,Hesarubele Idly,'45.00','D-67b2dae2db512',0
8568,Hesarubele Idly,'45.00','D-67b2db39e9632',0
8569,Crunchy Aloo Pakora,'45.00','D-67b2db648e053',0
8570,Crunchy Aloo Pakora,'45.00','D-67b2dba823b4b',0
8571,Besan Chilla,'45.00','D-67b301b20f1bf',NULL
8572,Hyderabadi Khagina,'42.00','D-67b303e1c1bcc',0
8573,Non Veg - Spice Bowl (TURKISH),'110.00','D-67b30537056df',0
8574,Veg - Spice Bowl (TURKISH),'95.00','D-67b305a36137f',0
8575,Crunchy aloo pakoda,'40.00','D-67b3096f7d269',1
8576,Chicken Harayali,'60.00','D-67b309ddca7fc',1
8577,Hesarubele Idly,'42.00','D-67b30c888456e',0
8578,Balsamic Glassed Vegetable in Bagel Bread,'45.00','D-67b30e677360b',NULL
8579,Balsamic Glassed Vegetable in Bagel Bread,'45.00','D-67b30e873dafe',NULL
8580,Langarwale Kale Chana & Puri,'45.00','D-67b30fdf27935',NULL
8581,Langarwale Kale Chana & Puri,'45.00','D-67b3104d7b2d5',NULL
8582,Chicken Hariyali,'65.00','D-67b311b6e4c73',0
8583,Chicken Hariyali,'65.00','D-67b312741012b',0
8584,Hesarubele Idly,'45.00','D-67b313159d418',0
8585,Battani Pulao,'45.00','D-67b31fb39d1e0',0
8586,Battani Pulao,'45.00','D-67b31fefeb7dd',0
8587,Tomato Poha,'45.00','D-67b3212485bee',0
8588,Tomato Poha,'45.00','D-67b3215ba6ff2',0
8589,Non Veg Combo ( Mini Meal ),'61.00','D-67b326e4a843b',0
8590,VEGETABLE DONNE BIRYAN,'100.00','D-67b384b24bffb',0
8591,CHICKEN DONNE BIRYANI,'140.00','D-67b38554f04cf',0
8592,EGG CURRY WITH  TAWA PARATHA,'65.00','D-67b385f76bb23',0
8593,Tawa Paratha with Veg curry,'55.00','D-67b386b05fa2e',0
8594,CHICKEN CURRY WITH  TAWA PARATHA,'75.00','D-67b386dd9a0cd',0
8595,BATANI PULAO,'45.00','D-67b3aac2438ae',0
8596,BATANI PULAO,'45.00','D-67b3aaed6c037',0
8597,Grape Juice,'35.00','D-67b3f3d48c3d7',0
8598,Griled Fish,'125.00','D-67b3f5bc53190',0
8599,Coconut cheese & veg coconut cream stew herb rice,'110.00','D-67b4215691e92',0
8600,Braised chicken & veg aromatic stew herb rice,'130.00','D-67b42196a784b',0
8601,Fried Chicken Wings,'75.00','D-67b44b643d1c0',0
8602,Mexican Spice Veg Bean Buritto,'45.00','D-67b44bb413812',0
8603,Mexican Spice Veg Bean Buritto,'45.00','D-67b44bd223ced',0
8604,Tomato Basil Sandwich in Panini Bread,'45.00','D-67b44c4c8e760',0
8605,Tomato Basil Sandwich in Panini Bread,'45.00','D-67b44c9de63c8',0
8606,Paneer  Chilli,'45.00','D-67b44ccecda9f',0
8607,Paneer Chilli,'45.00','D-67b44d0318376',0
8608,Anda chatpata,'65.00','D-67b456b476e1d',0
8609,Anda chatpata,'65.00','D-67b456d7baeee',0
8610,Kolkata chicken fry,'65.00','D-67b456f69f24c',0
8611,Kolkata chicken fry,'65.00','D-67b4572565c5a',0
8612,Anda chatpata,'55.00','D-67b45779ea25f',0
8613,Anda chatpata.,'55.00','D-67b457944f195',0
8614,Palak idly,'42.00','D-67b457e228ac2',0
8615,Non Veg Live (GUJRATI),'95.00','D-67b457bbc1e60',0
8616,Veg Live (GUJRATI),'83.00','D-67b45867a4833',0
8617,Smoked Quinoa Gallets with Cucumber Chutney,'45.00','D-67b45f72420bf',0
8618,Smoked Quiona Gallets with Cucumber Chutney,'45.00','D-67b45f9ded824',0
8619,Chicken Yakitori,'75.00','D-67b46128785d4',0
8620,Chicken Yakitori,'75.00','D-67b46154bfd0a',0
8621,VEG BIRYANI,'100.00','D-67b4cd83a93be',0
8622,CHICKEN BIRYANI,'140.00','D-67b4cdc5eaef0',0
8623,PAV  BHAJI,'55.00','D-67b4cea593ff2',0
8624,CHAPATHI   CHICKEN  curry,'75.00','D-67b4d0d07285c',0
8625,CHAPATHI   EGG CURRY,'65.00','D-67b4d10933f32',0
8626,VEG MINI MEAL,'55.00','D-67b4d149269e2',0
8627,CHICKEN MINI MEAL,'70.00','D-67b4d183be68b',0
8628,EGG MINI MEAL,'65.00','D-67b4d1b12391d',0
8629,Berry Smoothie,'70.00','D-67b563bc72718',0
8630,Classic Roasted Mexican Chicken,Robert Sauce','130.00',1
8631,Sweet Potato & Millet Steak,Spicy Spanish','110.00',1
8632,Makai Mutter Tikki,'45.00','D-67b58ccae7c5f',0
8633,Makai Mutter Tikki,'45.00','D-67b58d138fa34',0
8634,Green Peas Ghughra - 2pcs,'45.00','D-67b59ffd78544',0
8635,Fries,'35.00','D-67b5a02de79a3',0
8636,Green Peas Ghughra - 2pcs,'45.00','D-67b5a0514f1f1',0
8637,Mahim Subz Kulcha,'45.00','D-67b5a0966b88c',0
8638,Mahim Subz Kulcha,'45.00','D-67b5a0c231179',0
8639,Beetroot Kebab,'45.00','D-67b5a1b648c35',0
8640,Beetroot Kebab,'45.00','D-67b5a2337251e',0
8641,Loaded Potato Sticks with Avacado Dip,'45.00','D-67b5a44858cbf',0
8642,Loaded Potato Sticks with Guacamole Scoop,'45.00','D-67b5a774d905d',0
8643,Vegetable Dimsum - 4pcs,'70.00','D-67b5a794ed481',0
8644,Vegetable Dimsum - 4pcs,'70.00','D-67b5a888bd1f4',0
8645,Kanchipuram idly,'42.00','D-67b5b40ec9765',1
8646,Kanchipuram Idly,'42.00','D-67b5b72bbe158',0
8647,DOSA / TAWA PARATHA WITH EGG  ROAST,'65.00','D-67b622145eb5b',0
8648,DOSA/ TAWA PARATHA  WITH VEG CURRY,'55.00','D-67b62269de5a6',0
8649,DOSA/ TAWA PARATHA  WITH CHICKEN CURRY,'75.00','D-67b622e4139b9',0
8650,PANEER KATHI ROLL,'60.00','D-67b6273718c30',0
8651,VEG KATHI ROLL,'60.00','D-67b629f4c066d',0
8652,Veg Salt & Pepper,'42.00','D-67b6b805d2531',0
8653,Tadka Idli,'40.00','D-67b6b8dc3baab',0
8654,Seasonal Veg Chicken Penne Pasta,Bolognese Sauce','130.00',1
8655,Seasonal Veg Penne Pasta,Pomodoro Sauce','110.00',1
8656,Seasonal Veg Penne Pasta,Marinara Sauce','110.00',1
8657,Balasmic Glazed Paneer,spinach & mushroom risotto','110.00',1
8658,Crumb Fried Chicken Slider,'75.00','D-67b6eda82935c',0
8659,Crumb Fried Chicken Slider,'75.00','D-67b6edc4a9a66',0
8660,Crumb Fried Chicken Slider,'75.00','D-67b6ee23be66c',0
8661,Beetroot & Sweet Potato Croquettes,'45.00','D-67b6f2851378d',0
8662,Beetroot & Sweet Potato Croquettes,'45.00','D-67b6f2b28d656',0
8663,Paneer Oyster Chilli Dry,'100.00','D-67b6f2fb20a25',0
8664,Asian Greens Oyster Chilli Dry,'100.00','D-67b6f3364623b',0
8665,Amritsari Pindi Chole Paneer With Bhature,'45.00','D-67b6f3797054d',0
8666,Amritsari Pindi Chole Paneer With Bhature,'45.00','D-67b6f3ab9ccf3',0
8667,Paneer Makhani Khati Roll,'45.00','D-67b6f41855116',0
8668,Paneer Makhani Khati Roll,'45.00','D-67b6f439c7d20',0
8669,Veg Idly,'42.00','D-67b6fc2dacafa',0
8670,Veg Idly,'42.00','D-67b6fc705c798',0
8671,Murgh Bhuna Masala Dry,'65.00','D-67b6fcf113553',0
8672,Murgh Bhuna Masala Dry,'65.00','D-67b6fd44c82e6',0
8673,Veg Idly,'42.00','D-67b708f3a2fba',0
8674,Gongura Kodi Kura,'65.00','D-67b71a6eb48c3',0
8675,ANDRA VEG PULAO,'100.00','D-67b71b469366c',0
8676,Veg Biryani,'100.00','D-67b71b60578bb',0
8677,KODI PULAO,'140.00','D-67b71b7f8460c',0
8678,KODI PULAO,'140.00','D-67b71b9938ab9',0
8679,Honey Cake,'30.00','D-67b7332419021',0
8680,Cream Roll,'30.00','D-67b733acdbfc7',0
8681,Honey cake,'30.00','D-67b733f4b5ad9',0
8682,SEMIYA  PAYASAM,'45.00','D-67b79995f275a',0
8683,SEMIYA PAYASAM,'45.00','D-67b799db96f2f',0
8684,SEMIYA PAYASAM,'45.00','D-67b79a0def3f0',0
8685,SEMIYA PAYASAM,'45.00','D-67b79a527cc86',0
8686,Chicken Steak Burger,classic grilled patty','130.00',1
8687,Vegetable Burger,Mixed Veg Crispy,Caramelized',0
8688,Soya Gherkin Burger with Wasabi Mayo,'45.00','D-67b83adbefa96',0
8689,Steamed Corn,'45.00','D-67b83d1d64458',0
8690,Soya Gherkin Burger with Wasabi Mayo,'45.00','D-67b83d3e84119',0
8691,Smokey Vegetables & Cheese Wrap,'45.00','D-67b83d883e094',0
8692,Smokey Vegetables & Cheese Wrap,'45.00','D-67b83dcd0beff',0
8693,Steamed Corn,'45.00','D-67b83fb1586da',0
8694,Mumbai Toastee,'45.00','D-67b8434accc8a',0
8695,Mumbai Toastee,'45.00','D-67b84370b4773',0
8696,Ragi Idly,'42.00','D-67b84de24e114',0
8697,Ragi Idly,'42.00','D-67b84e1254d3e',0
8698,Ragi Idly,'42.00','D-67b84e3a742f6',0
8699,Beetroot Paratha,'35.00','D-67b94fa829093',0
8700,Non Veg - Spice Bowl (VIETNAMESE),'110.00','D-67b9531d61725',0
8701,Chicken Pakoda,'56.00','D-67b95749eeeb0',0
8702,Boiled Corn And Chana Chat,'35.00','D-67b9582a20a9e',0
8703,Mix veg paratha,'50.00','D-67ba868fa370e',0
8704,Mix veg paratha,'55.00','D-67ba88613a8d0',0
8705,Fig and Honey(1 Scoop),'60.00','D-67babe66dfb4c',1
8706,Vanilla,'50.00','D-67babec764c3f',1
8707,Dark Chocolate & Coconut (1 Scoop),'60.00','D-67babef6a3638',1
8708,Paper chicken,'65.00','D-67bafb8ad5b12',1
8709,Spinach & Corn Stuffed French Omelette,'65.00','D-67bb38a2174db',0
8710,Veg Pulao,'100.00','D-67bb390c4234e',0
8711,Chicken Pulao,'140.00','D-67bb39271337b',0
8712,Crispy Herb Roasted Potatoes,'45.00','D-67bb397b9f5ad',0
8713,Kadai Tawa Murgh,'65.00','D-67bb3a2a13048',0
8714,Paneer Schezwan Dry,'100.00','D-67bb54719bc74',0
8715,Veg Manchurian Schezwan Dry,'100.00','D-67bb549f80d87',0
8716,Asian Greens Schezwan Dry,'100.00','D-67bb54d0776fb',0
8717,Chicken Schezwan Dry,'110.00','D-67bb5541c8a6c',0
8718,Fish Schezwan Dry,'110.00','D-67bb556f5c8bf',0
8719,Prawns Schezwan Dry,'130.00','D-67bb55a75d5ba',0
8720,Veg Manchurian Sauce,'100.00','D-67bb55cd45404',0
8721,Asian Greens Schezwan Sauce,'100.00','D-67bb55f90671e',0
8722,Chicken Schezwan Sauce,'110.00','D-67bb561b857fe',0
8723,Fish Schezwan Sauce,'110.00','D-67bb564c623d1',0
8724,Prawns Schezwan Sauce,'130.00','D-67bb5670ce15e',0
8725,Veg Ginger Spring Onion Fried Rice,'70.00','D-67bb5698f0c48',0
8726,Egg Ginger Spring Onion Fried Rice,'80.00','D-67bb56bc7e380',0
8727,Chicken Ginger Spring Onion Fried Rice,'90.00','D-67bb56d7e85c5',0
8728,Prawns Ginger Spring Onion Fried Rice,'130.00','D-67bb56f689d3a',0
8729,Veg Babycorn & Mushroom Fried Rice,'70.00','D-67bb5716b10dd',0
8730,Egg Babycorn & Mushroom Fried Rice,'80.00','D-67bb57337c1d4',0
8731,Chicken Babycorn & Mushroom Fried Rice,'90.00','D-67bb5752a480d',0
8732,Prawns Babycorn & Mushroom Fried Rice,'130.00','D-67bb576f69a2f',0
8733,Veg Chilli Basil Noodles,'70.00','D-67bb57921c533',0
8734,Egg Chilli Basil Noodles,'80.00','D-67bb57acdf478',0
8735,Chicken Chilli Basil Noodles,'90.00','D-67bb57d592b03',0
8736,Prawns Chilli Basil Noodles,'130.00','D-67bb57f276025',0
8737,Veg Burnt Chilli Noodles,'70.00','D-67bb581870e58',0
8738,Egg Burnt Chilli Noodles,'80.00','D-67bb5837b4d7c',0
8739,Chicken Burnt Chilli Noodles,'90.00','D-67bb586375d1e',0
8740,Prawns Burnt Chilli Noodles,'130.00','D-67bb588a5d2d1',0
8741,DOSA WITH EGG CURRY,'65.00','D-67bb6297154e0',0
8742,DOSA  WITH CHICKEN CURRY,'75.00','D-67bb6321775ea',0
8743,DOSA   WITH  PANEER CURRY,'55.00','D-67bb63590e273',0
8744,ALOO GOBI KI TEHRI,'100.00','D-67bb6393b803a',0
8745,CHICKEN TAWA PULAO,'140.00','D-67bb63e7f362a',0
8746,Thandai Milkshake,'55.00','D-67bb87c4cbb7b',0
8747,BBQ PULLED CHICKEN AND CARAMELISED ONION S/W,'100.00','D-67bb937248e3f',0
8748,Coffee,'120.00','D-67bc0f12106a4',0
8749,Chicken Burger,'350.00','D-67bc1202db6b6',0
8750,Veg Burger,'300.00','D-67bc14574fc07',0
8751,Veg Pizza,'350.00','D-67bc15212716d',0
8752,Fresh Juice,'200.00','D-67bc18439232a',0
8753,Veg Sandwich,'300.00','D-67bc195a39cb9',0
8754,Chicken Sandwich,'350.00','D-67bc19cb24292',0
8755,Sub Veg Sandwich,'350.00','D-67bc1cd1a77f7',0
8756,Sub Chicken Sandwich,'400.00','D-67bc1d19dc1e4',0
8757,Soup Of The Day,'300.00','D-67bc28100bc95',0
8758,Grilled Chicken Caesar Salad,'350.00','D-67bc28de4bd88',0
8759,Crispy Chickpea Salad,'320.00','D-67bc29679f761',0
8760,Oats idly,'42.00','D-67bc3eced2d24',0
8761,Paneer Shawarma Wrap,'60.00','D-67bc3ed179676',0
8762,Oats idly,'42.00','D-67bc3eeba063b',0
8763,Karol Baug ke Chole Kulche,'45.00','D-67bc3f04c76e3',0
8764,Oats Idly,'42.00','D-67bc3f088e528',0
8765,Karol Baug ke Chole Kulche,'45.00','D-67bc3f30e5e57',0
8766,Garden Salad,'350.00','D-67bc402baf35d',0
8767,Veg Pasta,'450.00','D-67bc405adbed4',0
8768,Chicken Pasta,'550.00','D-67bc408f94fec',0
8769,Grilled Paneer,'450.00','D-67bc40e0b962a',0
8770,Grilled Chicken,'500.00','D-67bc410e20f62',0
8771,Grilled Fish,'550.00','D-67bc4147ea54f',0
8772,Chole with Paratha,'45.00','D-67bc5f36b2709',0
8773,Bisleri,'50.00','D-67bd3c547fadf',0
8774,Veen,'200.00','D-67bd3d372abb7',0
8775,Perrier,'165.00','D-67bd3d6a9e512',0
8776,Maaza,'100.00','D-67bd3dcc93afa',0
8777,Soft Drink,'40.00','D-67bd3f9844850',0
8778,Flavoured Coffee,'150.00','D-67bd3ff27f844',0
8779,Chicken Salami Sandwich,'170.00','D-67bd58c9219ee',0
8780,Tandoori chicken,'65.00','D-67bd638e3bfac',0
8781,Tandoori chicken,'70.00','D-67bd63a541968',0
8782,Honey Chilly Potato,'42.00','D-67bd715790613',0
8783,Ragda Samosa,'35.00','D-67bd71ed796e1',0
8784,Beetroot Idly,'42.00','D-67bd7998a1a85',0
8785,Beetroot Idly,'42.00','D-67bd79b3d4b38',0
8786,Beetroot Idly,'42.00','D-67bd79ce9f31f',0
8787,Veg Spice Bowl - (BURMESE),'95.00','D-67bd7f463dab5',0
8788,Khasta Paneer Lifafa,'45.00','D-67bd97cd8f429',0
8789,Khasta Paneer Lifafa,'45.00','D-67bd97f7ebbfa',0
8790,Soya Chaap Lollipop,'45.00','D-67bd98303f89c',0
8791,Soya Chaap Lollipop,'45.00','D-67bd985bd05fc',0
8792,Open Faced Tomato Mozzarella Sandwich,'45.00','D-67bd991d5179c',0
8793,Open Faced Tomato Mozzarella Sandwich,'45.00','D-67bd995297e0e',0
8794,NEER DOSA (3 PCS),'45.00','D-67bda3db4ec6a',NULL
8795,Chicken Pizza,'400.00','D-67bda6e316dad',0
8796,Aloo Onion Paratha,'55.00','D-67be38d9a5216',0
8797,CARROT IDLI,'42.00','D-67be713e9905b',0
8798,Classic Chicken Hot Dog,Orange Cheddar','130.00',1
8799,Classic Chicken Hot Dog,Orange Cheddar','130.00',1
8800,Classic Cottage Cheese Hot Dog,Orange Cheddar','110.00',1
8801,Carrot Idly,'42.00','D-67bece6207c07',0
8802,Carrot Idly,'42.00','D-67bece7dd3850',0
8803,Carrot Idly,'42.00','D-67becea2a1f8d',0
8804,Murgh Angara,'65.00','D-67beced9c1596',0
8805,Murgh Angara,'65.00','D-67becf3948726',0
8806,Tamatar Anda Masala,'55.00','D-67becf612420f',0
8807,Tamatar Anda Masala,'55.00','D-67becf9e85036',0
8808,Bittuwale Hara Bhara Kebab,'45.00','D-67becfe2df178',0
8809,Keerai Wadai,'35.00','D-67bfc794a621d',0
8810,Paneer 65,'42.00','D-67bfcbfcdbcdf',0
8811,Seasonal Veg Chicken Penne Pasta,Pesto Cream','130.00',1
8812,Seasonal Veg Penne Pasta,Pesto Cream Sauce','110.00',1
8813,Balsamic Glazed Paneer,Spinach & Mushroom','110.00',1
8814,Vanilla Pan Cake,'90.00','D-67c01cf676bf8',0
8815,Chocolate Pan Cake,'100.00','D-67c01d2693cc3',0
8816,Red Velvet Pan Cake,'100.00','D-67c01d4dc9203',0
8817,Tadka Idly,'42.00','D-67c033ca6f3c5',0
8818,Murgh Banjara,'65.00','D-67c034a74896b',0
8819,Murgh Banjara,'65.00','D-67c034c8bcdd5',0
8820,Bangalore Peanut Chaat,'45.00','D-67c050fdbb280',0
8821,COFFEE KESARI BATH,'40.00','D-67c0deb05ddbc',0
8822,COFFEE KESARI BATH,'40.00','D-67c0def45981a',0
8823,COFFEE KESARI BATH,'40.00','D-67c0df2a7241d',0
8824,RAGI MILLET IDLI,'42.00','D-67c0df6884e5a',0
8825,RAGI MILLET IDLI,'42.00','D-67c0df9ce926e',0
8826,Dadphe Poha,'35.00','D-67c125f01fe08',0
8827,Potato Peri Peri Fingers,'35.00','D-67c12c0267077',0
8828,Chicken Kebab Pav,'56.00','D-67c12c4fb2496',0
8829,Dhaniya Egg,'55.00','D-67c1842a3387c',0
8830,Dhaniya Egg,'55.00','D-67c184adb0da4',0
8831,Chicken Kal Mirch Dry,'65.00','D-67c184d437037',0
8832,Chicken Kal Mirch Dry,'65.00','D-67c1850e27def',0
8833,KULCHA WITH EGG  CURRY,'65.00','D-67c1f7df8b18d',0
8834,PAV  WITH EGG CURRY,'65.00','D-67c1f80d84bce',0
8835,KULCHA WITH CHICKEN  CURRY,'75.00','D-67c1f83bb9c9a',0
8836,KIWI VANILLA MILKSHAKE,'55.00','D-67c4cab44dc8c',0
8837,ALMOND PISTA & SAFFRON MILKSHAKE,'55.00','D-67c4cb09592b7',0
8838,KAIRI SHARBAT,'55.00','D-67c4cdd330d7b',0
8839,COTTAGE CHEESE & ROASTED PEPPER TZATZIKI S/W,'80.00','D-67c4cf48c9c8e',0
8840,CORN SPINACH CROSTINI,'55.00','D-67c4d1dacff14',0
8841,Rose Frappe,'160.00','D-67c50a5856d2f',0
8842,Nutella Cappuccino,'160.00','D-67c50a83f0a0f',0
8843,Veg Manchurian Oyster Chilli Dry,'100.00','D-67c512d6c3862',0
8844,Veg Manchurian Oyster Chilli Dry,'100.00','D-67c5155ea2399',0
8845,Asian Greens Oyster Chilli Sauce,'100.00','D-67c5157f36de5',0
8846,Chicken Oyster Chilli Sauce,'110.00','D-67c5159b8ccbf',0
8847,Prawns Oyster Chilli Sauce,'130.00','D-67c515bfdff49',0
8848,Paneer Hot Garlic Dry,'100.00','D-67c515f733907',0
8849,Veg Manchurian Hot Garlic Dry,'100.00','D-67c51618deb7e',0
8850,Asian Greens Hot Garlic Dry,'100.00','D-67c516401de1a',0
8851,Chicken Hot Garlic Dry,'110.00','D-67c51661d375b',0
8852,Fish Hot Garlic Dry,'110.00','D-67c5168551e66',0
8853,Prawns Hot Garlic Dry,'130.00','D-67c516ad87284',0
8854,Fish Hot Garlic Sauce,'110.00','D-67c516d017a1e',0
8855,Veg Manchurian Hot Garlic Sauce,'100.00','D-67c516ecd21e2',0
8856,Asian Greens Hot Garlic Sauce,'100.00','D-67c51717e3cac',0
8857,Chicken Hot Garlic Sauce,'110.00','D-67c517394a070',0
8858,Fish Hot Garlic Dry,'110.00','D-67c5175f8dfdf',0
8859,Prawns Hot Garlic Sauce,'130.00','D-67c5177c5a782',0
8860,Veg Singapore Curried Fried Rice,'70.00','D-67c546e8ae411',0
8861,Egg Singapore Curried Fried Rice,'80.00','D-67c54707a00e9',0
8862,Chicken Singapore Curried Fried Rice,'90.00','D-67c5472790be1',0
8863,Prawns Singapore Curried Fried Rice,'130.00','D-67c5474424511',0
8864,Veg Thai Fried Rice,'70.00','D-67c5477b76959',0
8865,Egg Thai Fried Rice,'80.00','D-67c5479ccf704',0
8866,Chicken Thai Fried Rice,'90.00','D-67c547bebdea9',0
8867,Prawns Thai Fried Rice,'130.00','D-67c547efb815d',0
8868,Veg Pok Choy & Babycorn Noodles,'70.00','D-67c548da9428d',0
8869,Egg Pok Choy & Babycorn Noodles,'80.00','D-67c54975b359f',0
8870,Chicken Pok Choy & Babycorn Noodles,'90.00','D-67c54a0f26553',0
8871,Prawns Pok Choy & Babycorn Noodles,'130.00','D-67c54a3a14c5d',0
8872,Veg Thai Style Noodles,'70.00','D-67c54a5d9e225',0
8873,Egg Thai Style Noodles,'80.00','D-67c54adce9d0c',0
8874,Chicken Thai Style Noodles,'90.00','D-67c54afb04388',0
8875,Prawns Thai Style Noodles,'130.00','D-67c54b22c2332',0
8876,Avacado Smoothie,'80.00','D-67c54ec98fb92',0
8877,Veg Live (ORIENTAL),'83.00','D-67c56fa1ea1ce',0
8878,Non Veg - Spice Bowl (BURMESE),'110.00','D-67c57b3e976d4',0
8879,KULCHA WITH PINDI CHOLE,'55.00','D-67c5ed8eb976e',0
8880,CHAPATHI WITH PINDI CHOLA,'55.00','D-67c5edbf91859',0
8881,PAV  WITH CHICKEN  KEEMA,'75.00','D-67c5ede9c236c',0
8882,Exotic Fruit Bowl with Dates,'90.00','D-67c6968ca482f',0
8883,Mixed Fruit Bowl with Dates,'70.00','D-67c696c8e4b8f',0
8884,House Baked Open Toast hot Dog,'56.00','D-67c6cfbae4047',0
8885,Paneer Samosa - 2pcs,'60.00','D-67c6d61ea78e7',0
8886,Paneer Samosa - 2pcs,'60.00','D-67c6d696b3762',0
8887,khus Milkshake,'55.00','D-67c816750f6b9',0
8888,Ajwain Puri with Red Pumpkin Sabji,'45.00','D-67c8f67a19176',0
8889,Veg Thali - (FESTIVAL),'120.00','D-67c9274618a27',0
8890,Chicken Thali - (FESTIVAL),'140.00','D-67c928021bab3',0
8891,Seasonal Veg & Roasted Chicken Penne Pasta Creamy,'130.00','D-67c936f537e9d',0
8892,Seasonal Veg Penne Pasta,Creamy Cheese','110.00',1
8893,Veg Spice Bowl - (JAMAICAN),'95.00','D-67c97495993be',0
8894,Non Veg Spice Bowl - (JAMAICAN),'110.00','D-67c974e7a5d02',0
8895,Mini Corn & Water Chestnut Samosa,'45.00','D-67c97784159b9',0
8896,Mini Corn & Water Chestnut Samosa,'45.00','D-67c978d6ebdde',0
8897,Dal kichidi,'45.00','D-67c97a3cacc50',0
8898,Dal khichdi,'45.00','D-67c97a2273932',1
8899,Dal kichidi,'45.00','D-67c97a5c84e6e',0
8900,POORI AND BLACK CHANA  MASALA,'55.00','D-67ca4dbaee279',0
8901,Women\'s Day Special Combo,'120.00','D-67ca7fbff05fc',1
8902,House Baked Paneer Tikka,'56.00','D-67cab887c35b1',0
8903,Paneer Bread Pakoda - 2pcs,'60.00','D-67cac91ce85ae',0
8904,Paneer Bread Pakoda - 2pcs,'60.00','D-67cac949d3474',0
8905,Sandwich Dhokla,'45.00','D-67cacb252cb8d',0
8906,Sandwich Dhokla,'45.00','D-67cacbd9b722d',0
8907,Vada Usal Pav,'60.00','D-67cad77c5e587',0
8908,Asian Veg Combo,'100.00','D-67cbe01bdf6b8',1
8909,Asian Non-Veg Combo,'110.00','D-67cbe049d44b7',1
8910,Watermelon Juice,'45.00','D-67cbf070558e9',1
8911,Pineapple Juice,'35.00','D-67cbf09f3e2a8',1
8912,Chicken Vepudu,'65.00','D-67cc210a3df9f',1
8913,QUINOA AND ROASTED VEG SALAD,'95.00','D-67ce076692fa2',0
8914,KESAR MASALA DOODH,'55.00','D-67ce08fd619b5',0
8915,AAM JHORA,'55.00','D-67ce093dc4083',0
8916,BANANA BERRY MILKSHAKE,'55.00','D-67ce09832f885',0
8917,Gujiya,'30.00','D-67ce68c3d438d',1
8918,Seasonal Vegetable & Roasted Chicken Fusili Pasta,','130.00',1
8919,Seasonal Vegetable Fusili Pasta,','110.00',1
8920,Chicken & Coleslaw Brioche Sliders,'75.00','D-67cec0da3d406',0
8921,Special - Caprese Sandwich,'100.00','D-67cef653b93d3',0
8922,Kesar Dry Fruit Tandai,'55.00','D-67cfb98c31ac8',0
8923,Potato & Leek curry with veg steak,butter garlic','110.00',1
8924,Festive Mutton Thali,'200.00','D-67d065f6cafaa',0
8925,Festive Mutton Thali,'200.00','D-67d0e2fd3a7bb',0
8926,White Dhokla,'45.00','D-67d11900eb4a2',0
8927,Kesar Thandai,'30.00','D-67d1191d04e4a',0
8928,Gujiya (2 PEAS),'35.00','D-67d11c6f54998',0
8929,Sujji Gujiya,'45.00','D-67d1bc8b7184f',0
8930,Imrati,'45.00','D-67d1bcc49d2b6',0
8931,Chocolate Gujjiya,'50.00','D-67d1bd368392e',0
8932,Mawa Gujjiya,'50.00','D-67d1bd5de0431',0
8933,Methi Mathi,'30.00','D-67d1bdabb5b24',0
8934,Ajwaini Mathi,'25.00','D-67d1bddceaa19',0
8935,Coconut Gujiya,'50.00','D-67d1bdffe13c5',0
8936,Boondi Ladoo,'40.00','D-67d1be211db6d',0
8937,Shakkar Pare,'30.00','D-67d1be4545dae',0
8938,Ghee Mysore Pak,'40.00','D-67d1be63697f8',0
8939,Dry Fruit Ladoo,'50.00','D-67d1be85b6aec',0
8940,Coconut Dry Fruit Ladoo,'50.00','D-67d1beb114e61',0
8941,Kaju Roll,'50.00','D-67d1bed5f055f',0
8942,Assorted Pedha,'50.00','D-67d1bef5c2d09',0
8943,Aam Panna,'55.00','D-67d1bf1fa8bae',0
8944,Thandai,'55.00','D-67d1bf3bc47ed',0
8945,Angoori Dahi Bhala,'50.00','D-67d1c011d1aeb',0
8946,Aloo Papdi Chaat,'50.00','D-67d1c03981440',0
8947,Palak Patta Chaat,'50.00','D-67d1c0598d68f',0
8948,Khas Sharbat,'45.00','D-67d1c078eb2d3',0
8949,Samosa Chaat,'50.00','D-67d1c0989396e',0
8950,Bhel Puri,'50.00','D-67d1c0b4c3c18',0
8951,Paan Shots,'45.00','D-67d26fbfa33f1',0
8952,Gheear,'45.00','D-67d27a75a4395',0
8953,Methi Para,'30.00','D-67d27ad45b203',0
8954,Dharwad Pedha,'50.00','D-67d2852f04227',0
8955,Milk pedha,'50.00','D-67d289137a5be',0
8956,Take Away,'15.00','D-67d295d734ca0',0
8957,Veg Healthy Sandwich,'77.00','D-67d2c1d0c2261',0
8958,Paneer Healthy Sandwich,'85.00','D-67d2c24d75329',0
8959,Chicken Healthy Sandwich,'85.00','D-67d2c2a695027',0
8960,Triple Egg Omelette Pav,'62.00','D-67d2c4c363311',0
8961,Ghee Mysore Pak,'50.00','D-67d2e52bd7a26',0
8962,dddd,'50.00','D-67d2e54aa5c45',0
8963,Chicken biryani,'140.00','D-67d539f637e1b',0
8964,Samosa (2 Pieces),'40.00','D-67d55b11a91b9',0
8965,Bread Pakoda,'30.00','D-67d6aecfc00a9',0
8966,Aloo Cheese Chilli Paratha,'35.00','D-67d6de572d03e',0
8967,CHOCOLATE THANDAI,'55.00','D-67d77d19c3e09',0
8968,BBQ & SOYA MARINATED COTTAGE CHEESE S/W,'80.00','D-67d782762bf99',0
8969,Test504,'1.00','MT001',0
8970,Methi Para,'30.00','D-67d7f5265525b',0
8971,Ajwain Para,'30.00','D-67d7f54501b81',0
8972,Chicken Sesame,'56.00','D-67d8357e96027',0
8973,Shakkar Pare,'30.00','D-67d9488346afe',0
8974,Test505,'2.00','MT001',0
8975,Paneer Bhurji Paraha,'35.00','D-67da37cf703b9',0
8976,Classic Roasted Mexican Chicken Creamy Pepper,'130.00','D-67da3912e44c4',0
8977,Sweet Potato & Veg Steak,Creamy Harissa Sauce','110.00',1
8978,Peri Peri Chicken Coleslaw Sandwich,'130.00','D-67da4e1f9d95b',0
8979,House Baked Cutlet,'35.00','D-67da954de52f1',0
8980,Kung Pao Potato,'35.00','D-67da95862a807',0
8981,Veg Meal,'63.00','MT030',0
8982,Non Veg Meal,'76.00','MT031',0
8983,Veg Mini Meal,'45.00','MT032',0
8984,Non Veg Mini Meal,'55.00','MT033',0
8985,Vge Biryani,'83.00','MT034',0
8986,Chicken Biryani,'95.00','MT035',0
8987,Veg Live,'83.00','MT036',0
8988,Non Veg Live,'95.00','MT037',0
8989,Vge Sabzi,'25.00','MT038',0
8990,Chicken Gravy,'45.00','MT039',0
8991,Dal,'25.00','MT040',0
8992,Steamed Rice,'25.00','MT041',0
8993,Salad,'25.00','MT042',0
8994,Raita,'25.00','MT043',0
8995,Soup of the Day,'45.00','MT044',0
8996,Dessert,'25.00','MT045',0
8997,Chapati (1 pc),'7.00','MT046',0
8998,Paratha (1 pc),'9.00','MT047',0
8999,Thepla (1 pc),'7.00','MT048',0
9000,Sanna (1 pc),'7.00','MT049',0
9001,Neer Dosa (1 pc),'7.00','MT050',0
9002,Papad (1 pc),'3.00','MT051',0
9003,Chicken Leg Fry,'51.00','MT052',0
9004,Curd Rice,'63.00','MT053',0
9005,Dal Khichadi,'45.00','MT054',0
9006,Dal Rice,'45.00','MT055',0
9007,Idli Sambar (2 Pcs),'38.00','MT056',0
9008,Idli Chilly,'38.00','MT057',0
9009,Idli Fry,'38.00','MT058',0
9010,Idli Schezwan,'38.00','MT059',0
9011,Idli Masala,'38.00','MT060',0
9012,Idli Coin,'38.00','MT061',0
9013,Neer Dosa (3 Pcs),'32.00','MT062',0
9014,Medu Wada Sambar (2 Pcs),'32.00','MT063',0
9015,Batata Wada (2 Pcs),'32.00','MT064',0
9016,Batata Wada Pav (2 Pcs),'32.00','MT065',0
9017,Batata Wada Sambar (2 Pcs),'32.00','MT066',0
9018,Batata Vada Usal,'32.00','MT067',0
9019,Rasam Wada (2 Pcs),'32.00','MT068',0
9020,Mysore Bonda (2 Pcs),'32.00','MT069',0
9021,Dahi Wada (2 Pcs),'32.00','MT070',0
9022,Dal Wada (2 Pcs),'32.00','MT071',0
9023,Kanda Bhajia,'32.00','MT072',0
9024,Chole Pav (2 Pcs),'38.00','MT073',0
9025,Poha,'32.00','MT075',0
9026,Sev Poha,'32.00','MT076',0
9027,Upma,'32.00','MT077',0
9028,Sevaya Upma,'32.00','MT078',0
9029,Bread Upma,'32.00','MT079',0
9030,Banana Sheera,'32.00','MT080',0
9031,Cheese Chilly Toast,'45.00','MT081',0
9032,Chicken Masala Pav,'51.00','MT082',0
9033,Veg Pasta,'38.00','MT083',0
9034,Schezwan Aloo Bonda (2 Pcs),'32.00','MT084',0
9035,Chicken Tikka Pav,'51.00','MT085',0
9036,Pineapple Sheera,'32.00','MT086',0
9037,Keshri Sheera,'32.00','MT087',0
9038,Ussal Pav,'32.00','MT088',0
9039,Missal Pav,'32.00','MT089',0
9040,Ragda Patice,'32.00','MT090',0
9041,Veg Cutlet,'32.00','MT091',0
9042,Veg Pattice,'32.00','MT092',0
9043,Dahi Kachori,'32.00','MT093',0
9044,Sabudana Khichdi,'32.00','MT094',0
9045,Sabudana Wada,'32.00','MT095',0
9046,Khaman Dhokla,'32.00','MT096',0
9047,White Dhokla,'32.00','MT097',0
9048,Patti Samosa (2 pcs),'32.00','MT098',0
9049,Cocktail Samosa (2 pcs),'32.00','MT099',0
9050,Veg Samosa (2 pcs),'32.00','MT100',0
9051,Veg Spring Roll ,'32.00','MT101',0
9052,Chicken Spring Roll,'38.00','MT102',0
9053,Paneer Bhurji Pav,'38.00','MT103',0
9054,Boiled Egg Pakoda (3 Pcs),'38.00','MT104',0
9055,Chicken Lollypop (3 Pcs),'51.00','MT105',0
9056,Chicken Kheema Pav,'51.00','MT106',0
9057,Chicken 65 Pav,'51.00','MT107',0
9058,Veg Chop (2 pcs),'32.00','MT108',0
9059,Veg Burger,'45.00','MT109',0
9060,Chicken Burger,'51.00','MT110',0
9061,Tomato Omlet,'32.00','MT111',0
9062,Soyabean Chilly,'32.00','MT112',0
9063,Corn Chaat,'32.00','MT113',0
9064,Moong Chaat,'32.00','MT114',0
9065,Chole Samosa,'32.00','MT115',0
9066,Samosa Pav,'32.00','MT116',0
9067,Khandvi,'38.00','MT117',0
9068,Methi Pakoda,'32.00','MT118',0
9069,Bread Pakoda,'32.00','MT119',0
9070,Chinese Pakoda,'32.00','MT120',0
9071,Chinese Bhel,'32.00','MT121',0
9072,Veg Ball In Garlic Sauce Dry,'32.00','MT122',0
9073,Kathi Roll,'38.00','MT124',0
9074,Dabeli Pav,'32.00','MT125',0
9075,Bruchetta,'45.00','MT126',0
9076,Chilly Pakoda,'32.00','MT127',0
9077,Ghavane,'32.00','MT128',0
9078,Puri Bhaji ,'45.00','MT074',0
9079,Chole Puri,'45.00','MT130',0
9080,Kathi Roll Chicken,'51.00','MT131',0
9081,Veg Manchurian Dry,'32.00','MT132',0
9082,Chicken Lollypop,'51.00','MT133',0
9083,Veg Chilly Dry,'32.00','MT134',0
9084,Paneer Pakoda,'38.00','MT135',0
9085,Veg Pizza,'45.00','MT136',0
9086,Non Veg Pizza,'63.00','MT137',0
9087,Cheese Wrap,'51.00','MT138',0
9088,Chicken Manchurian Dry,'51.00','MT139',0
9089,Chicken Chilly Dry,'51.00','MT140',0
9090,Dahi Bhalla,'32.00','MT141',0
9091,Veg Manchurian Roll,'32.00','MT142',0
9092,Mexican Toast,'38.00','MT143',0
9093,Moong Dal Bhajiya,'32.00','MT144',0
9094,Puneri Misal Pav,'32.00','MT145',0
9095,Palak Pakoda,'32.00','MT146',0
9096,Bread Roll,'32.00','MT147',0
9097,Paneer Kathi Roll,'38.00','MT148',0
9098,Chicken Manchurian Roll,'51.00','MT149',0
9099,Mushroom Cheese Fitter,'38.00','MT150',0
9100,Chicken Roll,'51.00','MT151',0
9101,Veg Lollipop,'38.00','MT152',0
9102,Chicken Frankie,'51.00','MT153',0
9103,Veg Meal,'63.00','MT030',0
9104,Chole Bhature,'83.00','MT154',0
9105,Non Veg Meal,'76.00','MT031',0
9106,Dal Pakwan,'45.00','MT155',0
9107,Veg Mini Meal,'45.00','MT032',0
9108,Veg Puff,'32.00','MT156',0
9109,Non Veg Mini Meal,'55.00','MT033',0
9110,Cheese Momos,'51.00','MT157',0
9111,Vge Biryani,'83.00','MT034',0
9112,Classic  Veg Momos,'65.00','MT158',0
9113,Chicken Biryani,'95.00','MT035',0
9114,Schexwan Veg Momos,'65.00','MT159',0
9115,Veg Live,'83.00','MT036',0
9116,Chicken Classic Momos,'75.00','MT160',0
9117,Non Veg Live,'95.00','MT037',0
9118,Schezwan Chicken Momos,'75.00','MT161',0
9119,Vge Sabzi,'25.00','MT038',0
9120,Patra,'38.00','MT162',0
9121,Chicken Gravy,'45.00','MT039',0
9122,Veg Noodels,'38.00','MT163',0
9123,Dal,'25.00','MT040',0
9124,Chicken Noodles,'51.00','MT164',0
9125,Steamed Rice,'25.00','MT041',0
9126,Pav Bhaji,'45.00','MT165',0
9127,Salad,'25.00','MT042',0
9128,Sada Pav (1 Pc),'6.00','MT166',0
9129,Raita,'25.00','MT043',0
9130,Bread Slice (1 Pc),'7.00','MT167',0
9131,Soup of the Day,'45.00','MT044',0
9132,Egg Omlet Pav,'38.00','MT168',0
9133,Dessert,'25.00','MT045',0
9134,Egg Bhurji Pav,'38.00','MT169',0
9135,Chapati (1 pc),'7.00','MT046',0
9136,Egg Half Fry Pav,'38.00','MT170',0
9137,Paratha (1 pc),'9.00','MT047',0
9138,Egg Full Fry Pav,'38.00','MT171',0
9139,Thepla (1 pc),'7.00','MT048',0
9140,Bioled Egg Bhurji Pav,'38.00','MT172',0
9141,Sanna (1 pc),'7.00','MT049',0
9142,Egg Masala Omlet Pav,'38.00','MT173',0
9143,Neer Dosa (1 pc),'7.00','MT050',0
9144,Egg 81 Pav,'38.00','MT174',0
9145,Boiled Egg (1 pc),'10.00','MT175',0
9146,Papad (1 pc),'3.00','MT051',0
9147,Masala Boiled Egg,'26.00','MT176',0
9148,Chicken Leg Fry,'51.00','MT052',0
9149,Egg Mauritius,'38.00','MT177',0
9150,Curd Rice,'63.00','MT053',0
9151,Boiled Egg Bhurji (No Pav),'38.00','MT178',0
9152,Dal Khichadi,'45.00','MT054',0
9153,Half Fry (No Pav),'38.00','MT179',0
9154,Dal Rice,'45.00','MT055',0
9155,Full Fry (No Pav),'38.00','MT180',0
9156,Idli Sambar (2 Pcs),'38.00','MT056',0
9157,Masala Omlet (No Pav),'38.00','MT181',0
9158,Idli Chilly,'38.00','MT057',0
9159,Egg 81 (No Pav),'38.00','MT182',0
9160,Idli Fry,'38.00','MT058',0
9161,Egg Scrambled,'38.00','MT183',0
9162,Idli Schezwan,'38.00','MT059',0
9163,Egg Roll,'38.00','MT184',0
9164,Idli Masala,'38.00','MT060',0
9165,Egg Benedict (Sunny Side Up),'38.00','MT185',0
9166,Idli Coin,'38.00','MT061',0
9167,Egg White Omlet Pav,'38.00','MT186',0
9168,Neer Dosa (3 Pcs),'32.00','MT062',0
9169,Egg Spanish Omlet Pav,'51.00','MT187',0
9170,Medu Wada Sambar (2 Pcs),'32.00','MT063',0
9171,Extra Butter (Egg),'7.00','MT188',0
9172,Batata Wada (2 Pcs),'32.00','MT064',0
9173,Extra Cheese (Egg),'20.00','MT189',0
9174,Batata Wada Pav (2 Pcs),'32.00','MT065',0
9175,Sada Pav (1 Pc) Egg,'6.00','MT190',0
9176,Plain Maggi,'28.00','MT191',0
9177,Batata Wada Sambar (2 Pcs),'32.00','MT066',0
9178,Veg Maggi,'32.00','MT192',0
9179,Batata Vada Usal,'32.00','MT067',0
9180,Veg Scheswan Maggi,'38.00','MT193',0
9181,Rasam Wada (2 Pcs),'32.00','MT068',0
9182,Butter Maggi,'39.00','MT194',0
9183,Mysore Bonda (2 Pcs),'32.00','MT069',0
9184,Cheese Maggi,'51.00','MT195',0
9185,Dahi Wada (2 Pcs),'32.00','MT070',0
9186,Boiled Egg Maggi,'48.00','MT196',0
9187,Dal Wada (2 Pcs),'32.00','MT071',0
9188,Egg Bhurji Maggi,'48.00','MT197',0
9189,Egg Omlet Maggi,'48.00','MT198',0
9190,Kanda Bhajia,'32.00','MT072',0
9191,Egg Half Fry Maggi,'48.00','MT199',0
9192,Chole Pav (2 Pcs),'38.00','MT073',0
9193,Egg Full Fry Maggi,'48.00','MT200',0
9194,Poha,'32.00','MT075',0
9195,Veg Cheese Maggi,'52.00','MT201',0
9196,Veg Fry Maggi,'39.00','MT202',0
9197,Sev Poha,'32.00','MT076',0
9198,Upma,'32.00','MT077',0
9199,Egg Maggi,'48.00','MT203',0
9200,Chicken Maggi,'48.00','MT204',0
9201,Sevaya Upma,'32.00','MT078',0
9202,Schezwan Fried Maggi,'48.00','MT205',0
9203,Bread Upma,'32.00','MT079',0
9204,Veg Chowmein Maggi,'39.00','MT206',0
9205,Banana Sheera,'32.00','MT080',0
9206,Omlet Fried Maggi,'55.00','MT207',0
9207,Cheese Chilly Toast,'45.00','MT081',0
9208,Chi Fried Maggi,'55.00','MT208',0
9209,Chicken Masala Pav,'51.00','MT082',0
9210,Maggi Veg Fried,'39.00','MT209',0
9211,Veg Pasta,'38.00','MT083',0
9212,Maggi Schezwan,'39.00','MT210',0
9213,Schezwan Aloo Bonda (2 Pcs),'32.00','MT084',0
9214,Maggie Chicken Schezwan,'55.00','MT211',0
9215,Chicken Tikka Pav,'51.00','MT085',0
9216,Maggie Schewan Cheese,'59.00','MT212',0
9217,Extra Butter (Maggi),'7.00','MT213',0
9218,Pineapple Sheera,'32.00','MT086',0
9219,Extra Cheese (Maggi),'20.00','MT214',0
9220,Keshri Sheera,'32.00','MT087',0
9221,Extra Schezwan (Maggi),'7.00','MT215',0
9222,Ussal Pav,'32.00','MT088',0
9223,Sada Dosa,'20.00','MT216',0
9224,Missal Pav,'32.00','MT089',0
9225,Butter Sada Dosa,'25.00','MT217',0
9226,Ragda Patice,'32.00','MT090',0
9227,Veg Cutlet,'32.00','MT091',0
9228,Cheese Sada Dosa,'39.00','MT218',0
9229,Onion Sada Dosa,'25.00','MT219',0
9230,Veg Pattice,'32.00','MT092',0
9231,Butter Onion Sada Dosa,'32.00','MT220',0
9232,Dahi Kachori,'32.00','MT093',0
9233,Chee Onion Sada Dosa,'45.00','MT221',0
9234,Sabudana Khichdi,'32.00','MT094',0
9235,Masala Dosa,'25.00','MT222',0
9236,Sabudana Wada,'32.00','MT095',0
9237,Butter Masala Dosa,'32.00','MT223',0
9238,Khaman Dhokla,'32.00','MT096',0
9239,Cheese Masala Dosa,'52.00','MT224',0
9240,White Dhokla,'32.00','MT097',0
9241,Onion Masala Dosa,'32.00','MT225',0
9242,Patti Samosa (2 pcs),'32.00','MT098',0
9243,Palak Sada Dosa,'25.00','MT226',0
9244,Cocktail Samosa (2 pcs),'32.00','MT099',0
9245,Butter Palak Sada Dosa,'32.00','MT227',0
9246,Veg Samosa (2 pcs),'32.00','MT100',0
9247,Cheese Palak Sada Dosa,'45.00','MT228',0
9248,Veg Spring Roll ,'32.00','MT101',0
9249,Palak Masala Dosa,'32.00','MT229',0
9250,Chicken Spring Roll,'38.00','MT102',0
9251,Butter Palak Masala Dosa,'39.00','MT230',0
9252,Paneer Bhurji Pav,'38.00','MT103',0
9253,Boiled Egg Pakoda (3 Pcs),'38.00','MT104',0
9254,Cheese Palak Masala Dosa,'52.00','MT231',0
9255,Schezwan  Sada Dosa,'25.00','MT232',0
9256,Chicken Lollypop (3 Pcs),'51.00','MT105',0
9257,Butter Schezwan Sada Dosa,'32.00','MT233',0
9258,Chicken Kheema Pav,'51.00','MT106',0
9259,Schezwan Masala Dosa,'32.00','MT234',0
9260,Chicken 65 Pav,'51.00','MT107',0
9261,Butter Schezwan Masala Dosa,'39.00','MT235',0
9262,Veg Chop (2 pcs),'32.00','MT108',0
9263,Cheese Masala Schezwan Dosa,'52.00','MT236',0
9264,Veg Burger,'45.00','MT109',0
9265,Mysore Sada Dosa,'25.00','MT237',0
9266,Chicken Burger,'51.00','MT110',0
9267,Butter Mysore Sada Dosa,'32.00','MT238',0
9268,Tomato Omlet,'32.00','MT111',0
9269,Cheese Mysore Sada Dosa,'45.00','MT239',0
9270,Mysore Masala Dosa,'32.00','MT240',0
9271,Soyabean Chilly,'32.00','MT112',0
9272,Butter Mysore Masala Dosa,'39.00','MT241',0
9273,Corn Chaat,'32.00','MT113',0
9274,Cheese Mysore Masala Dosa,'52.00','MT242',0
9275,Moong Chaat,'32.00','MT114',0
9276,Spring Masala Dosa,'38.00','MT243',0
9277,Chole Samosa,'32.00','MT115',0
9278,Plain Uttappam,'25.00','MT244',0
9279,Samosa Pav,'32.00','MT116',0
9280,Masala Uttappam,'38.00','MT245',0
9281,Khandvi,'38.00','MT117',0
9282,Onion Uttappam,'32.00','MT246',0
9283,Methi Pakoda,'32.00','MT118',0
9284,Tomato Uttappam,'32.00','MT247',0
9285,Bread Pakoda,'32.00','MT119',0
9286,Onion Tomato Uttappam,'32.00','MT248',0
9287,Chinese Pakoda,'32.00','MT120',0
9288,Carrot Uttappam,'32.00','MT249',0
9289,Chinese Bhel,'32.00','MT121',0
9290,Capsicum Uttappam,'32.00','MT250',0
9291,Veg Ball In Garlic Sauce Dry,'32.00','MT122',0
9292,Carrot Capsicum Uttappam,'32.00','MT251',0
9293,Kathi Roll,'38.00','MT124',0
9294,Set Dosa Alu Rassa,'32.00','MT252',0
9295,Dabeli Pav,'32.00','MT125',0
9296,Butter Set Dosa Alu Rassa,'39.00','MT253',0
9297,Bruchetta,'45.00','MT126',0
9298,Cheese Vegetable Dosa,'51.00','MT254',0
9299,Chilly Pakoda,'32.00','MT127',0
9300,Egg Dosa,'51.00','MT255',0
9301,Ghavane,'32.00','MT128',0
9302,Moong Dal Chilla,'32.00','MT256',0
9303,Puri Bhaji ,'45.00','MT074',0
9304,Besan Chilla,'32.00','MT257',0
9305,Chole Puri,'45.00','MT130',0
9306,Thali Peeth,'38.00','MT258',0
9307,Kathi Roll Chicken,'51.00','MT131',0
9308,Aloo Paratha,'32.00','MT259',0
9309,Veg Manchurian Dry,'32.00','MT132',0
9310,Mooli Paratha,'32.00','MT260',0
9311,Chicken Lollypop,'51.00','MT133',0
9312,Gobi Paratha,'32.00','MT261',0
9313,Veg Chilly Dry,'32.00','MT134',0
9314,Veg Paratha,'32.00','MT262',0
9315,Methi Paratha,'32.00','MT263',0
9316,Paneer Pakoda,'38.00','MT135',0
9317,Punjabi Paratha,'32.00','MT264',0
9318,Veg Pizza,'45.00','MT136',0
9319,Paneer Paratha,'32.00','MT265',0
9320,Non Veg Pizza,'63.00','MT137',0
9321,Paratha Paneer,'32.00','MT266',0
9322,Cheese Wrap,'51.00','MT138',0
9323,Paratha Cheese,'32.00','MT267',0
9324,Chicken Manchurian Dry,'51.00','MT139',0
9325,Extra Butter (Dosa),'7.00','MT268',0
9326,Chicken Chilly Dry,'51.00','MT140',0
9327,Extra Cheese (Dosa),'20.00','MT269',0
9328,Dahi Bhalla,'32.00','MT141',0
9329,Extra Schezwan (Dosa),'7.00','MT270',0
9330,Veg Manchurian Roll,'32.00','MT142',0
9331,Mexican Toast,'38.00','MT143',0
9332,Moong Dal Bhajiya,'32.00','MT144',0
9333,Puneri Misal Pav,'32.00','MT145',0
9334,Palak Pakoda,'32.00','MT146',0
9335,Bread Roll,'32.00','MT147',0
9336,Paneer Kathi Roll,'38.00','MT148',0
9337,Chicken Manchurian Roll,'51.00','MT149',0
9338,Mushroom Cheese Fitter,'38.00','MT150',0
9339,Chicken Roll,'51.00','MT151',0
9340,Veg Lollipop,'38.00','MT152',0
9341,Chicken Frankie,'51.00','MT153',0
9342,Chole Bhature,'83.00','MT154',0
9343,Dal Pakwan,'45.00','MT155',0
9344,Veg Meal,'63.00','MT030',0
9345,Non Veg Meal,'76.00','MT031',0
9346,Veg Puff,'32.00','MT156',0
9347,Veg Mini Meal,'45.00','MT032',0
9348,Cheese Momos,'51.00','MT157',0
9349,Non Veg Mini Meal,'55.00','MT033',0
9350,Classic  Veg Momos,'65.00','MT158',0
9351,Vge Biryani,'83.00','MT034',0
9352,Schexwan Veg Momos,'65.00','MT159',0
9353,Chicken Biryani,'95.00','MT035',0
9354,Chicken Classic Momos,'75.00','MT160',0
9355,Veg Live,'83.00','MT036',0
9356,Schezwan Chicken Momos,'75.00','MT161',0
9357,Non Veg Live,'95.00','MT037',0
9358,Patra,'38.00','MT162',0
9359,Vge Sabzi,'25.00','MT038',0
9360,Veg Noodels,'38.00','MT163',0
9361,Chicken Gravy,'45.00','MT039',0
9362,Chicken Noodles,'51.00','MT164',0
9363,Dal,'25.00','MT040',0
9364,Pav Bhaji,'45.00','MT165',0
9365,Steamed Rice,'25.00','MT041',0
9366,Sada Pav (1 Pc),'6.00','MT166',0
9367,Salad,'25.00','MT042',0
9368,Bread Slice (1 Pc),'7.00','MT167',0
9369,Raita,'25.00','MT043',0
9370,Soup of the Day,'45.00','MT044',0
9371,Egg Omlet Pav,'38.00','MT168',0
9372,Egg Bhurji Pav,'38.00','MT169',0
9373,Dessert,'25.00','MT045',0
9374,Egg Half Fry Pav,'38.00','MT170',0
9375,Chapati (1 pc),'7.00','MT046',0
9376,Paratha (1 pc),'9.00','MT047',0
9377,Egg Full Fry Pav,'38.00','MT171',0
9378,Thepla (1 pc),'7.00','MT048',0
9379,Bioled Egg Bhurji Pav,'38.00','MT172',0
9380,Sanna (1 pc),'7.00','MT049',0
9381,Egg Masala Omlet Pav,'38.00','MT173',0
9382,Neer Dosa (1 pc),'7.00','MT050',0
9383,Egg 81 Pav,'38.00','MT174',0
9384,Papad (1 pc),'3.00','MT051',0
9385,Boiled Egg (1 pc),'10.00','MT175',0
9386,Chicken Leg Fry,'51.00','MT052',0
9387,Masala Boiled Egg,'26.00','MT176',0
9388,Egg Mauritius,'38.00','MT177',0
9389,Curd Rice,'63.00','MT053',0
9390,Boiled Egg Bhurji (No Pav),'38.00','MT178',0
9391,Dal Khichadi,'45.00','MT054',0
9392,Dal Rice,'45.00','MT055',0
9393,Half Fry (No Pav),'38.00','MT179',0
9394,Idli Sambar (2 Pcs),'38.00','MT056',0
9395,Full Fry (No Pav),'38.00','MT180',0
9396,Idli Chilly,'38.00','MT057',0
9397,Masala Omlet (No Pav),'38.00','MT181',0
9398,Idli Fry,'38.00','MT058',0
9399,Egg 81 (No Pav),'38.00','MT182',0
9400,Egg Scrambled,'38.00','MT183',0
9401,Idli Schezwan,'38.00','MT059',0
9402,Egg Roll,'38.00','MT184',0
9403,Idli Masala,'38.00','MT060',0
9404,Idli Coin,'38.00','MT061',0
9405,Egg Benedict (Sunny Side Up),'38.00','MT185',0
9406,Neer Dosa (3 Pcs),'32.00','MT062',0
9407,Egg White Omlet Pav,'38.00','MT186',0
9408,Medu Wada Sambar (2 Pcs),'32.00','MT063',0
9409,Egg Spanish Omlet Pav,'51.00','MT187',0
9410,Extra Butter (Egg),'7.00','MT188',0
9411,Batata Wada (2 Pcs),'32.00','MT064',0
9412,Extra Cheese (Egg),'20.00','MT189',0
9413,Batata Wada Pav (2 Pcs),'32.00','MT065',0
9414,Batata Wada Sambar (2 Pcs),'32.00','MT066',0
9415,Sada Pav (1 Pc) Egg,'6.00','MT190',0
9416,Batata Vada Usal,'32.00','MT067',0
9417,Plain Maggi,'28.00','MT191',0
9418,Rasam Wada (2 Pcs),'32.00','MT068',0
9419,Veg Maggi,'32.00','MT192',0
9420,Mysore Bonda (2 Pcs),'32.00','MT069',0
9421,Veg Scheswan Maggi,'38.00','MT193',0
9422,Dahi Wada (2 Pcs),'32.00','MT070',0
9423,Butter Maggi,'39.00','MT194',0
9424,Dal Wada (2 Pcs),'32.00','MT071',0
9425,Cheese Maggi,'51.00','MT195',0
9426,Kanda Bhajia,'32.00','MT072',0
9427,Chole Pav (2 Pcs),'38.00','MT073',0
9428,Boiled Egg Maggi,'48.00','MT196',0
9429,Egg Bhurji Maggi,'48.00','MT197',0
9430,Poha,'32.00','MT075',0
9431,Sev Poha,'32.00','MT076',0
9432,Egg Omlet Maggi,'48.00','MT198',0
9433,Egg Half Fry Maggi,'48.00','MT199',0
9434,Upma,'32.00','MT077',0
9435,Egg Full Fry Maggi,'48.00','MT200',0
9436,Sevaya Upma,'32.00','MT078',0
9437,Veg Cheese Maggi,'52.00','MT201',0
9438,Bread Upma,'32.00','MT079',0
9439,Banana Sheera,'32.00','MT080',0
9440,Veg Fry Maggi,'39.00','MT202',0
9441,Egg Maggi,'48.00','MT203',0
9442,Cheese Chilly Toast,'45.00','MT081',0
9443,Chicken Masala Pav,'51.00','MT082',0
9444,Chicken Maggi,'48.00','MT204',0
9445,Veg Pasta,'38.00','MT083',0
9446,Schezwan Fried Maggi,'48.00','MT205',0
9447,Schezwan Aloo Bonda (2 Pcs),'32.00','MT084',0
9448,Chicken Tikka Pav,'51.00','MT085',0
9449,Veg Chowmein Maggi,'39.00','MT206',0
9450,Pineapple Sheera,'32.00','MT086',0
9451,Omlet Fried Maggi,'55.00','MT207',0
9452,Keshri Sheera,'32.00','MT087',0
9453,Chi Fried Maggi,'55.00','MT208',0
9454,Ussal Pav,'32.00','MT088',0
9455,Maggi Veg Fried,'39.00','MT209',0
9456,Maggi Schezwan,'39.00','MT210',0
9457,Missal Pav,'32.00','MT089',0
9458,Maggie Chicken Schezwan,'55.00','MT211',0
9459,Ragda Patice,'32.00','MT090',0
9460,Veg Cutlet,'32.00','MT091',0
9461,Maggie Schewan Cheese,'59.00','MT212',0
9462,Veg Pattice,'32.00','MT092',0
9463,Extra Butter (Maggi),'7.00','MT213',0
9464,Extra Cheese (Maggi),'20.00','MT214',0
9465,Dahi Kachori,'32.00','MT093',0
9466,Sabudana Khichdi,'32.00','MT094',0
9467,Extra Schezwan (Maggi),'7.00','MT215',0
9468,Sabudana Wada,'32.00','MT095',0
9469,Sada Dosa,'20.00','MT216',0
9470,Khaman Dhokla,'32.00','MT096',0
9471,Butter Sada Dosa,'25.00','MT217',0
9472,White Dhokla,'32.00','MT097',0
9473,Cheese Sada Dosa,'39.00','MT218',0
9474,Patti Samosa (2 pcs),'32.00','MT098',0
9475,Onion Sada Dosa,'25.00','MT219',0
9476,Cocktail Samosa (2 pcs),'32.00','MT099',0
9477,Butter Onion Sada Dosa,'32.00','MT220',0
9478,Veg Samosa (2 pcs),'32.00','MT100',0
9479,Chee Onion Sada Dosa,'45.00','MT221',0
9480,Veg Spring Roll ,'32.00','MT101',0
9481,Masala Dosa,'25.00','MT222',0
9482,Chicken Spring Roll,'38.00','MT102',0
9483,Butter Masala Dosa,'32.00','MT223',0
9484,Paneer Bhurji Pav,'38.00','MT103',0
9485,Cheese Masala Dosa,'52.00','MT224',0
9486,Boiled Egg Pakoda (3 Pcs),'38.00','MT104',0
9487,Onion Masala Dosa,'32.00','MT225',0
9488,Chicken Lollypop (3 Pcs),'51.00','MT105',0
9489,Palak Sada Dosa,'25.00','MT226',0
9490,Chicken Kheema Pav,'51.00','MT106',0
9491,Butter Palak Sada Dosa,'32.00','MT227',0
9492,Chicken 65 Pav,'51.00','MT107',0
9493,Cheese Palak Sada Dosa,'45.00','MT228',0
9494,Veg Chop (2 pcs),'32.00','MT108',0
9495,Palak Masala Dosa,'32.00','MT229',0
9496,Veg Burger,'45.00','MT109',0
9497,Butter Palak Masala Dosa,'39.00','MT230',0
9498,Chicken Burger,'51.00','MT110',0
9499,Cheese Palak Masala Dosa,'52.00','MT231',0
9500,Tomato Omlet,'32.00','MT111',0
9501,Schezwan  Sada Dosa,'25.00','MT232',0
9502,Butter Schezwan Sada Dosa,'32.00','MT233',0
9503,Soyabean Chilly,'32.00','MT112',0
9504,Corn Chaat,'32.00','MT113',0
9505,Schezwan Masala Dosa,'32.00','MT234',0
9506,Butter Schezwan Masala Dosa,'39.00','MT235',0
9507,Moong Chaat,'32.00','MT114',0
9508,Cheese Masala Schezwan Dosa,'52.00','MT236',0
9509,Chole Samosa,'32.00','MT115',0
9510,Samosa Pav,'32.00','MT116',0
9511,Mysore Sada Dosa,'25.00','MT237',0
9512,Khandvi,'38.00','MT117',0
9513,Butter Mysore Sada Dosa,'32.00','MT238',0
9514,Cheese Mysore Sada Dosa,'45.00','MT239',0
9515,Methi Pakoda,'32.00','MT118',0
9516,Bread Pakoda,'32.00','MT119',0
9517,Mysore Masala Dosa,'32.00','MT240',0
9518,Chinese Pakoda,'32.00','MT120',0
9519,Butter Mysore Masala Dosa,'39.00','MT241',0
9520,Chinese Bhel,'32.00','MT121',0
9521,Cheese Mysore Masala Dosa,'52.00','MT242',0
9522,Veg Ball In Garlic Sauce Dry,'32.00','MT122',0
9523,Spring Masala Dosa,'38.00','MT243',0
9524,Kathi Roll,'38.00','MT124',0
9525,Plain Uttappam,'25.00','MT244',0
9526,Dabeli Pav,'32.00','MT125',0
9527,Masala Uttappam,'38.00','MT245',0
9528,Bruchetta,'45.00','MT126',0
9529,Onion Uttappam,'32.00','MT246',0
9530,Tomato Uttappam,'32.00','MT247',0
9531,Chilly Pakoda,'32.00','MT127',0
9532,Ghavane,'32.00','MT128',0
9533,Onion Tomato Uttappam,'32.00','MT248',0
9534,Carrot Uttappam,'32.00','MT249',0
9535,Puri Bhaji ,'45.00','MT074',0
9536,Capsicum Uttappam,'32.00','MT250',0
9537,Chole Puri,'45.00','MT130',0
9538,Kathi Roll Chicken,'51.00','MT131',0
9539,Carrot Capsicum Uttappam,'32.00','MT251',0
9540,Veg Manchurian Dry,'32.00','MT132',0
9541,Set Dosa Alu Rassa,'32.00','MT252',0
9542,Butter Set Dosa Alu Rassa,'39.00','MT253',0
9543,Chicken Lollypop,'51.00','MT133',0
9544,Cheese Vegetable Dosa,'51.00','MT254',0
9545,Veg Chilly Dry,'32.00','MT134',0
9546,Egg Dosa,'51.00','MT255',0
9547,Paneer Pakoda,'38.00','MT135',0
9548,Moong Dal Chilla,'32.00','MT256',0
9549,Veg Pizza,'45.00','MT136',0
9550,Besan Chilla,'32.00','MT257',0
9551,Non Veg Pizza,'63.00','MT137',0
9552,Thali Peeth,'38.00','MT258',0
9553,Cheese Wrap,'51.00','MT138',0
9554,Aloo Paratha,'32.00','MT259',0
9555,Chicken Manchurian Dry,'51.00','MT139',0
9556,Mooli Paratha,'32.00','MT260',0
9557,Chicken Chilly Dry,'51.00','MT140',0
9558,Gobi Paratha,'32.00','MT261',0
9559,Dahi Bhalla,'32.00','MT141',0
9560,Veg Paratha,'32.00','MT262',0
9561,Veg Manchurian Roll,'32.00','MT142',0
9562,Methi Paratha,'32.00','MT263',0
9563,Mexican Toast,'38.00','MT143',0
9564,Punjabi Paratha,'32.00','MT264',0
9565,Moong Dal Bhajiya,'32.00','MT144',0
9566,Paneer Paratha,'32.00','MT265',0
9567,Puneri Misal Pav,'32.00','MT145',0
9568,Paratha Paneer,'32.00','MT266',0
9569,Palak Pakoda,'32.00','MT146',0
9570,Bread Roll,'32.00','MT147',0
9571,Paratha Cheese,'32.00','MT267',0
9572,Paneer Kathi Roll,'38.00','MT148',0
9573,Extra Butter (Dosa),'7.00','MT268',0
9574,Chicken Manchurian Roll,'51.00','MT149',0
9575,Extra Cheese (Dosa),'20.00','MT269',0
9576,Mushroom Cheese Fitter,'38.00','MT150',0
9577,Extra Schezwan (Dosa),'7.00','MT270',0
9578,Chicken Roll,'51.00','MT151',0
9579,Veg Lollipop,'38.00','MT152',0
9580,Chicken Frankie,'51.00','MT153',0
9581,Chole Bhature,'83.00','MT154',0
9582,Dal Pakwan,'45.00','MT155',0
9583,Veg Puff,'32.00','MT156',0
9584,Cheese Momos,'51.00','MT157',0
9585,Classic  Veg Momos,'65.00','MT158',0
9586,Schexwan Veg Momos,'65.00','MT159',0
9587,Chicken Classic Momos,'75.00','MT160',0
9588,Schezwan Chicken Momos,'75.00','MT161',0
9589,Patra,'38.00','MT162',0
9590,Veg Noodels,'38.00','MT163',0
9591,Chicken Noodles,'51.00','MT164',0
9592,Pav Bhaji,'45.00','MT165',0
9593,Sada Pav (1 Pc),'6.00','MT166',0
9594,Bread Slice (1 Pc),'7.00','MT167',0
9595,Egg Omlet Pav,'38.00','MT168',0
9596,Egg Bhurji Pav,'38.00','MT169',0
9597,Egg Half Fry Pav,'38.00','MT170',0
9598,Egg Full Fry Pav,'38.00','MT171',0
9599,Bioled Egg Bhurji Pav,'38.00','MT172',0
9600,Egg Masala Omlet Pav,'38.00','MT173',0
9601,Egg 81 Pav,'38.00','MT174',0
9602,Boiled Egg (1 pc),'10.00','MT175',0
9603,Masala Boiled Egg,'26.00','MT176',0
9604,Egg Mauritius,'38.00','MT177',0
9605,Boiled Egg Bhurji (No Pav),'38.00','MT178',0
9606,Half Fry (No Pav),'38.00','MT179',0
9607,Full Fry (No Pav),'38.00','MT180',0
9608,Masala Omlet (No Pav),'38.00','MT181',0
9609,Egg 81 (No Pav),'38.00','MT182',0
9610,Egg Scrambled,'38.00','MT183',0
9611,Egg Roll,'38.00','MT184',0
9612,Egg Benedict (Sunny Side Up),'38.00','MT185',0
9613,Egg White Omlet Pav,'38.00','MT186',0
9614,Egg Spanish Omlet Pav,'51.00','MT187',0
9615,Extra Butter (Egg),'7.00','MT188',0
9616,Extra Cheese (Egg),'20.00','MT189',0
9617,Sada Pav (1 Pc) Egg,'6.00','MT190',0
9618,Plain Maggi,'28.00','MT191',0
9619,Veg Maggi,'32.00','MT192',0
9620,Veg Scheswan Maggi,'38.00','MT193',0
9621,Butter Maggi,'39.00','MT194',0
9622,Cheese Maggi,'51.00','MT195',0
9623,Boiled Egg Maggi,'48.00','MT196',0
9624,Egg Bhurji Maggi,'48.00','MT197',0
9625,Egg Omlet Maggi,'48.00','MT198',0
9626,Egg Half Fry Maggi,'48.00','MT199',0
9627,Egg Full Fry Maggi,'48.00','MT200',0
9628,Veg Cheese Maggi,'52.00','MT201',0
9629,Veg Fry Maggi,'39.00','MT202',0
9630,Egg Maggi,'48.00','MT203',0
9631,Chicken Maggi,'48.00','MT204',0
9632,Schezwan Fried Maggi,'48.00','MT205',0
9633,Veg Chowmein Maggi,'39.00','MT206',0
9634,Omlet Fried Maggi,'55.00','MT207',0
9635,Chi Fried Maggi,'55.00','MT208',0
9636,Maggi Veg Fried,'39.00','MT209',0
9637,Maggi Schezwan,'39.00','MT210',0
9638,Maggie Chicken Schezwan,'55.00','MT211',0
9639,Maggie Schewan Cheese,'59.00','MT212',0
9640,Extra Butter (Maggi),'7.00','MT213',0
9641,Extra Cheese (Maggi),'20.00','MT214',0
9642,Extra Schezwan (Maggi),'7.00','MT215',0
9643,Sada Dosa,'20.00','MT216',0
9644,Butter Sada Dosa,'25.00','MT217',0
9645,Cheese Sada Dosa,'39.00','MT218',0
9646,Onion Sada Dosa,'25.00','MT219',0
9647,Butter Onion Sada Dosa,'32.00','MT220',0
9648,Chee Onion Sada Dosa,'45.00','MT221',0
9649,Masala Dosa,'25.00','MT222',0
9650,Butter Masala Dosa,'32.00','MT223',0
9651,Cheese Masala Dosa,'52.00','MT224',0
9652,Onion Masala Dosa,'32.00','MT225',0
9653,Palak Sada Dosa,'25.00','MT226',0
9654,Butter Palak Sada Dosa,'32.00','MT227',0
9655,Cheese Palak Sada Dosa,'45.00','MT228',0
9656,Palak Masala Dosa,'32.00','MT229',0
9657,Butter Palak Masala Dosa,'39.00','MT230',0
9658,Cheese Palak Masala Dosa,'52.00','MT231',0
9659,Schezwan  Sada Dosa,'25.00','MT232',0
9660,Butter Schezwan Sada Dosa,'32.00','MT233',0
9661,Schezwan Masala Dosa,'32.00','MT234',0
9662,Butter Schezwan Masala Dosa,'39.00','MT235',0
9663,Cheese Masala Schezwan Dosa,'52.00','MT236',0
9664,Mysore Sada Dosa,'25.00','MT237',0
9665,Butter Mysore Sada Dosa,'32.00','MT238',0
9666,Cheese Mysore Sada Dosa,'45.00','MT239',0
9667,Mysore Masala Dosa,'32.00','MT240',0
9668,Butter Mysore Masala Dosa,'39.00','MT241',0
9669,Cheese Mysore Masala Dosa,'52.00','MT242',0
9670,Spring Masala Dosa,'38.00','MT243',0
9671,Plain Uttappam,'25.00','MT244',0
9672,Masala Uttappam,'38.00','MT245',0
9673,Onion Uttappam,'32.00','MT246',0
9674,Tomato Uttappam,'32.00','MT247',0
9675,Onion Tomato Uttappam,'32.00','MT248',0
9676,Carrot Uttappam,'32.00','MT249',0
9677,Capsicum Uttappam,'32.00','MT250',0
9678,Carrot Capsicum Uttappam,'32.00','MT251',0
9679,Set Dosa Alu Rassa,'32.00','MT252',0
9680,Butter Set Dosa Alu Rassa,'39.00','MT253',0
9681,Cheese Vegetable Dosa,'51.00','MT254',0
9682,Egg Dosa,'51.00','MT255',0
9683,Moong Dal Chilla,'32.00','MT256',0
9684,Besan Chilla,'32.00','MT257',0
9685,Thali Peeth,'38.00','MT258',0
9686,Aloo Paratha,'32.00','MT259',0
9687,Mooli Paratha,'32.00','MT260',0
9688,Gobi Paratha,'32.00','MT261',0
9689,Veg Paratha,'32.00','MT262',0
9690,Methi Paratha,'32.00','MT263',0
9691,Punjabi Paratha,'32.00','MT264',0
9692,Paneer Paratha,'32.00','MT265',0
9693,Paratha Paneer,'32.00','MT266',0
9694,Paratha Cheese,'32.00','MT267',0
9695,Extra Butter (Dosa),'7.00','MT268',0
9696,Extra Cheese (Dosa),'20.00','MT269',0
9697,Extra Schezwan (Dosa),'7.00','MT270',0
9698,Cheese Sandwich,'38.00','MT271',0
9699,Chicken Mayo Sandwich,'63.00','MT272',0
9700,Omelet Cheese Sandwich,'58.00','MT273',0
9701,Veg Cheese Sandwich,'58.00','MT274',0
9702,Cheese Chutney,'38.00','MT275',0
9703,Bread Butter Jam Sandwich,'25.00','MT276',0
9704,Bread Butter Sandwich,'20.00','MT277',0
9705,Chutney Sandwich,'20.00','MT278',0
9706,Aloo Masala Toast Sandwich,'38.00','MT279',0
9707,Vegetable Sandwich,'38.00','MT280',0
9708,Veg Club Sandwich,'72.00','MT281',0
9709,Paneer Sandwich,'51.00','MT282',0
9710,Boiled Egg Sandwich,'38.00','MT283',0
9711,Omlette Sandwich,'38.00','MT284',0
9712,Chicken Club Sandwich,'83.00','MT285',0
9713,Chicken Mayo Sandwich,'63.00','MT286',0
9714,Chicken Tikka Sandwich,'63.00','MT287',0
9715,Extra Cheese,'20.00','MT288',0
9716,Extra Butter,'9.00','MT289',0
9717,Choice Of Bread - Baguette,'20.00','MT290',0
9718,Grilled Paneer,'101.00','MT291',0
9719,Grilled Chicken,'101.00','MT292',0
9720,Griiled Fish,'115.00','MT293',0
9721,Veg Soup,'45.00','MT294',0
9722,Non Veg Soup,'58.00','MT295',0
9723,Veg Health Salad,'70.00','MT296',0
9724,Paneer Healthy Salad,'82.00','MT297',0
9725,Chicken Healthy Salad,'82.00','MT298',0
9726,Veg Multigrain,'71.00','MT299',0
9727,Panner Multigrain,'82.00','MT300',0
9728,Chicken Tikka Multigrain,'82.00','MT301',0
9729,Choice Of Bread - Multi Grain Bread,'20.00','MT302',0
9730,Neer Dosa (3 Pcs),'32.00','MT062',0
9731,Medu Wada Sambar (2 Pcs),'32.00','MT063',0
9732,Batata Wada (2 Pcs),'32.00','MT064',0
9733,Batata Wada Pav (2 Pcs),'32.00','MT065',0
9734,Batata Wada Sambar (2 Pcs),'32.00','MT066',0
9735,Batata Vada Usal,'32.00','MT067',0
9736,Rasam Wada (2 Pcs),'32.00','MT068',0
9737,Mysore Bonda (2 Pcs),'32.00','MT069',0
9738,Dahi Wada (2 Pcs),'32.00','MT070',0
9739,Dal Wada (2 Pcs),'32.00','MT071',0
9740,Kanda Bhajia,'32.00','MT072',0
9741,Chole Pav (2 Pcs),'38.00','MT073',0
9742,Poha,'32.00','MT075',0
9743,Sev Poha,'32.00','MT076',0
9744,Upma,'32.00','MT077',0
9745,Sevaya Upma,'32.00','MT078',0
9746,Bread Upma,'32.00','MT079',0
9747,Banana Sheera,'32.00','MT080',0
9748,Cheese Chilly Toast,'45.00','MT081',0
9749,Chicken Masala Pav,'51.00','MT082',0
9750,Veg Pasta,'38.00','MT083',0
9751,Schezwan Aloo Bonda (2 Pcs),'32.00','MT084',0
9752,Chicken Tikka Pav,'51.00','MT085',0
9753,Pineapple Sheera,'32.00','MT086',0
9754,Keshri Sheera,'32.00','MT087',0
9755,Ussal Pav,'32.00','MT088',0
9756,Missal Pav,'32.00','MT089',0
9757,Ragda Patice,'32.00','MT090',0
9758,Veg Cutlet,'32.00','MT091',0
9759,Veg Pattice,'32.00','MT092',0
9760,Dahi Kachori,'32.00','MT093',0
9761,Sabudana Khichdi,'32.00','MT094',0
9762,Sabudana Wada,'32.00','MT095',0
9763,Khaman Dhokla,'32.00','MT096',0
9764,White Dhokla,'32.00','MT097',0
9765,Patti Samosa (2 pcs),'32.00','MT098',0
9766,Cocktail Samosa (2 pcs),'32.00','MT099',0
9767,Veg Samosa (2 pcs),'32.00','MT100',0
9768,Veg Spring Roll ,'32.00','MT101',0
9769,Chicken Spring Roll,'38.00','MT102',0
9770,Paneer Bhurji Pav,'38.00','MT103',0
9771,Boiled Egg Pakoda (3 Pcs),'38.00','MT104',0
9772,Chicken Lollypop (3 Pcs),'51.00','MT105',0
9773,Chicken Kheema Pav,'51.00','MT106',0
9774,Chicken 65 Pav,'51.00','MT107',0
9775,Veg Chop (2 pcs),'32.00','MT108',0
9776,Veg Burger,'45.00','MT109',0
9777,Chicken Burger,'51.00','MT110',0
9778,Tomato Omlet,'32.00','MT111',0
9779,Soyabean Chilly,'32.00','MT112',0
9780,Corn Chaat,'32.00','MT113',0
9781,Moong Chaat,'32.00','MT114',0
9782,Chole Samosa,'32.00','MT115',0
9783,Samosa Pav,'32.00','MT116',0
9784,Khandvi,'38.00','MT117',0
9785,Methi Pakoda,'32.00','MT118',0
9786,Bread Pakoda,'32.00','MT119',0
9787,Chinese Pakoda,'32.00','MT120',0
9788,Chinese Bhel,'32.00','MT121',0
9789,Veg Ball In Garlic Sauce Dry,'32.00','MT122',0
9790,Kathi Roll,'38.00','MT124',0
9791,Dabeli Pav,'32.00','MT125',0
9792,Bruchetta,'45.00','MT126',0
9793,Chilly Pakoda,'32.00','MT127',0
9794,Ghavane,'32.00','MT128',0
9795,Puri Bhaji ,'45.00','MT074',0
9796,Chole Puri,'45.00','MT130',0
9797,Kathi Roll Chicken,'51.00','MT131',0
9798,Veg Manchurian Dry,'32.00','MT132',0
9799,Chicken Lollypop,'51.00','MT133',0
9800,Veg Chilly Dry,'32.00','MT134',0
9801,Paneer Pakoda,'38.00','MT135',0
9802,Veg Pizza,'45.00','MT136',0
9803,Non Veg Pizza,'63.00','MT137',0
9804,Cheese Wrap,'51.00','MT138',0
9805,Chicken Manchurian Dry,'51.00','MT139',0
9806,Chicken Chilly Dry,'51.00','MT140',0
9807,Dahi Bhalla,'32.00','MT141',0
9808,Veg Manchurian Roll,'32.00','MT142',0
9809,Mexican Toast,'38.00','MT143',0
9810,Moong Dal Bhajiya,'32.00','MT144',0
9811,Puneri Misal Pav,'32.00','MT145',0
9812,Palak Pakoda,'32.00','MT146',0
9813,Bread Roll,'32.00','MT147',0
9814,Paneer Kathi Roll,'38.00','MT148',0
9815,Chicken Manchurian Roll,'51.00','MT149',0
9816,Mushroom Cheese Fitter,'38.00','MT150',0
9817,Chicken Roll,'51.00','MT151',0
9818,Veg Lollipop,'38.00','MT152',0
9819,Chicken Frankie,'51.00','MT153',0
9820,Chole Bhature,'83.00','MT154',0
9821,Dal Pakwan,'45.00','MT155',0
9822,Veg Puff,'32.00','MT156',0
9823,Cheese Momos,'51.00','MT157',0
9824,Classic  Veg Momos,'65.00','MT158',0
9825,Schexwan Veg Momos,'65.00','MT159',0
9826,Chicken Classic Momos,'75.00','MT160',0
9827,Schezwan Chicken Momos,'75.00','MT161',0
9828,Patra,'38.00','MT162',0
9829,Veg Noodels,'38.00','MT163',0
9830,Chicken Noodles,'51.00','MT164',0
9831,Pav Bhaji,'45.00','MT165',0
9832,Sada Pav (1 Pc),'6.00','MT166',0
9833,Bread Slice (1 Pc),'7.00','MT167',0
9834,Egg Omlet Pav,'38.00','MT168',0
9835,Egg Bhurji Pav,'38.00','MT169',0
9836,Egg Half Fry Pav,'38.00','MT170',0
9837,Egg Full Fry Pav,'38.00','MT171',0
9838,Bioled Egg Bhurji Pav,'38.00','MT172',0
9839,Egg Masala Omlet Pav,'38.00','MT173',0
9840,Egg 81 Pav,'38.00','MT174',0
9841,Boiled Egg (1 pc),'10.00','MT175',0
9842,Masala Boiled Egg,'26.00','MT176',0
9843,Egg Mauritius,'38.00','MT177',0
9844,Boiled Egg Bhurji (No Pav),'38.00','MT178',0
9845,Half Fry (No Pav),'38.00','MT179',0
9846,Full Fry (No Pav),'38.00','MT180',0
9847,Masala Omlet (No Pav),'38.00','MT181',0
9848,Egg 81 (No Pav),'38.00','MT182',0
9849,Egg Scrambled,'38.00','MT183',0
9850,Egg Roll,'38.00','MT184',0
9851,Egg Benedict (Sunny Side Up),'38.00','MT185',0
9852,Egg White Omlet Pav,'38.00','MT186',0
9853,Egg Spanish Omlet Pav,'51.00','MT187',0
9854,Extra Butter (Egg),'7.00','MT188',0
9855,Extra Cheese (Egg),'20.00','MT189',0
9856,Sada Pav (1 Pc) Egg,'6.00','MT190',0
9857,Plain Maggi,'28.00','MT191',0
9858,Veg Maggi,'32.00','MT192',0
9859,Veg Scheswan Maggi,'38.00','MT193',0
9860,Butter Maggi,'39.00','MT194',0
9861,Cheese Maggi,'51.00','MT195',0
9862,Boiled Egg Maggi,'48.00','MT196',0
9863,Egg Bhurji Maggi,'48.00','MT197',0
9864,Egg Omlet Maggi,'48.00','MT198',0
9865,Egg Half Fry Maggi,'48.00','MT199',0
9866,Egg Full Fry Maggi,'48.00','MT200',0
9867,Veg Cheese Maggi,'52.00','MT201',0
9868,Veg Fry Maggi,'39.00','MT202',0
9869,Egg Maggi,'48.00','MT203',0
9870,Chicken Maggi,'48.00','MT204',0
9871,Schezwan Fried Maggi,'48.00','MT205',0
9872,Veg Chowmein Maggi,'39.00','MT206',0
9873,Omlet Fried Maggi,'55.00','MT207',0
9874,Chi Fried Maggi,'55.00','MT208',0
9875,Maggi Veg Fried,'39.00','MT209',0
9876,Maggi Schezwan,'39.00','MT210',0
9877,Maggie Chicken Schezwan,'55.00','MT211',0
9878,Maggie Schewan Cheese,'59.00','MT212',0
9879,Extra Butter (Maggi),'7.00','MT213',0
9880,Extra Cheese (Maggi),'20.00','MT214',0
9881,Extra Schezwan (Maggi),'7.00','MT215',0
9882,Sada Dosa,'20.00','MT216',0
9883,Butter Sada Dosa,'25.00','MT217',0
9884,Cheese Sada Dosa,'39.00','MT218',0
9885,Onion Sada Dosa,'25.00','MT219',0
9886,Butter Onion Sada Dosa,'32.00','MT220',0
9887,Chee Onion Sada Dosa,'45.00','MT221',0
9888,Masala Dosa,'25.00','MT222',0
9889,Butter Masala Dosa,'32.00','MT223',0
9890,Cheese Masala Dosa,'52.00','MT224',0
9891,Onion Masala Dosa,'32.00','MT225',0
9892,Palak Sada Dosa,'25.00','MT226',0
9893,Butter Palak Sada Dosa,'32.00','MT227',0
9894,Cheese Palak Sada Dosa,'45.00','MT228',0
9895,Palak Masala Dosa,'32.00','MT229',0
9896,Butter Palak Masala Dosa,'39.00','MT230',0
9897,Cheese Palak Masala Dosa,'52.00','MT231',0
9898,Schezwan  Sada Dosa,'25.00','MT232',0
9899,Butter Schezwan Sada Dosa,'32.00','MT233',0
9900,Schezwan Masala Dosa,'32.00','MT234',0
9901,Butter Schezwan Masala Dosa,'39.00','MT235',0
9902,Cheese Masala Schezwan Dosa,'52.00','MT236',0
9903,Mysore Sada Dosa,'25.00','MT237',0
9904,Butter Mysore Sada Dosa,'32.00','MT238',0
9905,Cheese Mysore Sada Dosa,'45.00','MT239',0
9906,Mysore Masala Dosa,'32.00','MT240',0
9907,Butter Mysore Masala Dosa,'39.00','MT241',0
9908,Cheese Mysore Masala Dosa,'52.00','MT242',0
9909,Spring Masala Dosa,'38.00','MT243',0
9910,Plain Uttappam,'25.00','MT244',0
9911,Masala Uttappam,'38.00','MT245',0
9912,Onion Uttappam,'32.00','MT246',0
9913,Tomato Uttappam,'32.00','MT247',0
9914,Onion Tomato Uttappam,'32.00','MT248',0
9915,Carrot Uttappam,'32.00','MT249',0
9916,Capsicum Uttappam,'32.00','MT250',0
9917,Carrot Capsicum Uttappam,'32.00','MT251',0
9918,Set Dosa Alu Rassa,'32.00','MT252',0
9919,Butter Set Dosa Alu Rassa,'39.00','MT253',0
9920,Cheese Vegetable Dosa,'51.00','MT254',0
9921,Egg Dosa,'51.00','MT255',0
9922,Moong Dal Chilla,'32.00','MT256',0
9923,Besan Chilla,'32.00','MT257',0
9924,Thali Peeth,'38.00','MT258',0
9925,Aloo Paratha,'32.00','MT259',0
9926,Mooli Paratha,'32.00','MT260',0
9927,Gobi Paratha,'32.00','MT261',0
9928,Veg Paratha,'32.00','MT262',0
9929,Methi Paratha,'32.00','MT263',0
9930,Punjabi Paratha,'32.00','MT264',0
9931,Paneer Paratha,'32.00','MT265',0
9932,Paratha Paneer,'32.00','MT266',0
9933,Paratha Cheese,'32.00','MT267',0
9934,Extra Butter (Dosa),'7.00','MT268',0
9935,Extra Cheese (Dosa),'20.00','MT269',0
9936,Extra Schezwan (Dosa),'7.00','MT270',0
9937,Regular Tea - 100 ml,'10.00','MT313',0
9938,Regular Tea - 140 ml,'15.00','MT314',0
9939,Life Tea,'15.00','MT315',0
9940,Life Tea - Ginger,'17.00','MT316',0
9941,Masala Tea,'13.00','MT317',0
9942,Ginger Lemon Tea,'13.00','MT318',0
9943,Filter Coffee - 100 ml,'15.00','MT319',0
9944,Filter Coffee - 140 ml,'20.00','MT320',0
9945,Nescafe,'20.00','MT321',0
9946,Black Coffee,'13.00','MT322',0
9947,Badam Milk,'20.00','MT323',0
9948,Horlicks,'20.00','MT324',0
9949,Bournvita,'20.00','MT325',0
9950,Boost,'20.00','MT326',0
9951,Ragi Malt,'20.00','MT327',0
9952,Hot Chocolate,'20.00','MT328',0
9953,Bun Butter,'20.00','MT329',0
9954,Bun Jam,'20.00','MT330',0
9955,Bun Butter Jam,'23.00','MT331',0
9956,Bun Butter Cheese,'32.00','MT332',0
9957,Bun Butter Jam Cheese,'33.00','MT333',0
9958,Palin Bun,'10.00','MT334',0
9959,Holy Tulsi,'15.00','MT335',0
9960,Calm Tea,'15.00','MT336',0
9961,Yellow Milk,'17.00','MT337',0
9962,Refresh Tea,'15.00','MT338',0
9963,Pepper Khashaya,'15.00','MT339',0
9964,Green Tea,'15.00','MT340',0
9965,Diabetic Tea,'15.00','MT341',0
9966,Cold Bournvita,'28.00','MT342',0
9967,Cold Horlicks,'28.00','MT343',0
9968,Cold Badam Milk,'28.00','MT344',0
9969,Cold Chocolate,'28.00','MT345',0
9970,Cold Coffee,'28.00','MT346',0
9971,Cold Boost,'28.00','MT347',0
9972,Boost,'28.00','MT348',0
9973,White Bread Butter,'20.00','MT349',0
9974,Brown Bread Butter,'23.00','MT350',0
9975,White Bread Jam,'20.00','MT351',0
9976,Brown Bread Jam,'32.00','MT352',0
9977,White Bread Cheese,'32.00','MT353',0
9978,Brown Bread Cheese,'38.00','MT354',0
9979,Cookies (1 pc),'8.00','MT355',0
9980,Toast (1 pc),'8.00','MT356',0
9981,Jeera Butter (1 pc),'8.00','MT357',0
9982,Sev Poha,'32.00','MT076',0
9983,Upma,'32.00','MT077',0
9984,Sevaya Upma,'32.00','MT078',0
9985,Bread Upma,'32.00','MT079',0
9986,Banana Sheera,'32.00','MT080',0
9987,Cheese Chilly Toast,'45.00','MT081',0
9988,Chicken Masala Pav,'51.00','MT082',0
9989,Veg Pasta,'38.00','MT083',0
9990,Schezwan Aloo Bonda (2 Pcs),'32.00','MT084',0
9991,Chicken Tikka Pav,'51.00','MT085',0
9992,Pineapple Sheera,'32.00','MT086',0
9993,Keshri Sheera,'32.00','MT087',0
9994,Ussal Pav,'32.00','MT088',0
9995,Missal Pav,'32.00','MT089',0
9996,Ragda Patice,'32.00','MT090',0
9997,Veg Cutlet,'32.00','MT091',0
9998,Veg Pattice,'32.00','MT092',0
9999,Dahi Kachori,'32.00','MT093',0
10000,Sabudana Khichdi,'32.00','MT094',0
10001,Sabudana Wada,'32.00','MT095',0
10002,Khaman Dhokla,'32.00','MT096',0
10003,White Dhokla,'32.00','MT097',0
10004,Patti Samosa (2 pcs),'32.00','MT098',0
10005,Cocktail Samosa (2 pcs),'32.00','MT099',0
10006,Veg Samosa (2 pcs),'32.00','MT100',0
10007,Veg Spring Roll ,'32.00','MT101',0
10008,Chicken Spring Roll,'38.00','MT102',0
10009,Paneer Bhurji Pav,'38.00','MT103',0
10010,Boiled Egg Pakoda (3 Pcs),'38.00','MT104',0
10011,Chicken Lollypop (3 Pcs),'51.00','MT105',0
10012,Chicken Kheema Pav,'51.00','MT106',0
10013,Chicken 65 Pav,'51.00','MT107',0
10014,Veg Chop (2 pcs),'32.00','MT108',0
10015,Veg Burger,'45.00','MT109',0
10016,Chicken Burger,'51.00','MT110',0
10017,Tomato Omlet,'32.00','MT111',0
10018,Soyabean Chilly,'32.00','MT112',0
10019,Corn Chaat,'32.00','MT113',0
10020,Moong Chaat,'32.00','MT114',0
10021,Chole Samosa,'32.00','MT115',0
10022,Samosa Pav,'32.00','MT116',0
10023,Khandvi,'38.00','MT117',0
10024,Methi Pakoda,'32.00','MT118',0
10025,Bread Pakoda,'32.00','MT119',0
10026,Chinese Pakoda,'32.00','MT120',0
10027,Chinese Bhel,'32.00','MT121',0
10028,Veg Ball In Garlic Sauce Dry,'32.00','MT122',0
10029,Kathi Roll,'38.00','MT124',0
10030,Dabeli Pav,'32.00','MT125',0
10031,Bruchetta,'45.00','MT126',0
10032,Chilly Pakoda,'32.00','MT127',0
10033,Ghavane,'32.00','MT128',0
10034,Puri Bhaji ,'45.00','MT074',0
10035,Chole Puri,'45.00','MT130',0
10036,Kathi Roll Chicken,'51.00','MT131',0
10037,Veg Manchurian Dry,'32.00','MT132',0
10038,Chicken Lollypop,'51.00','MT133',0
10039,Veg Chilly Dry,'32.00','MT134',0
10040,Paneer Pakoda,'38.00','MT135',0
10041,Veg Pizza,'45.00','MT136',0
10042,Non Veg Pizza,'63.00','MT137',0
10043,Cheese Wrap,'51.00','MT138',0
10044,Chicken Manchurian Dry,'51.00','MT139',0
10045,Chicken Chilly Dry,'51.00','MT140',0
10046,Dahi Bhalla,'32.00','MT141',0
10047,Veg Manchurian Roll,'32.00','MT142',0
10048,Mexican Toast,'38.00','MT143',0
10049,Moong Dal Bhajiya,'32.00','MT144',0
10050,Puneri Misal Pav,'32.00','MT145',0
10051,Palak Pakoda,'32.00','MT146',0
10052,Bread Roll,'32.00','MT147',0
10053,Paneer Kathi Roll,'38.00','MT148',0
10054,Chicken Manchurian Roll,'51.00','MT149',0
10055,Mushroom Cheese Fitter,'38.00','MT150',0
10056,Chicken Roll,'51.00','MT151',0
10057,Veg Lollipop,'38.00','MT152',0
10058,Chicken Frankie,'51.00','MT153',0
10059,Chole Bhature,'83.00','MT154',0
10060,Dal Pakwan,'45.00','MT155',0
10061,Veg Puff,'32.00','MT156',0
10062,Cheese Momos,'51.00','MT157',0
10063,Classic  Veg Momos,'65.00','MT158',0
10064,Schexwan Veg Momos,'65.00','MT159',0
10065,Chicken Classic Momos,'75.00','MT160',0
10066,Schezwan Chicken Momos,'75.00','MT161',0
10067,Patra,'38.00','MT162',0
10068,Veg Noodels,'38.00','MT163',0
10069,Chicken Noodles,'51.00','MT164',0
10070,Pav Bhaji,'45.00','MT165',0
10071,Sada Pav (1 Pc),'6.00','MT166',0
10072,Bread Slice (1 Pc),'7.00','MT167',0
10073,Egg Omlet Pav,'38.00','MT168',0
10074,Egg Bhurji Pav,'38.00','MT169',0
10075,Egg Half Fry Pav,'38.00','MT170',0
10076,Egg Full Fry Pav,'38.00','MT171',0
10077,Bioled Egg Bhurji Pav,'38.00','MT172',0
10078,Egg Masala Omlet Pav,'38.00','MT173',0
10079,Egg 81 Pav,'38.00','MT174',0
10080,Boiled Egg (1 pc),'10.00','MT175',0
10081,Masala Boiled Egg,'26.00','MT176',0
10082,Egg Mauritius,'38.00','MT177',0
10083,Boiled Egg Bhurji (No Pav),'38.00','MT178',0
10084,Half Fry (No Pav),'38.00','MT179',0
10085,Full Fry (No Pav),'38.00','MT180',0
10086,Masala Omlet (No Pav),'38.00','MT181',0
10087,Egg 81 (No Pav),'38.00','MT182',0
10088,Egg Scrambled,'38.00','MT183',0
10089,Egg Roll,'38.00','MT184',0
10090,Egg Benedict (Sunny Side Up),'38.00','MT185',0
10091,Egg White Omlet Pav,'38.00','MT186',0
10092,Egg Spanish Omlet Pav,'51.00','MT187',0
10093,Extra Butter (Egg),'7.00','MT188',0
10094,Extra Cheese (Egg),'20.00','MT189',0
10095,Sada Pav (1 Pc) Egg,'6.00','MT190',0
10096,Plain Maggi,'28.00','MT191',0
10097,Veg Maggi,'32.00','MT192',0
10098,Veg Scheswan Maggi,'38.00','MT193',0
10099,Butter Maggi,'39.00','MT194',0
10100,Cheese Maggi,'51.00','MT195',0
10101,Boiled Egg Maggi,'48.00','MT196',0
10102,Egg Bhurji Maggi,'48.00','MT197',0
10103,Egg Omlet Maggi,'48.00','MT198',0
10104,Egg Half Fry Maggi,'48.00','MT199',0
10105,Egg Full Fry Maggi,'48.00','MT200',0
10106,Veg Cheese Maggi,'52.00','MT201',0
10107,Veg Fry Maggi,'39.00','MT202',0
10108,Egg Maggi,'48.00','MT203',0
10109,Chicken Maggi,'48.00','MT204',0
10110,Schezwan Fried Maggi,'48.00','MT205',0
10111,Veg Chowmein Maggi,'39.00','MT206',0
10112,Omlet Fried Maggi,'55.00','MT207',0
10113,Chi Fried Maggi,'55.00','MT208',0
10114,Maggi Veg Fried,'39.00','MT209',0
10115,Maggi Schezwan,'39.00','MT210',0
10116,Maggie Chicken Schezwan,'55.00','MT211',0
10117,Maggie Schewan Cheese,'59.00','MT212',0
10118,Extra Butter (Maggi),'7.00','MT213',0
10119,Extra Cheese (Maggi),'20.00','MT214',0
10120,Extra Schezwan (Maggi),'7.00','MT215',0
10121,Sada Dosa,'20.00','MT216',0
10122,Butter Sada Dosa,'25.00','MT217',0
10123,Cheese Sada Dosa,'39.00','MT218',0
10124,Onion Sada Dosa,'25.00','MT219',0
10125,Butter Onion Sada Dosa,'32.00','MT220',0
10126,Chee Onion Sada Dosa,'45.00','MT221',0
10127,Masala Dosa,'25.00','MT222',0
10128,Butter Masala Dosa,'32.00','MT223',0
10129,Cheese Masala Dosa,'52.00','MT224',0
10130,Onion Masala Dosa,'32.00','MT225',0
10131,Palak Sada Dosa,'25.00','MT226',0
10132,Butter Palak Sada Dosa,'32.00','MT227',0
10133,Cheese Palak Sada Dosa,'45.00','MT228',0
10134,Palak Masala Dosa,'32.00','MT229',0
10135,Butter Palak Masala Dosa,'39.00','MT230',0
10136,Cheese Palak Masala Dosa,'52.00','MT231',0
10137,Schezwan  Sada Dosa,'25.00','MT232',0
10138,Butter Schezwan Sada Dosa,'32.00','MT233',0
10139,Schezwan Masala Dosa,'32.00','MT234',0
10140,Butter Schezwan Masala Dosa,'39.00','MT235',0
10141,Cheese Masala Schezwan Dosa,'52.00','MT236',0
10142,Mysore Sada Dosa,'25.00','MT237',0
10143,Butter Mysore Sada Dosa,'32.00','MT238',0
10144,Cheese Mysore Sada Dosa,'45.00','MT239',0
10145,Mysore Masala Dosa,'32.00','MT240',0
10146,Butter Mysore Masala Dosa,'39.00','MT241',0
10147,Cheese Mysore Masala Dosa,'52.00','MT242',0
10148,Spring Masala Dosa,'38.00','MT243',0
10149,Plain Uttappam,'25.00','MT244',0
10150,Masala Uttappam,'38.00','MT245',0
10151,Onion Uttappam,'32.00','MT246',0
10152,Tomato Uttappam,'32.00','MT247',0
10153,Onion Tomato Uttappam,'32.00','MT248',0
10154,Carrot Uttappam,'32.00','MT249',0
10155,Capsicum Uttappam,'32.00','MT250',0
10156,Carrot Capsicum Uttappam,'32.00','MT251',0
10157,Set Dosa Alu Rassa,'32.00','MT252',0
10158,Butter Set Dosa Alu Rassa,'39.00','MT253',0
10159,Cheese Vegetable Dosa,'51.00','MT254',0
10160,Egg Dosa,'51.00','MT255',0
10161,Moong Dal Chilla,'32.00','MT256',0
10162,Besan Chilla,'32.00','MT257',0
10163,Thali Peeth,'38.00','MT258',0
10164,Aloo Paratha,'32.00','MT259',0
10165,Mooli Paratha,'32.00','MT260',0
10166,Gobi Paratha,'32.00','MT261',0
10167,Veg Paratha,'32.00','MT262',0
10168,Methi Paratha,'32.00','MT263',0
10169,Punjabi Paratha,'32.00','MT264',0
10170,Paneer Paratha,'32.00','MT265',0
10171,Paratha Paneer,'32.00','MT266',0
10172,Paratha Cheese,'32.00','MT267',0
10173,Extra Butter (Dosa),'7.00','MT268',0
10174,Extra Cheese (Dosa),'20.00','MT269',0
10175,Extra Schezwan (Dosa),'7.00','MT270',0
10176,Onion Green Peas Kachori,'45.00','D-67da9bbf13f88',0
10177,Onion Green Peas Kachori,'45.00','D-67da9be880b22',0
10178,Boiled Sprouts,'45.00','D-67db712808594',0
10179,Test111,'111.00','MT001',0
10180,Test1111,'1111.00','MT001',0
10181,Special - Khakhra Chaat,'65.00','D-67dbd250b09bb',0
10182,Special - Soya Samosa Chaat,'65.00','D-67dbd28b9e46d',0
10183,Spicy cottage cheese burger crispy paneer,'110.00','D-67dd01c65e1e3',0
10184,Banana & Almond,Coconut Yoghurt Parfait','105.00',1
10185,Low Fat Chia Pudding,'105.00','D-67de92fb8634f',1
10186,House Baked Samosa,'35.00','D-67dfbd4284020',0
10187,HOUSE BAKED EGG BENEDICT,'42.00','D-67e0504d77fa2',0
10188,Garlic & Paprika Cottage Cheese S/W,'80.00','D-67e07429b4df9',0
10189,SOY PULLED CHICKEN AND JALAPENO CHEESE S/W,'100.00','D-67e075dcd81d2',0
10190,POTATO & ROAST VEGETABLE SALAD,'95.00','D-67e076478885b',0
10191,CHICKEN SAUSAGE AND VEGETABLE SALAD,'110.00','D-67e076a5aa98e',0
10192,DRIED CRANBERRY & GRANOLLA PARFAIT,'110.00','D-67e076e4dcb89',0
10193,COCONUT GINGER OATS SMOOTHIE,'70.00','D-67e0786899a8c',0
10194,PAAN DRYFRUIT MILKSHAKE,'55.00','D-67e07efe73824',0
10195,KHUS SHARBAT,'55.00','D-67e07f44c905d',0
10196,CHILI MINT MASALA MATHA,'33.00','D-67e07f7cdf1b9',0
10197,House Baked Creamy Spinach Toast,'42.00','D-67e0cb7a8c4ad',0
10198,Seasonal Veg & Roasted Chicken Penne Past,'130.00','D-67e0f51fa84f9',0
10199,Seasonal Veg Penne Pasta Herb Cheese Sauce,'110.00','D-67e0f5569aa19',0
10200,Thyme Rubbed Paneer Steak,Roasted Garlic Mashed','110.00',1
10201,Peri Peri Chicken with Harbed Olive Mash,'130.00','D-67e0fd99ed06b',0
10202,Test99,'99.00','MT001',0
10203,Test99,'99.00','MT001',0
10204,Test98,'98.00','MT001',0
10205,Test98,'98.00','MT001',0
10206,Test97,'97.00','MT001',0
10207,Test96,'96.00','MT001',0
10208,Test95,'95.00','MT001',0
10209,Ennai Chicken Varuval,'60.00','D-67e246644e114',0
10210,Rottu Kadai Mushroom Fry,'50.00','D-67e246aa4d996',0
10211,Ennai Chicken Varuval,'60.00','D-67e246dc67821',0
10212,Rottu Kadai Mushroom Fry,'50.00','D-67e24702921d1',0
10213,Veg Combo,'65.00','OLL123',0
10214,Masala Dosa ,'30.00','OLL1234',0
10215,Idly (2 pc),'28.00','OLL1235',0
10216,Chilli Bhajji / Banana / Aloo / Mix,'35.00','OLL1236',0
10217,Chicken Combo,'75.00','OLL1237',0
10218,Chicken Biryani,'85.00','OLL1238',0
10219,Veg Samosa 2 Pcs,'38.00','OLL1239',0
10220,Plain Dosa ,'25.00','OLL1240',0
10221,Vada (1 pc),'22.00','OLL1241',0
10222,Palak Bonda,'38.00','OLL1242',0
10223,Pulao ,'42.00','OLL1243',0
10224,Egg Biryani,'75.00','OLL1244',0
10225,Upma ,'35.00','OLL1245',0
10226,Mangalore Bhajji,'35.00','OLL1246',0
10227,Veg Biryani,'70.00','OLL1247',0
10228,Mysore Bonda,'38.00','OLL1248',0
10229,Goli Bhajji,'35.00','OLL1249',0
10230,Bisibelle Bhat,'35.00','OLL1250',0
10231,Special Dosa,'40.00','OLL1251',0
10232,Masala Omlette,'32.00','OLL1252',0
10233,Chapati Egg Burji,'46.00','OLL1253',0
10234,Vada Pav,'38.00','OLL1254',0
10235,Wheat Bonda,'38.00','OLL1255',0
10236,Pongal,'35.00','OLL1256',0
10237,Set Dosa,'30.00','OLL1257',0
10238,Pav Bhaji,'45.00','OLL1258',0
10239,Masala Vada,'38.00','OLL1259',0
10240,Stuffed paratha ,'35.00','OLL1260',0
10241,Uthapam ,'42.00','OLL1261',0
10242,Maddur Vada 2 pcs,'38.00','OLL1262',0
10243,Chicken Croquets,'50.00','OLL1263',0
10244,Fried Egg,'32.00','OLL1264',0
10245,Kesari Bhat,'35.00','OLL1265',0
10246,Aloo Bonda,'38.00','OLL1266',0
10247,Chow Chow Bhat,'35.00','OLL1267',0
10248,Boiled Eggs,'25.00','OLL1268',0
10249,Jigarthanda,'100.00','D-67e24f1a5677b',0
10250,Turkish shawarma chicken with citrus cous cous,'130.00','D-67e2509e88849',0
10251,Cajun cottage cheese Ratatouille veg,'110.00','D-67e250e70ec62',0
10252,Jigarthanda,'100.00','D-67e251b5a94f4',0
10253,Buttermilk,'25.00','OLL1269',0
10254,Fruit Bowl,'45.00','OLL1270',0
10255,Watermelon Juice,'25.00','OLL1271',0
10256,Orange Juice,'32.00','OLL1272',0
10257,Musk Melon Milk Shake,'40.00','OLL1273',0
10258,Sweet Lime Juice,'32.00','OLL1274',0
10259,Pomegranate Juice,'50.00','OLL1275',0
10260,Musk Melon Juice,'40.00','OLL1276',0
10261,Banana Milk Shake,'40.00','OLL1277',0
10262,Fruit Bowl With Honey,'50.00','OLL1278',0
10263,Mixed Fruit  Juice,'32.00','OLL1279',0
10264,Papaya Juice,'32.00','OLL1280',0
10265,Fresh Lime,'25.00','OLL1281',0
10266,Butter Fruit Milk Shake,'50.00','OLL1282',0
10267,Chikku Milk Shake,'45.00','OLL1283',0
10268,Grape Juice,'25.00','OLL1284',0
10269,Lassi Sweet,'45.00','OLL1285',0
10270,Custard Apple Milk Shake,'50.00','OLL1286',0
10271,Apple Milk Shake,'50.00','OLL1287',0
10272,Cucumber Juice,'32.00','OLL1288',0
10273,Pomegranate Milk Shake,'50.00','OLL1289',0
10274,Mango Milk Shake,'50.00','OLL1290',0
10275,Strawberry Milk Shake,'45.00','OLL1291',0
10276,Vanilla Milk Shake,'50.00','OLL1292',0
10277,Cucumber Mint,'32.00','OLL1293',0
10278,Papaya Milk Shake,'40.00','OLL1294',0
10279,Tomato Juice,'40.00','OLL1295',0
10280,Fruit Lassi,'45.00','OLL1296',0
10281,Lassi Salt,'45.00','OLL1297',0
10282,Chocolate Milk Shake,'50.00','OLL1298',0
10283,Banana Lassi,'45.00','OLL1299',0
10284,Guava Milk Shake,'50.00','OLL1300',0
10285,Carrot Juice,'50.00','OLL1301',0
10286,Anjeer Milk Shake,'50.00','OLL1302',0
10287,Mango Lassi,'45.00','OLL1303',0
10288,Beetroot Juice,'45.00','OLL1304',0
10289,Kiwi Milkshake,'55.00','OLL1305',0
10290,Masala Poori,'35.00','OLL1306',0
10291,Sev Poori,'35.00','OLL1307',0
10292,Samosa Chat,'35.00','OLL1308',0
10293,Paapadi Chat,'35.00','OLL1309',0
10294,Paani Poori,'35.00','OLL1310',0
10295,Bhel Poori,'35.00','OLL1311',0
10296,Dhahi Poori,'35.00','OLL1312',0
10297,Plain Kachori,'22.00','OLL1313',0
10298,Dhahi Chat,'35.00','OLL1314',0
10299,Kachori Chat,'35.00','OLL1315',0
10300,Aloo Paapadi Chat,'35.00','OLL1316',0
10301,Plain Samosa,'22.00','OLL1317',0
10302,Dhahi Samosa,'35.00','OLL1318',0
10303,Nippat Chat,'35.00','OLL1319',0
10304,Peanuts Chat,'35.00','OLL1320',0
10305,Masala Poori,'35.00','OLL1306',0
10306,Sev Poori,'35.00','OLL1307',0
10307,Samosa Chat,'35.00','OLL1308',0
10308,Paapadi Chat,'35.00','OLL1309',0
10309,Paani Poori,'35.00','OLL1310',0
10310,Bhel Poori,'35.00','OLL1311',0
10311,Dhahi Poori,'35.00','OLL1312',0
10312,Plain Kachori,'22.00','OLL1313',0
10313,Dhahi Chat,'35.00','OLL1314',0
10314,Kachori Chat,'35.00','OLL1315',0
10315,Aloo Paapadi Chat,'35.00','OLL1316',0
10316,Plain Samosa,'22.00','OLL1317',0
10317,Dhahi Samosa,'35.00','OLL1318',0
10318,Nippat Chat,'35.00','OLL1319',0
10319,Peanuts Chat,'35.00','OLL1320',0
10320,Masala Poori,'35.00','OLL1306',0
10321,Sev Poori,'35.00','OLL1307',0
10322,Samosa Chat,'35.00','OLL1308',0
10323,Paapadi Chat,'35.00','OLL1309',0
10324,Paani Poori,'35.00','OLL1310',0
10325,Bhel Poori,'35.00','OLL1311',0
10326,Dhahi Poori,'35.00','OLL1312',0
10327,Plain Kachori,'22.00','OLL1313',0
10328,Dhahi Chat,'35.00','OLL1314',0
10329,Kachori Chat,'35.00','OLL1315',0
10330,Aloo Paapadi Chat,'35.00','OLL1316',0
10331,Plain Samosa,'22.00','OLL1317',0
10332,Dhahi Samosa,'35.00','OLL1318',0
10333,Nippat Chat,'35.00','OLL1319',0
10334,Peanuts Chat,'35.00','OLL1320',0
10335,Veg Combo,'90.00','OLL1321',0
10336,Non Veg Combo,'105.00','OLL1322',0
10337,Non Veg Meal,'85.00','OLL1323',0
10338,Veg Meal,'70.00','OLL1324',0
10339,Regular Tea - 100ml,'12.00','OLL1325',0
10340,Regular Tea - 140ml,'18.00','OLL1326',0
10341,Cookies,'8.00','OLL1327',0
10342,Masala Tea,'15.00','OLL1328',0
10343,Filter Coffee - 100ml,'18.00','OLL1329',0
10344,Filter Coffee - 140ml,'20.00','OLL1330',0
10345,Butter Toast(Brown Bread)One Portion With Double Slice Of Bread,'25.00','OLL1331',0
10346,Lemon Tea,'10.00','OLL1332',0
10347,Rusk,'15.00','OLL1333',0
10348,Nippat ,'15.00','OLL1334',0
10349,Bun Butter,'20.00','OLL1335',0
10350,Plain Bun ,'11.00','OLL1336',0
10351,Bun Jam,'20.00','OLL1337',0
10352,Jam Toast(Brown Bread)One Portion With Double Slice Of Bread,'27.00','OLL1338',0
10353,Coconut Cookies,'8.00','OLL1339',0
10354,Cheese Toast(Brown Bread)One Portion With Double Slice Of Bread,'40.00','OLL1340',0
10355,Toast ,'15.00','OLL1341',0
10356,Cold Horlicks ,'30.00','OLL1342',0
10357,Diabetic Tea,'18.00','OLL1343',0
10358,Life Tea(Ginger),'18.00','OLL1344',0
10359,Bun Butter Jam,'25.00','OLL1345',0
10360,Black Tea,'12.00','OLL1346',0
10361,Cold Bournvita,'30.00','OLL1347',0
10362,Cold Badam,'30.00','OLL1348',0
10363,Cold Coffee,'30.00','OLL1349',0
10364,Bun Gulkan,'16.00','OLL1350',0
10365,Badam Milk ,'20.00','OLL1351',0
10366,Horlicks,'20.00','OLL1352',0
10367,Cold Boost,'30.00','OLL1353',0
10368,Bun Butter Cheese,'33.00','OLL1354',0
10369,Bournvita,'20.00','OLL1355',0
10370,Ginger Lemon Tea,'15.00','OLL1356',0
10371,Khari,'8.00','OLL1357',0
10372,Ragi Malt,'20.00','OLL1358',0
10373,Bun Butter Gulkan,'22.00','OLL1359',0
10374,Boost ,'20.00','OLL1360',0
10375,Pepper Kashaya,'18.00','OLL1361',0
10376,Black Coffee,'15.00','OLL1362',0
10377,Green Tea,'18.00','OLL1363',0
10378,Immune Tea ,'18.00','OLL1364',0
10379,Life Tea,'18.00','OLL1365',0
10380,Nescafe ,'20.00','OLL1366',0
10381,Turmeric Milk,'20.00','OLL1367',0
10382,Stress Tea,'18.00','OLL1368',0
10383,Jigathanda.,'75.00','D-67e2558211a2e',0
10384,Jigarthanda,','75.00',1
10385,Regular Tea - 100ml,'12.00','OLL1325',0
10386,Regular Tea - 140ml,'18.00','OLL1326',0
10387,Cookies,'8.00','OLL1327',0
10388,Masala Tea,'15.00','OLL1328',0
10389,Filter Coffee - 100ml,'18.00','OLL1329',0
10390,Filter Coffee - 140ml,'20.00','OLL1330',0
10391,Butter Toast(Brown Bread)One Portion With Double Slice Of Bread,'25.00','OLL1331',0
10392,Lemon Tea,'10.00','OLL1332',0
10393,Rusk,'15.00','OLL1333',0
10394,Nippat ,'15.00','OLL1334',0
10395,Bun Butter,'20.00','OLL1335',0
10396,Plain Bun ,'11.00','OLL1336',0
10397,Bun Jam,'20.00','OLL1337',0
10398,Jam Toast(Brown Bread)One Portion With Double Slice Of Bread,'27.00','OLL1338',0
10399,Coconut Cookies,'8.00','OLL1339',0
10400,Cheese Toast(Brown Bread)One Portion With Double Slice Of Bread,'40.00','OLL1340',0
10401,Toast ,'15.00','OLL1341',0
10402,Cold Horlicks ,'30.00','OLL1342',0
10403,Diabetic Tea,'18.00','OLL1343',0
10404,Life Tea(Ginger),'18.00','OLL1344',0
10405,Bun Butter Jam,'25.00','OLL1345',0
10406,Black Tea,'12.00','OLL1346',0
10407,Cold Bournvita,'30.00','OLL1347',0
10408,Cold Badam,'30.00','OLL1348',0
10409,Cold Coffee,'30.00','OLL1349',0
10410,Bun Gulkan,'16.00','OLL1350',0
10411,Badam Milk ,'20.00','OLL1351',0
10412,Horlicks,'20.00','OLL1352',0
10413,Cold Boost,'30.00','OLL1353',0
10414,Bun Butter Cheese,'33.00','OLL1354',0
10415,Bournvita,'20.00','OLL1355',0
10416,Ginger Lemon Tea,'15.00','OLL1356',0
10417,Khari,'8.00','OLL1357',0
10418,Ragi Malt,'20.00','OLL1358',0
10419,Bun Butter Gulkan,'22.00','OLL1359',0
10420,Boost ,'20.00','OLL1360',0
10421,Pepper Kashaya,'18.00','OLL1361',0
10422,Black Coffee,'15.00','OLL1362',0
10423,Green Tea,'18.00','OLL1363',0
10424,Immune Tea ,'18.00','OLL1364',0
10425,Life Tea,'18.00','OLL1365',0
10426,Nescafe ,'20.00','OLL1366',0
10427,Turmeric Milk,'20.00','OLL1367',0
10428,Stress Tea,'18.00','OLL1368',0
10429,Veg & Cheese Crispy Patty Coconut Tomato Sauce,'110.00','D-67e2576615525',0
10430,Classic Roasted Italian Chicken Thyme Robert Sauce,'130.00','D-67e2579434b53',0
10431,Masala Omlette,'45.00','996333',0
10432,Veg Salad,'65.00','996333',0
10433,Paneer Tikka Sandwich ,'45.00','996333',0
10434,Egg Salad,'70.00','996333',0
10435,Egg Sandwich ,'50.00','996333',0
10436,Corn Cheese Sandwich,'50.00','996333',0
10437,Paneer Veggie Grill Sandwich ,'45.00','996333',0
10438,Bun Butter,'38.00','996333',0
10439,Veg Maggie,'45.00','996333',0
10440,Spinach Corn Sandwich ,'50.00','996333',0
10441,Veg Brown Rice,'55.00','996333',0
10442,Tulsi Lime,'25.00','996333',0
10443,Sunny Side –up,'40.00','996333',0
10444,Scrambled /Fried Egg,'43.00','996333',0
10445,Smoked Chicken Sandwich ,'60.00','996333',0
10446,Banana Rasayana,'40.00','996333',0
10447,Cheese Omlette,'50.00','996333',0
10448,Muesli  / Oatmeal    ,'43.00','996333',0
10449,Veg Pasta,'65.00','996333',0
10450,Simply Veggi Sandwich ,'45.00','996333',0
10451,Cilantro Veggie Sandwich,'45.00','996333',0
10452,Egg Brown Rice,'68.00','996333',0
10453,Peanut Butter,'43.00','996333',0
10454,Oats,'40.00','996333',0
10455,Egg White Omlette,'55.00','996333',0
10456,Chicken Pasta,'80.00','996333',0
10457,Kokkam Juice,'25.00','996333',0
10458,Hot n Sour Chicken Soup,'40.00','996333',0
10459,Egg Maggie,'50.00','996333',0
10460,Baby Corn Omlette,'50.00','996333',0
10461,Paneer Maggie,'55.00','996333',0
10462,Bell pepper and Olive Omlette,'50.00','996333',0
10463,Spinach Corn Omlette,'55.00','996333',0
10464,Spinach Omlette,'50.00','996333',0
10465,Chicken Brown Rice,'80.00','996333',0
10466,Chicken Maggie,'60.00','996333',0
10467,Banana on Date,'55.00','996333',0
10468,Veg and Cheese Maggie,'55.00','996333',0
10469,Sweet Corn Soup,'40.00','996333',0
10470,Broken Wheat Cold Porridge,'45.00','996333',0
10471,Egg White Mushroom Omlette,'55.00','996333',0
10472,Egg and Chicken Brown Rice,'95.00','996333',0
10473,Tomato Omletee,'50.00','996333',0
10474,Fresh Lime,'25.00','996333',0
10475,Vanilla Milk Shake,'50.00','996333',0
10476,Musk Melon Milk Shake,'40.00','996333',0
10477,Strawberry Milk Shake,'45.00','996333',0
10478,Papaya Milk Shake,'40.00','996333',0
10479,Apple Milk Shake,'50.00','996333',0
10480,Mango Milk Shake,'50.00','996333',0
10481,Mixed Fruit  Juice,'32.00','996333',0
10482,Banana Milk Shake,'40.00','996333',0
10483,Fruit Bowl,'45.00','996333',0
10484,Grape Juice,'25.00','996333',0
10485,Orange Juice,'32.00','996333',0
10486,Musk Melon Juice,'40.00','996333',0
10487,Butter Fruit Milk Shake,'50.00','996333',0
10488,Watermelon Juice,'25.00','996333',0
10489,Cucumber Juice,'32.00','996333',0
10490,Pomegranate Juice,'50.00','996333',0
10491,Pomegranate Milk Shake,'50.00','996333',0
10492,Chocolate Milk Shake,'50.00','996333',0
10493,Chikku Milk Shake,'45.00','996333',0
10494,Custard Apple Milk Shake,'50.00','996333',0
10495,Cucumber Mint,'32.00','996333',0
10496,Sweet Lime Juice,'32.00','996333',0
10497,Kiwi Milkshake,'55.00','996333',0
10498,Fruit Bowl With Honey,'50.00','996333',0
10499,Papaya Juice,'32.00','996333',0
10500,Bhel Poori,'35.00','996333',0
10501,Paapadi Chat,'35.00','996333',0
10502,Paani Poori,'35.00','996333',0
10503,Samosa Chat,'35.00','996333',0
10504,Kachori Chat,'35.00','996333',0
10505,Plain Samosa,'22.00','996333',0
10506,Masala Poori,'35.00','996333',0
10507,Sev Poori,'35.00','996333',0
10508,Dhahi Chat,'35.00','996333',0
10509,Dhahi Poori,'35.00','996333',0
10510,Dhahi Samosa,'35.00','996333',0
10511,Plain Kachori,'22.00','996333',0
10512,Aloo Paapadi Chat,'35.00','996333',0
10513,Nippat Chat,'35.00','996333',0
10514,Peanuts Chat,'35.00','996333',0
10515,Veg Grain Bowl Choix,'70.00','996333',0
10516,Veg Salad Bowl choix,'70.00','996333',0
10517,Non-Veg Grain Bowl choix,'85.00','996333',0
10518,Non-Veg Salad Bowl choix,'85.00','996333',0
10519,Boiled Egg,'25.00','GLO1',0
10520,Bread Omelette,'45.00','GLO2',0
10521,Cheese Omelette,'40.00','GLO3',0
10522,Chinese Noodle Chicken Combo,'105.00','GLO4',0
10523,Chinese Noodle Egg Combo,'90.00','GLO5',0
10524,Chinese Noodle Veg Combo,'90.00','GLO6',0
10525,Chinese Rice Chicken Combo,'105.00','GLO7',0
10526,Chinese Rice Egg Combo,'90.00','GLO8',0
10527,Chinese Rice Veg Combo,'90.00','GLO9',0
10528,Extra Bread Slice,'10.00','GLO10',0
10529,Masala Omelette,'32.00','GLO11',0
10530,Plain Omelette,'28.00','GLO12',0
10531,Veg Kathi Roll,'42.00','D-67e27eec1f970',0
10532,Chicken Biryani,'85.00','kk1',0
10533,Chicken Combo,'80.00','kk2',0
10534,Egg Biryani,'75.00','kk3',0
10535,Egg Thali,'75.00','kk4',0
10536,Extra - Egg,'13.00','kk5',0
10537,Masala Pani Puri,'35.00','kk6',0
10538,Paneer Main Course Of The Day,'65.00','kk7',0
10539,Raita/Curd,'15.00','kk8',0
10540,South Indian Egg Combo,'70.00','kk9',0
10541,Vegetable Biryani,'70.00','kk10',0
10542,Chicken Biryani,'85.00','kk1',0
10543,Chicken Combo,'80.00','kk2',0
10544,Egg Biryani,'75.00','kk3',0
10545,Egg Thali,'75.00','kk4',0
10546,Extra - Egg,'13.00','kk5',0
10547,Masala Pani Puri,'35.00','kk6',0
10548,Paneer Main Course Of The Day,'65.00','kk7',0
10549,Raita/Curd,'15.00','kk8',0
10550,South Indian Egg Combo,'70.00','kk9',0
10551,Vegetable Biryani,'70.00','kk10',0
10552,Chicken Biryani,'85.00','kkk1',0
10553,Chicken Combo,'80.00','kkk2',0
10554,Egg Biryani,'75.00','kkk3',0
10555,Egg Thali,'75.00','kkk4',0
10556,Extra - Egg,'13.00','kkk5',0
10557,Masala Pani Puri,'35.00','kkk6',0
10558,Paneer Main Course Of The Day,'65.00','kkk7',0
10559,Raita/Curd,'15.00','kkk8',0
10560,South Indian Egg Combo,'70.00','kkk9',0
10561,Vegetable Biryani,'70.00','kkk10',0
10562,Chicken Biryani,'85.00','kkk1',0
10563,Chicken Combo,'80.00','kkk2',0
10564,Egg Biryani,'75.00','kkk3',0
10565,Egg Thali,'75.00','kkk4',0
10566,Extra - Egg,'13.00','kkk5',0
10567,Masala Pani Puri,'35.00','kkk6',0
10568,Paneer Main Course Of The Day,'65.00','kkk7',0
10569,Raita/Curd,'15.00','kkk8',0
10570,South Indian Egg Combo,'70.00','kkk9',0
10571,Vegetable Biryani,'70.00','kkk10',0
10572,Badam Milk,'20.00','Rej1',0
10573,Black Coffee,'15.00','Rej2',0
10574,Black Tea,'12.00','Rej3',0
10575,Boost,'20.00','Rej4',0
10576,Bournvita,'20.00','Rej5',0
10577,Bun Jam,'25.00','Rej6',0
10578,Coffee Instant,'20.00','Rej7',0
10579,Cold Boost,'30.00','Rej8',0
10580,Cold Bournvita,'30.00','Rej9',0
10581,Cold Coffee,'30.00','Rej10',0
10582,Filter Coffee (Med),'18.00','Rej11',0
10583,Filter Coffee (Reg),'20.00','Rej12',0
10584,Ginger Chai (Med),'12.00','Rej13',0
10585,Ginger Chai (Reg),'18.00','Rej14',0
10586,Green Tea,'18.00','Rej15',0
10587,Horlicks,'20.00','Rej16',0
10588,Hot Chocolate,'20.00','Rej17',0
10589,Life Tea,'18.00','Rej18',0
10590,Masala Tea,'15.00','Rej19',0
10591,Plain Bun,'11.00','Rej20',0
10592,Ragi Malt,'20.00','Rej21',0
10593,Rusk,'15.00','Rej22',0
10594,Turmeric Milk,'20.00','Rej23',0
10595,Aloo Paratha,'35.00','HotP1',0
10596,Bhel Puri,'35.00','HotP2',0
10597,Bisi Bele Bath,'35.00','HotP3',0
10598,Bonda,'35.00','HotP4',0
10599,Bread Pakoda,'35.00','HotP5',0
10600,Chapati,'13.00','HotP6',0
10601,Chicken Kathi Roll,'70.00','HotP7',0
10602,Chow Chow Bath,'35.00','HotP8',0
10603,Dahi Puri,'35.00','HotP9',0
10604,Dahi Vada,'35.00','HotP10',0
10605,Egg Bhurji,'46.00','HotP11',0
10606,Egg Kathi Roll,'60.00','HotP12',0
10607,Egg Pakoda,'35.00','HotP13',0
10608,Extra Idli,'13.00','HotP14',0
10609,Extra Sweet,'20.00','HotP15',0
10610,Fusion Thali - Non-Veg,'85.00','HotP16',0
10611,Fusion Thali - Veg,'70.00','HotP17',0
10612,Idli,'28.00','HotP18',0
10613,Idli Vada,'48.00','HotP19',0
10614,Kachori,'22.00','HotP20',0
10615,Kachori Chaat,'35.00','HotP21',0
10616,Kesari Bath,'35.00','HotP22',0
10617,Lachha Paratha,'22.00','HotP23',0
10618,Masala Dosa,'30.00','HotP24',0
10619,Masala Uttapam,'40.00','HotP25',0
10620,Onion Pakoda,'35.00','HotP26',0
10621,Paneer Kathi Roll,'65.00','HotP27',0
10622,Pani Puri,'35.00','HotP28',0
10623,Papdi Chaat,'35.00','HotP29',0
10624,Pav Bhaji,'45.00','HotP30',0
10625,Plain Dosa,'25.00','HotP31',0
10626,Poha,'35.00','HotP32',0
10627,Pongal,'35.00','HotP33',0
10628,Raita/Curd,'15.00','HotP34',0
10629,Samosa,'22.00','HotP35',0
10630,Samosa Dahi/Chaat,'35.00','HotP36',0
10631,Semiya Bath,'35.00','HotP37',0
10632,Set Dosa,'30.00','HotP38',0
10633,Sev Puri,'35.00','HotP39',0
10634,Special Idli,'35.00','HotP40',0
10635,Special Masala Dosa,'40.00','HotP41',0
10636,Special Plain Dosa,'40.00','HotP42',0
10637,Tamarind Rice,'35.00','HotP43',0
10638,Tikki Dahi/Chaat,'35.00','HotP44',0
10639,Upma,'35.00','HotP45',0
10640,Vada,'22.00','HotP46',0
10641,Vada Pav,'45.00','HotP47',0
10642,Vangi Bath,'35.00','HotP48',0
10643,Veg Combo,'65.00','HotP49',0
10644,Vegetable Kathi Roll,'54.00','HotP50',0
10645,Cheesy Egg Masala Parsi Style,'42.00','D-67e2c3661167e',0
10646,Chilli Potato,'35.00','D-67e2c9f8171c0',0
10647,OATS  IDLI,'40.00','D-67e2d5c70a741',0
10648,Veg Combo,'65.00','OLL123',0
10649,Masala Dosa ,'30.00','OLL1234',0
10650,Idly (2 pc),'28.00','OLL1235',0
10651,Chilli Bhajji / Banana / Aloo / Mix,'35.00','OLL1236',0
10652,Chicken Combo,'75.00','OLL1237',0
10653,Chicken Biryani,'85.00','OLL1238',0
10654,Veg Samosa 2 Pcs,'38.00','OLL1239',0
10655,Plain Dosa ,'25.00','OLL1240',0
10656,Vada (1 pc),'22.00','OLL1241',0
10657,Palak Bonda,'38.00','OLL1242',0
10658,Pulao ,'42.00','OLL1243',0
10659,Egg Biryani,'75.00','OLL1244',0
10660,Upma ,'35.00','OLL1245',0
10661,Mangalore Bhajji,'35.00','OLL1246',0
10662,Veg Biryani,'70.00','OLL1247',0
10663,Mysore Bonda,'38.00','OLL1248',0
10664,Goli Bhajji,'35.00','OLL1249',0
10665,Bisibelle Bhat,'35.00','OLL1250',0
10666,Special Dosa,'40.00','OLL1251',0
10667,Masala Omlette,'32.00','OLL1252',0
10668,Chapati Egg Burji,'46.00','OLL1253',0
10669,Vada Pav,'38.00','OLL1254',0
10670,Wheat Bonda,'38.00','OLL1255',0
10671,Pongal,'35.00','OLL1256',0
10672,Set Dosa,'30.00','OLL1257',0
10673,Pav Bhaji,'45.00','OLL1258',0
10674,Masala Vada,'38.00','OLL1259',0
10675,Stuffed paratha ,'35.00','OLL1260',0
10676,Uthapam ,'42.00','OLL1261',0
10677,Maddur Vada 2 pcs,'38.00','OLL1262',0
10678,Chicken Croquets,'50.00','OLL1263',0
10679,Fried Egg,'32.00','OLL1264',0
10680,Kesari Bhat,'35.00','OLL1265',0
10681,Aloo Bonda,'38.00','OLL1266',0
10682,Chow Chow Bhat,'35.00','OLL1267',0
10683,Boiled Eggs,'25.00','OLL1268',0
10684,Buttermilk,'25.00','OLL1269',0
10685,Fruit Bowl,'45.00','OLL1270',0
10686,Watermelon Juice,'25.00','OLL1271',0
10687,Orange Juice,'32.00','OLL1272',0
10688,Musk Melon Milk Shake,'40.00','OLL1273',0
10689,Sweet Lime Juice,'32.00','OLL1274',0
10690,Pomegranate Juice,'50.00','OLL1275',0
10691,Musk Melon Juice,'40.00','OLL1276',0
10692,Banana Milk Shake,'40.00','OLL1277',0
10693,Fruit Bowl With Honey,'50.00','OLL1278',0
10694,Mixed Fruit  Juice,'32.00','OLL1279',0
10695,Papaya Juice,'32.00','OLL1280',0
10696,Fresh Lime,'25.00','OLL1281',0
10697,Butter Fruit Milk Shake,'50.00','OLL1282',0
10698,Chikku Milk Shake,'45.00','OLL1283',0
10699,Grape Juice,'25.00','OLL1284',0
10700,Lassi Sweet,'45.00','OLL1285',0
10701,Custard Apple Milk Shake,'50.00','OLL1286',0
10702,Apple Milk Shake,'50.00','OLL1287',0
10703,Cucumber Juice,'32.00','OLL1288',0
10704,Pomegranate Milk Shake,'50.00','OLL1289',0
10705,Mango Milk Shake,'50.00','OLL1290',0
10706,Strawberry Milk Shake,'45.00','OLL1291',0
10707,Vanilla Milk Shake,'50.00','OLL1292',0
10708,Cucumber Mint,'32.00','OLL1293',0
10709,Papaya Milk Shake,'40.00','OLL1294',0
10710,Tomato Juice,'40.00','OLL1295',0
10711,Fruit Lassi,'45.00','OLL1296',0
10712,Lassi Salt,'45.00','OLL1297',0
10713,Chocolate Milk Shake,'50.00','OLL1298',0
10714,Banana Lassi,'45.00','OLL1299',0
10715,Guava Milk Shake,'50.00','OLL1300',0
10716,Carrot Juice,'50.00','OLL1301',0
10717,Anjeer Milk Shake,'50.00','OLL1302',0
10718,Mango Lassi,'45.00','OLL1303',0
10719,Beetroot Juice,'45.00','OLL1304',0
10720,Kiwi Milkshake,'55.00','OLL1305',0
10721,Masala Poori,'35.00','OLL1306',0
10722,Sev Poori,'35.00','OLL1307',0
10723,Samosa Chat,'35.00','OLL1308',0
10724,Paapadi Chat,'35.00','OLL1309',0
10725,Paani Poori,'35.00','OLL1310',0
10726,Bhel Poori,'35.00','OLL1311',0
10727,Dhahi Poori,'35.00','OLL1312',0
10728,Plain Kachori,'22.00','OLL1313',0
10729,Dhahi Chat,'35.00','OLL1314',0
10730,Kachori Chat,'35.00','OLL1315',0
10731,Aloo Paapadi Chat,'35.00','OLL1316',0
10732,Plain Samosa,'22.00','OLL1317',0
10733,Dhahi Samosa,'35.00','OLL1318',0
10734,Nippat Chat,'35.00','OLL1319',0
10735,Peanuts Chat,'35.00','OLL1320',0
10736,Veg Combo,'90.00','OLL1321',0
10737,Non Veg Combo,'105.00','OLL1322',0
10738,Non Veg Meal,'85.00','OLL1323',0
10739,Veg Meal,'70.00','OLL1324',0
10740,Regular Tea - 100ml,'12.00','OLL1325',0
10741,Regular Tea - 140ml,'18.00','OLL1326',0
10742,Cookies,'8.00','OLL1327',0
10743,Masala Tea,'15.00','OLL1328',0
10744,Filter Coffee - 100ml,'18.00','OLL1329',0
10745,Filter Coffee - 140ml,'20.00','OLL1330',0
10746,Butter Toast(Brown Bread)One Portion With Double Slice Of Bread,'25.00','OLL1331',0
10747,Lemon Tea,'10.00','OLL1332',0
10748,Rusk,'15.00','OLL1333',0
10749,Nippat ,'15.00','OLL1334',0
10750,Bun Butter,'20.00','OLL1335',0
10751,Plain Bun ,'11.00','OLL1336',0
10752,Bun Jam,'20.00','OLL1337',0
10753,Jam Toast(Brown Bread)One Portion With Double Slice Of Bread,'27.00','OLL1338',0
10754,Coconut Cookies,'8.00','OLL1339',0
10755,Cheese Toast(Brown Bread)One Portion With Double Slice Of Bread,'40.00','OLL1340',0
10756,Toast ,'15.00','OLL1341',0
10757,Cold Horlicks ,'30.00','OLL1342',0
10758,Diabetic Tea,'18.00','OLL1343',0
10759,Life Tea(Ginger),'18.00','OLL1344',0
10760,Bun Butter Jam,'25.00','OLL1345',0
10761,Black Tea,'12.00','OLL1346',0
10762,Cold Bournvita,'30.00','OLL1347',0
10763,Cold Badam,'30.00','OLL1348',0
10764,Cold Coffee,'30.00','OLL1349',0
10765,Bun Gulkan,'16.00','OLL1350',0
10766,Badam Milk ,'20.00','OLL1351',0
10767,Horlicks,'20.00','OLL1352',0
10768,Cold Boost,'30.00','OLL1353',0
10769,Bun Butter Cheese,'33.00','OLL1354',0
10770,Bournvita,'20.00','OLL1355',0
10771,Ginger Lemon Tea,'15.00','OLL1356',0
10772,Khari,'8.00','OLL1357',0
10773,Ragi Malt,'20.00','OLL1358',0
10774,Bun Butter Gulkan,'22.00','OLL1359',0
10775,Boost ,'20.00','OLL1360',0
10776,Pepper Kashaya,'18.00','OLL1361',0
10777,Black Coffee,'15.00','OLL1362',0
10778,Green Tea,'18.00','OLL1363',0
10779,Immune Tea ,'18.00','OLL1364',0
10780,Life Tea,'18.00','OLL1365',0
10781,Nescafe ,'20.00','OLL1366',0
10782,Turmeric Milk,'20.00','OLL1367',0
10783,Stress Tea,'18.00','OLL1368',0
10784,Korean BBQ Chicken Wrap Orange Cheddar,'130.00','D-67e39db55f5ac',0
10785,Veg Caesar Wrap,Orange Cheddar','110.00',1
10786,Black pepper &Hoisin paneer,'110.00','D-67e39f1937c2a',0
10787,Veg Combo,'65.00','OLL123',0
10788,Masala Dosa ,'30.00','OLL1234',0
10789,Idly (2 pc),'28.00','OLL1235',0
10790,Chilli Bhajji / Banana / Aloo / Mix,'35.00','OLL1236',0
10791,Chicken Combo,'75.00','OLL1237',0
10792,Chicken Biryani,'85.00','OLL1238',0
10793,Veg Samosa 2 Pcs,'38.00','OLL1239',0
10794,Plain Dosa ,'25.00','OLL1240',0
10795,Vada (1 pc),'22.00','OLL1241',0
10796,Palak Bonda,'38.00','OLL1242',0
10797,Pulao ,'42.00','OLL1243',0
10798,Egg Biryani,'75.00','OLL1244',0
10799,Upma ,'35.00','OLL1245',0
10800,Mangalore Bhajji,'35.00','OLL1246',0
10801,Veg Biryani,'70.00','OLL1247',0
10802,Mysore Bonda,'38.00','OLL1248',0
10803,Goli Bhajji,'35.00','OLL1249',0
10804,Bisibelle Bhat,'35.00','OLL1250',0
10805,Special Dosa,'40.00','OLL1251',0
10806,Masala Omlette,'32.00','OLL1252',0
10807,Chapati Egg Burji,'46.00','OLL1253',0
10808,Vada Pav,'38.00','OLL1254',0
10809,Wheat Bonda,'38.00','OLL1255',0
10810,Pongal,'35.00','OLL1256',0
10811,Set Dosa,'30.00','OLL1257',0
10812,Pav Bhaji,'45.00','OLL1258',0
10813,Masala Vada,'38.00','OLL1259',0
10814,Stuffed paratha ,'35.00','OLL1260',0
10815,Uthapam ,'42.00','OLL1261',0
10816,Maddur Vada 2 pcs,'38.00','OLL1262',0
10817,Chicken Croquets,'50.00','OLL1263',0
10818,Fried Egg,'32.00','OLL1264',0
10819,Kesari Bhat,'35.00','OLL1265',0
10820,Aloo Bonda,'38.00','OLL1266',0
10821,Chow Chow Bhat,'35.00','OLL1267',0
10822,Boiled Eggs,'25.00','OLL1268',0
10823,Buttermilk,'25.00','OLL1269',0
10824,Fruit Bowl,'45.00','OLL1270',0
10825,Watermelon Juice,'25.00','OLL1271',0
10826,Orange Juice,'32.00','OLL1272',0
10827,Musk Melon Milk Shake,'40.00','OLL1273',0
10828,Sweet Lime Juice,'32.00','OLL1274',0
10829,Pomegranate Juice,'50.00','OLL1275',0
10830,Musk Melon Juice,'40.00','OLL1276',0
10831,Banana Milk Shake,'40.00','OLL1277',0
10832,Fruit Bowl With Honey,'50.00','OLL1278',0
10833,Mixed Fruit  Juice,'32.00','OLL1279',0
10834,Papaya Juice,'32.00','OLL1280',0
10835,Fresh Lime,'25.00','OLL1281',0
10836,Butter Fruit Milk Shake,'50.00','OLL1282',0
10837,Chikku Milk Shake,'45.00','OLL1283',0
10838,Grape Juice,'25.00','OLL1284',0
10839,Lassi Sweet,'45.00','OLL1285',0
10840,Custard Apple Milk Shake,'50.00','OLL1286',0
10841,Apple Milk Shake,'50.00','OLL1287',0
10842,Cucumber Juice,'32.00','OLL1288',0
10843,Pomegranate Milk Shake,'50.00','OLL1289',0
10844,Mango Milk Shake,'50.00','OLL1290',0
10845,Strawberry Milk Shake,'45.00','OLL1291',0
10846,Vanilla Milk Shake,'50.00','OLL1292',0
10847,Cucumber Mint,'32.00','OLL1293',0
10848,Papaya Milk Shake,'40.00','OLL1294',0
10849,Tomato Juice,'40.00','OLL1295',0
10850,Fruit Lassi,'45.00','OLL1296',0
10851,Lassi Salt,'45.00','OLL1297',0
10852,Chocolate Milk Shake,'50.00','OLL1298',0
10853,Banana Lassi,'45.00','OLL1299',0
10854,Guava Milk Shake,'50.00','OLL1300',0
10855,Carrot Juice,'50.00','OLL1301',0
10856,Anjeer Milk Shake,'50.00','OLL1302',0
10857,Mango Lassi,'45.00','OLL1303',0
10858,Beetroot Juice,'45.00','OLL1304',0
10859,Kiwi Milkshake,'55.00','OLL1305',0
10860,Masala Poori,'35.00','OLL1306',0
10861,Sev Poori,'35.00','OLL1307',0
10862,Samosa Chat,'35.00','OLL1308',0
10863,Paapadi Chat,'35.00','OLL1309',0
10864,Paani Poori,'35.00','OLL1310',0
10865,Bhel Poori,'35.00','OLL1311',0
10866,Dhahi Poori,'35.00','OLL1312',0
10867,Plain Kachori,'22.00','OLL1313',0
10868,Dhahi Chat,'35.00','OLL1314',0
10869,Kachori Chat,'35.00','OLL1315',0
10870,Aloo Paapadi Chat,'35.00','OLL1316',0
10871,Plain Samosa,'22.00','OLL1317',0
10872,Dhahi Samosa,'35.00','OLL1318',0
10873,Nippat Chat,'35.00','OLL1319',0
10874,Peanuts Chat,'35.00','OLL1320',0
10875,Veg Combo,'90.00','OLL1321',0
10876,Non Veg Combo,'105.00','OLL1322',0
10877,Non Veg Meal,'85.00','OLL1323',0
10878,Veg Meal,'70.00','OLL1324',0
10879,Regular Tea - 100ml,'12.00','OLL1325',0
10880,Regular Tea - 140ml,'18.00','OLL1326',0
10881,Cookies,'8.00','OLL1327',0
10882,Masala Tea,'15.00','OLL1328',0
10883,Filter Coffee - 100ml,'18.00','OLL1329',0
10884,Filter Coffee - 140ml,'20.00','OLL1330',0
10885,Butter Toast(Brown Bread)One Portion With Double Slice Of Bread,'25.00','OLL1331',0
10886,Lemon Tea,'10.00','OLL1332',0
10887,Rusk,'15.00','OLL1333',0
10888,Nippat ,'15.00','OLL1334',0
10889,Bun Butter,'20.00','OLL1335',0
10890,Plain Bun ,'11.00','OLL1336',0
10891,Bun Jam,'20.00','OLL1337',0
10892,Jam Toast(Brown Bread)One Portion With Double Slice Of Bread,'27.00','OLL1338',0
10893,Coconut Cookies,'8.00','OLL1339',0
10894,Cheese Toast(Brown Bread)One Portion With Double Slice Of Bread,'40.00','OLL1340',0
10895,Toast ,'15.00','OLL1341',0
10896,Cold Horlicks ,'30.00','OLL1342',0
10897,Diabetic Tea,'18.00','OLL1343',0
10898,Life Tea(Ginger),'18.00','OLL1344',0
10899,Bun Butter Jam,'25.00','OLL1345',0
10900,Black Tea,'12.00','OLL1346',0
10901,Cold Bournvita,'30.00','OLL1347',0
10902,Cold Badam,'30.00','OLL1348',0
10903,Cold Coffee,'30.00','OLL1349',0
10904,Bun Gulkan,'16.00','OLL1350',0
10905,Badam Milk ,'20.00','OLL1351',0
10906,Horlicks,'20.00','OLL1352',0
10907,Cold Boost,'30.00','OLL1353',0
10908,Bun Butter Cheese,'33.00','OLL1354',0
10909,Bournvita,'20.00','OLL1355',0
10910,Ginger Lemon Tea,'15.00','OLL1356',0
10911,Khari,'8.00','OLL1357',0
10912,Ragi Malt,'20.00','OLL1358',0
10913,Bun Butter Gulkan,'22.00','OLL1359',0
10914,Boost ,'20.00','OLL1360',0
10915,Pepper Kashaya,'18.00','OLL1361',0
10916,Black Coffee,'15.00','OLL1362',0
10917,Green Tea,'18.00','OLL1363',0
10918,Immune Tea ,'18.00','OLL1364',0
10919,Life Tea,'18.00','OLL1365',0
10920,Nescafe ,'20.00','OLL1366',0
10921,Turmeric Milk,'20.00','OLL1367',0
10922,Stress Tea,'18.00','OLL1368',0
10923,Veg Combo,'65.00','OLL123',0
10924,Masala Dosa ,'30.00','OLL1234',0
10925,Idly (2 pc),'28.00','OLL1235',0
10926,Chilli Bhajji / Banana / Aloo / Mix,'35.00','OLL1236',0
10927,Chicken Combo,'75.00','OLL1237',0
10928,Chicken Biryani,'85.00','OLL1238',0
10929,Veg Samosa 2 Pcs,'38.00','OLL1239',0
10930,Plain Dosa ,'25.00','OLL1240',0
10931,Vada (1 pc),'22.00','OLL1241',0
10932,Palak Bonda,'38.00','OLL1242',0
10933,Pulao ,'42.00','OLL1243',0
10934,Egg Biryani,'75.00','OLL1244',0
10935,Upma ,'35.00','OLL1245',0
10936,Mangalore Bhajji,'35.00','OLL1246',0
10937,Veg Biryani,'70.00','OLL1247',0
10938,Mysore Bonda,'38.00','OLL1248',0
10939,Goli Bhajji,'35.00','OLL1249',0
10940,Bisibelle Bhat,'35.00','OLL1250',0
10941,Special Dosa,'40.00','OLL1251',0
10942,Masala Omlette,'32.00','OLL1252',0
10943,Chapati Egg Burji,'46.00','OLL1253',0
10944,Vada Pav,'38.00','OLL1254',0
10945,Wheat Bonda,'38.00','OLL1255',0
10946,Pongal,'35.00','OLL1256',0
10947,Set Dosa,'30.00','OLL1257',0
10948,Pav Bhaji,'45.00','OLL1258',0
10949,Masala Vada,'38.00','OLL1259',0
10950,Stuffed paratha ,'35.00','OLL1260',0
10951,Uthapam ,'42.00','OLL1261',0
10952,Maddur Vada 2 pcs,'38.00','OLL1262',0
10953,Chicken Croquets,'50.00','OLL1263',0
10954,Fried Egg,'32.00','OLL1264',0
10955,Kesari Bhat,'35.00','OLL1265',0
10956,Aloo Bonda,'38.00','OLL1266',0
10957,Chow Chow Bhat,'35.00','OLL1267',0
10958,Boiled Eggs,'25.00','OLL1268',0
10959,Buttermilk,'25.00','OLL1269',0
10960,Fruit Bowl,'45.00','OLL1270',0
10961,Watermelon Juice,'25.00','OLL1271',0
10962,Orange Juice,'32.00','OLL1272',0
10963,Musk Melon Milk Shake,'40.00','OLL1273',0
10964,Sweet Lime Juice,'32.00','OLL1274',0
10965,Pomegranate Juice,'50.00','OLL1275',0
10966,Musk Melon Juice,'40.00','OLL1276',0
10967,Banana Milk Shake,'40.00','OLL1277',0
10968,Fruit Bowl With Honey,'50.00','OLL1278',0
10969,Mixed Fruit  Juice,'32.00','OLL1279',0
10970,Papaya Juice,'32.00','OLL1280',0
10971,Fresh Lime,'25.00','OLL1281',0
10972,Butter Fruit Milk Shake,'50.00','OLL1282',0
10973,Chikku Milk Shake,'45.00','OLL1283',0
10974,Grape Juice,'25.00','OLL1284',0
10975,Lassi Sweet,'45.00','OLL1285',0
10976,Custard Apple Milk Shake,'50.00','OLL1286',0
10977,Apple Milk Shake,'50.00','OLL1287',0
10978,Cucumber Juice,'32.00','OLL1288',0
10979,Pomegranate Milk Shake,'50.00','OLL1289',0
10980,Mango Milk Shake,'50.00','OLL1290',0
10981,Strawberry Milk Shake,'45.00','OLL1291',0
10982,Vanilla Milk Shake,'50.00','OLL1292',0
10983,Cucumber Mint,'32.00','OLL1293',0
10984,Papaya Milk Shake,'40.00','OLL1294',0
10985,Tomato Juice,'40.00','OLL1295',0
10986,Fruit Lassi,'45.00','OLL1296',0
10987,Lassi Salt,'45.00','OLL1297',0
10988,Chocolate Milk Shake,'50.00','OLL1298',0
10989,Banana Lassi,'45.00','OLL1299',0
10990,Guava Milk Shake,'50.00','OLL1300',0
10991,Carrot Juice,'50.00','OLL1301',0
10992,Anjeer Milk Shake,'50.00','OLL1302',0
10993,Mango Lassi,'45.00','OLL1303',0
10994,Beetroot Juice,'45.00','OLL1304',0
10995,Kiwi Milkshake,'55.00','OLL1305',0
10996,Masala Poori,'35.00','OLL1306',0
10997,Sev Poori,'35.00','OLL1307',0
10998,Samosa Chat,'35.00','OLL1308',0
10999,Paapadi Chat,'35.00','OLL1309',0
11000,Paani Poori,'35.00','OLL1310',0
11001,Bhel Poori,'35.00','OLL1311',0
11002,Dhahi Poori,'35.00','OLL1312',0
11003,Plain Kachori,'22.00','OLL1313',0
11004,Dhahi Chat,'35.00','OLL1314',0
11005,Kachori Chat,'35.00','OLL1315',0
11006,Aloo Paapadi Chat,'35.00','OLL1316',0
11007,Plain Samosa,'22.00','OLL1317',0
11008,Dhahi Samosa,'35.00','OLL1318',0
11009,Nippat Chat,'35.00','OLL1319',0
11010,Peanuts Chat,'35.00','OLL1320',0
11011,Veg Combo,'90.00','OLL1321',0
11012,Non Veg Combo,'105.00','OLL1322',0
11013,Non Veg Meal,'85.00','OLL1323',0
11014,Veg Meal,'70.00','OLL1324',0
11015,Regular Tea - 100ml,'12.00','OLL1325',0
11016,Regular Tea - 140ml,'18.00','OLL1326',0
11017,Cookies,'8.00','OLL1327',0
11018,Masala Tea,'15.00','OLL1328',0
11019,Filter Coffee - 100ml,'18.00','OLL1329',0
11020,Filter Coffee - 140ml,'20.00','OLL1330',0
11021,Butter Toast(Brown Bread)One Portion With Double Slice Of Bread,'25.00','OLL1331',0
11022,Lemon Tea,'10.00','OLL1332',0
11023,Rusk,'15.00','OLL1333',0
11024,Nippat ,'15.00','OLL1334',0
11025,Bun Butter,'20.00','OLL1335',0
11026,Plain Bun ,'11.00','OLL1336',0
11027,Bun Jam,'20.00','OLL1337',0
11028,Jam Toast(Brown Bread)One Portion With Double Slice Of Bread,'27.00','OLL1338',0
11029,Coconut Cookies,'8.00','OLL1339',0
11030,Cheese Toast(Brown Bread)One Portion With Double Slice Of Bread,'40.00','OLL1340',0
11031,Toast ,'15.00','OLL1341',0
11032,Cold Horlicks ,'30.00','OLL1342',0
11033,Diabetic Tea,'18.00','OLL1343',0
11034,Life Tea(Ginger),'18.00','OLL1344',0
11035,Bun Butter Jam,'25.00','OLL1345',0
11036,Black Tea,'12.00','OLL1346',0
11037,Cold Bournvita,'30.00','OLL1347',0
11038,Cold Badam,'30.00','OLL1348',0
11039,Cold Coffee,'30.00','OLL1349',0
11040,Bun Gulkan,'16.00','OLL1350',0
11041,Badam Milk ,'20.00','OLL1351',0
11042,Horlicks,'20.00','OLL1352',0
11043,Cold Boost,'30.00','OLL1353',0
11044,Bun Butter Cheese,'33.00','OLL1354',0
11045,Bournvita,'20.00','OLL1355',0
11046,Ginger Lemon Tea,'15.00','OLL1356',0
11047,Khari,'8.00','OLL1357',0
11048,Ragi Malt,'20.00','OLL1358',0
11049,Bun Butter Gulkan,'22.00','OLL1359',0
11050,Boost ,'20.00','OLL1360',0
11051,Pepper Kashaya,'18.00','OLL1361',0
11052,Black Coffee,'15.00','OLL1362',0
11053,Green Tea,'18.00','OLL1363',0
11054,Immune Tea ,'18.00','OLL1364',0
11055,Life Tea,'18.00','OLL1365',0
11056,Nescafe ,'20.00','OLL1366',0
11057,Turmeric Milk,'20.00','OLL1367',0
11058,Stress Tea,'18.00','OLL1368',0
11059,Ulta Wada Pav,'35.00','D-67e41ef05c1c0',0
11060,VEG MEAL,'67.00','VVDS1',0
11061,NON VEG MEAL,'75.00','VVDS2',0
11062,VEG MINI MEAL,'55.00','VVDS3',0
11063,NON VEG MINI MEAL,'61.00','VVDS4',0
11064,TDH VEG LIVE,'69.00','VVDS5',0
11065,TDH NON VEG LIVE,'78.00','VVDS6',0
11066,STEAM RICE,'27.00','VVDS7',0
11067,FLAVOURED RICE,'35.00','VVDS8',0
11068,DAL KHICHDI,'69.00','VVDS9',0
11069,DAL,'22.00','VVDS10',0
11070,VEG SABZI,'28.00','VVDS11',0
11071,EGG GRAVY,'43.00','VVDS12',0
11072,CHICKEN GRAVY,'43.00','VVDS13',0
11073,CHAPATI (1 PC),'6.00','VVDS14',0
11074,PARATA (1 PC),'15.00','VVDS15',0
11075,THEPLA (1 PC),'14.00','VVDS16',0
11076,SANNA IDLI (1 PC),'15.00','VVDS17',0
11077,NEER DOSA (1 PC),'15.00','VVDS18',0
11078,ROASTED PAPAD (1 PC),'4.00','VVDS19',0
11079,FRY PAPAD (1 PC),'8.00','VVDS20',0
11080,FRYMS,'15.00','VVDS21',0
11081,DESSERT,'22.00','VVDS22',0
11082,RAITA,'22.00','VVDS23',0
11083,SALAD,'22.00','VVDS24',0
11084,DHOKLA,'42.00','VVDS26',0
11085,LAPSI RAWA,'35.00','VVDS27',0
11086,MIRCHI BHAJIYA,'40.00','VVDS28',0
11087,VEG CHOP,'40.00','VVDS29',0
11088,VEG CRISPY,'42.00','VVDS30',0
11089,BABY CORN CHILLY,'45.00','VVDS31',0
11090,PUNJABI SAMOSA PAV (2 PCS),'42.00','VVDS32',0
11091,PUNJABI SAMOSA PAV 1 PC),'22.00','VVDS33',0
11092,PUNJABI SAMOSA (2 PCS),'35.00','VVDS34',0
11093,PUNJABI SAMOSA (1 PC),'18.00','VVDS35',0
11094,BREAD PAKODA (2 PCS),'35.00','VVDS36',0
11095,BREAD PAKODA (1 PC),'18.00','VVDS37',0
11096,SOYA CHILLY DRY,'42.00','VVDS38',0
11097,ALOO CHILLY DRY,'42.00','VVDS39',0
11098,BATATA WADA PAV (1 PC),'20.00','VVDS40',0
11099,BATATA WADA PAV (2 PCS),'40.00','VVDS41',0
11100,BATATA WADA (1 PC),'18.00','VVDS42',0
11101,BATATA WADA (2 PCS),'35.00','VVDS43',0
11102,PURI BHAJI,'53.00','VVDS44',0
11103,EXTRA PURI (1 PC),'8.00','VVDS45',0
11104,DABELI (1 PC),'22.00','VVDS46',0
11105,DABELI (2 PCS),'42.00','VVDS47',0
11106,CHANNA CHAT,'42.00','VVDS48',0
11107,SESAME TOAST,'38.00','VVDS49',0
11108,CHICHEN CHILLY PAV,'56.00','VVDS50',0
11109,CHIKCEN CHILLY (NO PAV),'50.00','VVDS51',0
11110,CHICKEN 65 PAV,'56.00','VVDS52',0
11111,CHICKEN 65 (NO PAV),'50.00','VVDS53',0
11112,CHICKEN KHEEMA PAV,'56.00','VVDS54',0
11113,CHICKEN KHEEMA (NO PAV),'50.00','VVDS55',0
11114,CHICKEN LIVER PAV,'56.00','VVDS56',0
11115,CHICKEN LIVER (NO PAV),'50.00','VVDS57',0
11116,CHICKEN LOLLYPOP,'55.00','VVDS58',0
11117,CHICKEN TIKKA PAV,'55.00','VVDS59',0
11118,CHICKEN TIKKA (NO PAV),'50.00','VVDS60',0
11119,CHICKEN  KEBAB PAV,'56.00','VVDS61',0
11120,CHICKEN  KEBAB (NO PAV),'50.00','VVDS62',0
11121,CHICKEN  MASALA PAV,'56.00','VVDS63',0
11122,CHICKEN MASALA (NO PAV),'50.00','VVDS64',0
11123,CHCIKEN EGG ROLL,'56.00','VVDS65',0
11124,CHICKEN  BUN ROLL,'56.00','VVDS66',0
11125,CHICKEN HOT DOG,'55.00','VVDS67',0
11126,VEG HOT DOG,'50.00','VVDS68',0
11127,CHICKEN MANCHURIAN ROLL,'60.00','VVDS69',0
11128,VEG MANCHURIAN ROLL,'43.00','VVDS70',0
11129,PANEER TIKKA ROLL,'50.00','VVDS71',0
11130,CHCIKEN MAYO ROLL,'56.00','VVDS72',0
11131,VEG MAYO ROLL,'50.00','VVDS73',0
11132,PANEER BHURJI PAV,'53.00','VVDS74',0
11133,PANEER BHURJI (NO PAV),'50.00','VVDS75',0
11134,CHINESE BHEL,'44.00','VVDS76',0
11135,CHICKEN PASTA,'56.00','VVDS77',0
11136,VEG PASTA,'44.00','VVDS78',0
11137,BREAD CHEESE PAKODA,'50.00','VVDS79',0
11138,PAV PATTICE,'38.00','VVDS80',0
11139,BREAD ROLL,'42.00','VVDS81',0
11140,SABUDHANA WADA (1 PC),'18.00','VVDS82',0
11141,SABUDHANA WADA,'35.00','VVDS83',0
11142,SABUDHANA KICHADI,'26.00','VVDS84',0
11143,DAHI KACHORI (2 PCS),'43.00','VVDS85',0
11144,DAHI KACHORI (1 PC),'25.00','VVDS86',0
11145,VEG CUTLET (2 PCS),'35.00','VVDS87',0
11146,VEG CUTLET (1 PC),'18.00','VVDS88',0
11147,MISAL PAV,'35.00','VVDS89',0
11148,MISAL (NO PAV),'30.00','VVDS90',0
11149,USSAL PAV,'28.00','VVDS91',0
11150,USSAL (NO PAV),'25.00','VVDS92',0
11151,DAHI MISSAL PAV,'40.00','VVDS93',0
11152,DAHI MISSAL (NO PAV),'35.00','VVDS94',0
11153,UPMA,'26.00','VVDS95',0
11154,VEG UPMA,'26.00','VVDS96',0
11155,GREEN PEAS UPMA,'26.00','VVDS97',0
11156,TOMATO UPMA,'26.00','VVDS98',0
11157,SEVAYA UPMA,'35.00','VVDS99',0
11158,POHA UPMA MIX,'35.00','VVDS100',0
11159,POHA,'26.00','VVDS101',0
11160,POTATO POHA,'26.00','VVDS102',0
11161,ONION POHA,'26.00','VVDS103',0
11162,MASALA POHA,'26.00','VVDS104',0
11163,BREAD POHA,'35.00','VVDS105',0
11164,PINEAPPLE SHEERA,'28.00','VVDS106',0
11165,BANANA SHEERA,'26.00','VVDS107',0
11166,KESHRI SHEERA,'28.00','VVDS108',0
11167,PAV BHAJI,'53.00','VVDS109',0
11168,PAV BHAJI (NO PAV),'45.00','VVDS110',0
11169,CHOLE PAV,'43.00','VVDS111',0
11170,CHOLE (NO PAV),'36.00','VVDS112',0
11171,BATATA BHAJIA,'38.00','VVDS113',0
11172,DAL WADA,'35.00','VVDS114',0
11173,MOONG BHAJIYA,'39.00','VVDS115',0
11174,CHINISE BHAJIYA,'42.00','VVDS116',0
11175,MIX BHAJIA,'35.00','VVDS117',0
11176,PALAK BHAJIA,'38.00','VVDS118',0
11177,ONION BHAJIA,'35.00','VVDS119',0
11178,DAHI WADA,'43.00','VVDS120',0
11179,MYSORE BONDA,'26.00','VVDS121',0
11180,SCHEZWAN WADA PAV,'42.00','VVDS122',0
11181,IDLI WADA MIX,'26.00','VVDS123',0
11182,MEDU WADA (2 PCS),'26.00','VVDS124',0
11183,MEDU WADA (3 PCS),'42.00','VVDS125',0
11184,TAWA IDLI,'38.00','VVDS126',0
11185,MASALA IDLI,'38.00','VVDS127',0
11186,SCHEZWAN IDLI,'38.00','VVDS128',0
11187,TADKA IDLI,'35.00','VVDS129',0
11188,IDLI FRY,'38.00','VVDS130',0
11189,IDLI CHILLY,'38.00','VVDS131',0
11190,IDLI SAMBAR (2 PCS),'26.00','VVDS132',0
11191,IDLI SAMBAR (3 PCS),'42.00','VVDS133',0
11192,VEG BURGER,'43.00','VVDS134',0
11193,VEG CHEESE BURGER,'57.00','VVDS135',0
11194,CHICKEN BURGER,'56.00','VVDS136',0
11195,CHICKEN CHEESE BURGER,'70.00','VVDS137',0
11196,RAGDA PATTICE,'35.00','VVDS138',0
11197,BROWN POHA,'38.00','VVDS139',0
11198,FRENCH FRIES,'42.00','VVDS140',0
11199,RASAM WADA,'35.00','VVDS141',0
11200,DALIYA,'38.00','VVDS142',0
11201,VEG NOODLES,'50.00','VVDS143',0
11202,EGG BURMA TOAST,'56.00','VVDS144',0
11203,POTATO WEDGES,'42.00','VVDS145',0
11204,NEER DOSA (3 PCS),'45.00','VVDS146',0
11205,SADA PAV (1 PC),'5.00','VVDS147',0
11206,BUTTER (ADD ON),'9.00','VVDS148',0
11207,CHEESE (ADD ON),'14.00','VVDS149',0
11208,SADA DOSA,'22.00','VVDS151',0
11209,ONION BUTTER SADA DOSA,'40.00','VVDS152',0
11210,MASALA DOSA,'27.00','VVDS153',0
11211,CHILI MILI DOSA,'45.00','VVDS154',0
11212,ONION TAMATO MASALA UTTAPAM,'50.00','VVDS155',0
11213,PLAIN UTTAPPAM,'26.00','VVDS156',0
11214,ONION UTTAPPAM,'32.00','VVDS157',0
11215,ONION TOMATO UTTAPPAM,'35.00','VVDS158',0
11216,TOMATO UTTAPPAM,'32.00','VVDS159',0
11217,MASALA UTTAPPAM,'35.00','VVDS160',0
11218,SET DOSA WITH ALOO RASA,'43.00','VVDS161',0
11219,MYSORE SADA DOSA,'35.00','VVDS162',0
11220,MYSORE MASALA DOSA,'43.00','VVDS163',0
11221,SCHEZWAN SADA DOSA,'35.00','VVDS164',0
11222,SCHEZWAN MASALA DOSA,'43.00','VVDS165',0
11223,PALAK SADA DOSA,'35.00','VVDS166',0
11224,PALAK MASALA DOSA,'43.00','VVDS167',0
11225,CHINISE DOSA,'50.00','VVDS168',0
11226,PANEER DOSA,'55.00','VVDS169',0
11227,RAGI DOSA,'42.00','VVDS170',0
11228,TOMATO OMLETTE,'48.00','VVDS171',0
11229,TOMATO CHILLA,'43.00','VVDS172',0
11230,BESAN CHILA,'43.00','VVDS173',0
11231,BESAN TOMATO CHILLA,'45.00','VVDS174',0
11232,THALIPEETH,'42.00','VVDS175',0
11233,PESARATTU,'42.00','VVDS176',0
11234,SPROUT UTTAPPAM,'45.00','VVDS177',0
11235,OATS UTTAPPAM,'45.00','VVDS178',0
11236,ALOO PARATHA,'43.00','VVDS179',0
11237,VEG PARATHA,'43.00','VVDS180',0
11238,PANEER PARATHA,'53.00','VVDS181',0
11239,CHICKEN PARATHA,'56.00','VVDS182',0
11240,BUTTER (ADD ON) DOSA,'9.00','VVDS183',0
11241,SCHEZWAN (ADD ON) DOSA,'14.00','VVDS184',0
11242,CHEESE (ADD ON) DOSA,'14.00','VVDS185',0
11243,BOILED EGG (1 PC),'11.00','VVDS187',0
11244,BOILED EGG WHITE (1 PC),'11.00','VVDS188',0
11245,MASALA BOILED EGG (1 PC),'15.00','VVDS189',0
11246,EGG BHURJI PAV,'40.00','VVDS190',0
11247,EGG BHURJI (NO PAV),'35.00','VVDS191',0
11248,TRIPLE EGG BHURJI PAV,'60.00','VVDS192',0
11249,TRIPLE EGG BHURJI (NO PAV),'55.00','VVDS193',0
11250,BOILED EGG BHURJI PAV,'43.00','VVDS194',0
11251,BOILED EGG BHURJI (NO PAV),'35.00','VVDS195',0
11252,SCRAMBLED EGG PAV,'35.00','VVDS196',0
11253,SCRAMBLED EGG (NO PAV),'30.00','VVDS197',0
11254,TRIPPLE SCRAMBLED EGG PAV,'55.00','VVDS198',0
11255,TRIPPLE SCRAMBLED EGG (NO PAV),'45.00','VVDS199',0
11256,EGG FULL FRY PAV,'35.00','VVDS200',0
11257,EGG FULL FRY (NO PAV),'31.00','VVDS201',0
11258,TRIPLE EGG FULL FRY PAV,'51.00','VVDS202',0
11259,TRIPLE EGG FULL FRY (NO PAV),'45.00','VVDS203',0
11260,EGG HALF FRY PAV,'35.00','VVDS204',0
11261,EGG HALF FRY (NO PAV),'31.00','VVDS205',0
11262,TRIPLE EGG HALF FRY PAV,'51.00','VVDS206',0
11263,TRIPLE EGG HALF FRY (NO PAV),'45.00','VVDS207',0
11264,EGG MARUTIES PAV,'43.00','VVDS208',0
11265,ONLY EGG MARUTIES,'35.00','VVDS209',0
11266,EGG MASALA OMELETTE PAV,'43.00','VVDS210',0
11267,EGG MASALA OMELETTE ONLY,'35.00','VVDS211',0
11268,EGG OMELETTE PAV,'35.00','VVDS212',0
11269,EGG OMELETTE (NO PAV),'28.00','VVDS213',0
11270,TRIPLE EGG OMELETTE PAV,'51.00','VVDS214',0
11271,TRIPLE EGG OMELETTE (NO PAV),'45.00','VVDS215',0
11272,PLAIN OMELETTE PAV,'35.00','VVDS216',0
11273,PLAIN OMELETTE (NO PAV),'30.00','VVDS217',0
11274,3 EGG PLAIN OMELETTE PAV,'53.00','VVDS218',0
11275,3 EGG PLAIN OMELETTE (NO PAV),'50.00','VVDS219',0
11276,EGG WHITE OMELETTE PAV,'35.00','VVDS220',0
11277,DHOKLA,'42.00','VVDS26',0
11278,EGG WHITE OMELETTE (NO PAV),'32.00','VVDS221',0
11279,LAPSI RAWA,'35.00','VVDS27',0
11280,MIRCHI BHAJIYA,'40.00','VVDS28',0
11281,EGG 81 PAV,'43.00','VVDS222',0
11282,VEG CHOP,'40.00','VVDS29',0
11283,EGG 81 (No Pav),'35.00','VVDS223',0
11284,VEG CRISPY,'42.00','VVDS30',0
11285,TRIPLE - EGG 81 PAV,'60.00','VVDS224',0
11286,BABY CORN CHILLY,'45.00','VVDS31',0
11287,TRIPLE - EGG 81 (NO PAV),'55.00','VVDS225',0
11288,PUNJABI SAMOSA PAV (2 PCS),'42.00','VVDS32',0
11289,BOILED EGG MASALA OMELETTE PAV,'55.00','VVDS226',0
11290,PUNJABI SAMOSA PAV 1 PC),'22.00','VVDS33',0
11291,BOILED EGG MASALA OMELETTE (NO PAV),'50.00','VVDS227',0
11292,PUNJABI SAMOSA (2 PCS),'35.00','VVDS34',0
11293,FRENCH TOAST,'53.00','VVDS228',0
11294,PUNJABI SAMOSA (1 PC),'18.00','VVDS35',0
11295,BREAD PAKODA (2 PCS),'35.00','VVDS36',0
11296,EGG IRANI,'53.00','VVDS229',0
11297,EGG IRANI (NO PAV),'45.00','VVDS230',0
11298,BREAD PAKODA (1 PC),'18.00','VVDS37',0
11299,KING SLICE,'53.00','VVDS231',0
11300,SOYA CHILLY DRY,'42.00','VVDS38',0
11301,SADA PAV (1 PC) EGG,'5.00','VVDS232',0
11302,ALOO CHILLY DRY,'42.00','VVDS39',0
11303,BUTER PAV (1 PC) EGG,'14.00','VVDS233',0
11304,BATATA WADA PAV (1 PC),'20.00','VVDS40',0
11305,BUTTER (ADD ON) EGG,'9.00','VVDS234',0
11306,BATATA WADA PAV (2 PCS),'40.00','VVDS41',0
11307,SCHEZWANS (ADD ON) EGG,'14.00','VVDS235',0
11308,BATATA WADA (1 PC),'18.00','VVDS42',0
11309,CHEESE (ADD ON) EGG,'14.00','VVDS236',0
11310,BATATA WADA (2 PCS),'35.00','VVDS43',0
11311,PLAIN MAGGI,'28.00','VVDS238',0
11312,PURI BHAJI,'53.00','VVDS44',0
11313,VEG MAGGI,'35.00','VVDS239',0
11314,EXTRA PURI (1 PC),'8.00','VVDS45',0
11315,DABELI (1 PC),'22.00','VVDS46',0
11316,PLAIN FRY MAGGI,'40.00','VVDS240',0
11317,VEG FRY MAGGI,'43.00','VVDS241',0
11318,DABELI (2 PCS),'42.00','VVDS47',0
11319,CHICKEN FRY MAGGI,'56.00','VVDS242',0
11320,CHANNA CHAT,'42.00','VVDS48',0
11321,VEG CHOWMIN MAGGI,'50.00','VVDS243',0
11322,SESAME TOAST,'38.00','VVDS49',0
11323,BUTTER (ADD ON) MAGGI,'9.00','VVDS244',0
11324,CHICHEN CHILLY PAV,'56.00','VVDS50',0
11325,CHIKCEN CHILLY (NO PAV),'50.00','VVDS51',0
11326,SCZEWAN (ADD ON) MAGGI,'14.00','VVDS245',0
11327,CHICKEN 65 PAV,'56.00','VVDS52',0
11328,CHEESE (ADD ON) MAGGI,'14.00','VVDS246',0
11329,CHICKEN 65 (NO PAV),'50.00','VVDS53',0
11330,EGG HALF FRY 1 EGG (ADD ON) MAGGI,'16.00','VVDS247',0
11331,CHICKEN KHEEMA PAV,'56.00','VVDS54',0
11332,EGG FULL FRY 1 EGG  (ADD ON) MAGGI,'16.00','VVDS248',0
11333,EGG OMELETTE 1 EGG (ADD ON) MAGGI,'16.00','VVDS249',0
11334,CHICKEN KHEEMA (NO PAV),'50.00','VVDS55',0
11335,CHICKEN LIVER PAV,'56.00','VVDS56',0
11336,CHICKEN LIVER (NO PAV),'50.00','VVDS57',0
11337,CHICKEN LOLLYPOP,'55.00','VVDS58',0
11338,CHICKEN TIKKA PAV,'55.00','VVDS59',0
11339,CHICKEN TIKKA (NO PAV),'50.00','VVDS60',0
11340,CHICKEN  KEBAB PAV,'56.00','VVDS61',0
11341,CHICKEN  KEBAB (NO PAV),'50.00','VVDS62',0
11342,CHICKEN  MASALA PAV,'56.00','VVDS63',0
11343,CHICKEN MASALA (NO PAV),'50.00','VVDS64',0
11344,CHCIKEN EGG ROLL,'56.00','VVDS65',0
11345,CHICKEN  BUN ROLL,'56.00','VVDS66',0
11346,CHICKEN HOT DOG,'55.00','VVDS67',0
11347,VEG HOT DOG,'50.00','VVDS68',0
11348,CHICKEN MANCHURIAN ROLL,'60.00','VVDS69',0
11349,VEG MANCHURIAN ROLL,'43.00','VVDS70',0
11350,PANEER TIKKA ROLL,'50.00','VVDS71',0
11351,CHCIKEN MAYO ROLL,'56.00','VVDS72',0
11352,VEG MAYO ROLL,'50.00','VVDS73',0
11353,PANEER BHURJI PAV,'53.00','VVDS74',0
11354,PANEER BHURJI (NO PAV),'50.00','VVDS75',0
11355,CHINESE BHEL,'44.00','VVDS76',0
11356,CHICKEN PASTA,'56.00','VVDS77',0
11357,VEG PASTA,'44.00','VVDS78',0
11358,BREAD CHEESE PAKODA,'50.00','VVDS79',0
11359,PAV PATTICE,'38.00','VVDS80',0
11360,BREAD ROLL,'42.00','VVDS81',0
11361,SABUDHANA WADA (1 PC),'18.00','VVDS82',0
11362,SABUDHANA WADA,'35.00','VVDS83',0
11363,SABUDHANA KICHADI,'26.00','VVDS84',0
11364,DAHI KACHORI (2 PCS),'43.00','VVDS85',0
11365,DAHI KACHORI (1 PC),'25.00','VVDS86',0
11366,VEG CUTLET (2 PCS),'35.00','VVDS87',0
11367,VEG CUTLET (1 PC),'18.00','VVDS88',0
11368,MISAL PAV,'35.00','VVDS89',0
11369,MISAL (NO PAV),'30.00','VVDS90',0
11370,USSAL PAV,'28.00','VVDS91',0
11371,USSAL (NO PAV),'25.00','VVDS92',0
11372,DAHI MISSAL PAV,'40.00','VVDS93',0
11373,DAHI MISSAL (NO PAV),'35.00','VVDS94',0
11374,UPMA,'26.00','VVDS95',0
11375,VEG UPMA,'26.00','VVDS96',0
11376,GREEN PEAS UPMA,'26.00','VVDS97',0
11377,TOMATO UPMA,'26.00','VVDS98',0
11378,SEVAYA UPMA,'35.00','VVDS99',0
11379,POHA UPMA MIX,'35.00','VVDS100',0
11380,POHA,'26.00','VVDS101',0
11381,POTATO POHA,'26.00','VVDS102',0
11382,ONION POHA,'26.00','VVDS103',0
11383,MASALA POHA,'26.00','VVDS104',0
11384,BREAD POHA,'35.00','VVDS105',0
11385,PINEAPPLE SHEERA,'28.00','VVDS106',0
11386,BANANA SHEERA,'26.00','VVDS107',0
11387,KESHRI SHEERA,'28.00','VVDS108',0
11388,PAV BHAJI,'53.00','VVDS109',0
11389,PAV BHAJI (NO PAV),'45.00','VVDS110',0
11390,CHOLE PAV,'43.00','VVDS111',0
11391,CHOLE (NO PAV),'36.00','VVDS112',0
11392,BATATA BHAJIA,'38.00','VVDS113',0
11393,DAL WADA,'35.00','VVDS114',0
11394,MOONG BHAJIYA,'39.00','VVDS115',0
11395,CHINISE BHAJIYA,'42.00','VVDS116',0
11396,MIX BHAJIA,'35.00','VVDS117',0
11397,PALAK BHAJIA,'38.00','VVDS118',0
11398,ONION BHAJIA,'35.00','VVDS119',0
11399,DAHI WADA,'43.00','VVDS120',0
11400,MYSORE BONDA,'26.00','VVDS121',0
11401,SCHEZWAN WADA PAV,'42.00','VVDS122',0
11402,IDLI WADA MIX,'26.00','VVDS123',0
11403,MEDU WADA (2 PCS),'26.00','VVDS124',0
11404,MEDU WADA (3 PCS),'42.00','VVDS125',0
11405,TAWA IDLI,'38.00','VVDS126',0
11406,MASALA IDLI,'38.00','VVDS127',0
11407,SCHEZWAN IDLI,'38.00','VVDS128',0
11408,TADKA IDLI,'35.00','VVDS129',0
11409,IDLI FRY,'38.00','VVDS130',0
11410,IDLI CHILLY,'38.00','VVDS131',0
11411,IDLI SAMBAR (2 PCS),'26.00','VVDS132',0
11412,IDLI SAMBAR (3 PCS),'42.00','VVDS133',0
11413,VEG BURGER,'43.00','VVDS134',0
11414,VEG CHEESE BURGER,'57.00','VVDS135',0
11415,CHICKEN BURGER,'56.00','VVDS136',0
11416,CHICKEN CHEESE BURGER,'70.00','VVDS137',0
11417,RAGDA PATTICE,'35.00','VVDS138',0
11418,BROWN POHA,'38.00','VVDS139',0
11419,FRENCH FRIES,'42.00','VVDS140',0
11420,RASAM WADA,'35.00','VVDS141',0
11421,DALIYA,'38.00','VVDS142',0
11422,VEG NOODLES,'50.00','VVDS143',0
11423,EGG BURMA TOAST,'56.00','VVDS144',0
11424,POTATO WEDGES,'42.00','VVDS145',0
11425,NEER DOSA (3 PCS),'45.00','VVDS146',0
11426,SADA PAV (1 PC),'5.00','VVDS147',0
11427,BUTTER (ADD ON),'9.00','VVDS148',0
11428,CHEESE (ADD ON),'14.00','VVDS149',0
11429,SADA DOSA,'22.00','VVDS151',0
11430,ONION BUTTER SADA DOSA,'40.00','VVDS152',0
11431,MASALA DOSA,'27.00','VVDS153',0
11432,CHILI MILI DOSA,'45.00','VVDS154',0
11433,ONION TAMATO MASALA UTTAPAM,'50.00','VVDS155',0
11434,PLAIN UTTAPPAM,'26.00','VVDS156',0
11435,ONION UTTAPPAM,'32.00','VVDS157',0
11436,ONION TOMATO UTTAPPAM,'35.00','VVDS158',0
11437,TOMATO UTTAPPAM,'32.00','VVDS159',0
11438,MASALA UTTAPPAM,'35.00','VVDS160',0
11439,SET DOSA WITH ALOO RASA,'43.00','VVDS161',0
11440,MYSORE SADA DOSA,'35.00','VVDS162',0
11441,MYSORE MASALA DOSA,'43.00','VVDS163',0
11442,SCHEZWAN SADA DOSA,'35.00','VVDS164',0
11443,SCHEZWAN MASALA DOSA,'43.00','VVDS165',0
11444,PALAK SADA DOSA,'35.00','VVDS166',0
11445,PALAK MASALA DOSA,'43.00','VVDS167',0
11446,CHINISE DOSA,'50.00','VVDS168',0
11447,PANEER DOSA,'55.00','VVDS169',0
11448,RAGI DOSA,'42.00','VVDS170',0
11449,TOMATO OMLETTE,'48.00','VVDS171',0
11450,TOMATO CHILLA,'43.00','VVDS172',0
11451,BESAN CHILA,'43.00','VVDS173',0
11452,BESAN TOMATO CHILLA,'45.00','VVDS174',0
11453,THALIPEETH,'42.00','VVDS175',0
11454,PESARATTU,'42.00','VVDS176',0
11455,SPROUT UTTAPPAM,'45.00','VVDS177',0
11456,OATS UTTAPPAM,'45.00','VVDS178',0
11457,ALOO PARATHA,'43.00','VVDS179',0
11458,VEG PARATHA,'43.00','VVDS180',0
11459,PANEER PARATHA,'53.00','VVDS181',0
11460,CHICKEN PARATHA,'56.00','VVDS182',0
11461,BUTTER (ADD ON) DOSA,'9.00','VVDS183',0
11462,SCHEZWAN (ADD ON) DOSA,'14.00','VVDS184',0
11463,CHEESE (ADD ON) DOSA,'14.00','VVDS185',0
11464,BOILED EGG (1 PC),'11.00','VVDS187',0
11465,BOILED EGG WHITE (1 PC),'11.00','VVDS188',0
11466,MASALA BOILED EGG (1 PC),'15.00','VVDS189',0
11467,EGG BHURJI PAV,'40.00','VVDS190',0
11468,EGG BHURJI (NO PAV),'35.00','VVDS191',0
11469,TRIPLE EGG BHURJI PAV,'60.00','VVDS192',0
11470,TRIPLE EGG BHURJI (NO PAV),'55.00','VVDS193',0
11471,BOILED EGG BHURJI PAV,'43.00','VVDS194',0
11472,BOILED EGG BHURJI (NO PAV),'35.00','VVDS195',0
11473,SCRAMBLED EGG PAV,'35.00','VVDS196',0
11474,SCRAMBLED EGG (NO PAV),'30.00','VVDS197',0
11475,TRIPPLE SCRAMBLED EGG PAV,'55.00','VVDS198',0
11476,TRIPPLE SCRAMBLED EGG (NO PAV),'45.00','VVDS199',0
11477,EGG FULL FRY PAV,'35.00','VVDS200',0
11478,EGG FULL FRY (NO PAV),'31.00','VVDS201',0
11479,TRIPLE EGG FULL FRY PAV,'51.00','VVDS202',0
11480,TRIPLE EGG FULL FRY (NO PAV),'45.00','VVDS203',0
11481,EGG HALF FRY PAV,'35.00','VVDS204',0
11482,EGG HALF FRY (NO PAV),'31.00','VVDS205',0
11483,TRIPLE EGG HALF FRY PAV,'51.00','VVDS206',0
11484,TRIPLE EGG HALF FRY (NO PAV),'45.00','VVDS207',0
11485,EGG MARUTIES PAV,'43.00','VVDS208',0
11486,ONLY EGG MARUTIES,'35.00','VVDS209',0
11487,EGG MASALA OMELETTE PAV,'43.00','VVDS210',0
11488,EGG MASALA OMELETTE ONLY,'35.00','VVDS211',0
11489,EGG OMELETTE PAV,'35.00','VVDS212',0
11490,EGG OMELETTE (NO PAV),'28.00','VVDS213',0
11491,TRIPLE EGG OMELETTE PAV,'51.00','VVDS214',0
11492,TRIPLE EGG OMELETTE (NO PAV),'45.00','VVDS215',0
11493,PLAIN OMELETTE PAV,'35.00','VVDS216',0
11494,PLAIN OMELETTE (NO PAV),'30.00','VVDS217',0
11495,3 EGG PLAIN OMELETTE PAV,'53.00','VVDS218',0
11496,3 EGG PLAIN OMELETTE (NO PAV),'50.00','VVDS219',0
11497,EGG WHITE OMELETTE PAV,'35.00','VVDS220',0
11498,EGG WHITE OMELETTE (NO PAV),'32.00','VVDS221',0
11499,EGG 81 PAV,'43.00','VVDS222',0
11500,EGG 81 (No Pav),'35.00','VVDS223',0
11501,TRIPLE - EGG 81 PAV,'60.00','VVDS224',0
11502,TRIPLE - EGG 81 (NO PAV),'55.00','VVDS225',0
11503,BOILED EGG MASALA OMELETTE PAV,'55.00','VVDS226',0
11504,BOILED EGG MASALA OMELETTE (NO PAV),'50.00','VVDS227',0
11505,FRENCH TOAST,'53.00','VVDS228',0
11506,EGG IRANI,'53.00','VVDS229',0
11507,EGG IRANI (NO PAV),'45.00','VVDS230',0
11508,KING SLICE,'53.00','VVDS231',0
11509,SADA PAV (1 PC) EGG,'5.00','VVDS232',0
11510,BUTER PAV (1 PC) EGG,'14.00','VVDS233',0
11511,BUTTER (ADD ON) EGG,'9.00','VVDS234',0
11512,SCHEZWANS (ADD ON) EGG,'14.00','VVDS235',0
11513,CHEESE (ADD ON) EGG,'14.00','VVDS236',0
11514,PLAIN MAGGI,'28.00','VVDS238',0
11515,VEG MAGGI,'35.00','VVDS239',0
11516,PLAIN FRY MAGGI,'40.00','VVDS240',0
11517,VEG FRY MAGGI,'43.00','VVDS241',0
11518,CHICKEN FRY MAGGI,'56.00','VVDS242',0
11519,VEG CHOWMIN MAGGI,'50.00','VVDS243',0
11520,BUTTER (ADD ON) MAGGI,'9.00','VVDS244',0
11521,SCZEWAN (ADD ON) MAGGI,'14.00','VVDS245',0
11522,CHEESE (ADD ON) MAGGI,'14.00','VVDS246',0
11523,EGG HALF FRY 1 EGG (ADD ON) MAGGI,'16.00','VVDS247',0
11524,EGG FULL FRY 1 EGG  (ADD ON) MAGGI,'16.00','VVDS248',0
11525,EGG OMELETTE 1 EGG (ADD ON) MAGGI,'16.00','VVDS249',0
11526,Seasonal Veg Chicken Penne Pasta Roasted Red,'130.00','D-67e4eab8bf866',0
11527,Seasonal Veg Penne Pasta Roasted Red Pepper,'110.00','D-67e4eaf965e1a',0
11528,VEG SPICE BOWL,'90.00','VVDS251',0
11529,NON VEG SPICE BOWL,'100.00','VVDS252',0
11530,PANI PURI,'26.00','VVDS254',0
11531,SEV PURI,'26.00','VVDS255',0
11532,SUKKHA BHEL,'24.00','VVDS256',0
11533,GILLA BHEL,'24.00','VVDS257',0
11534,SUKKHA PURI,'26.00','VVDS258',0
11535,MASALA PURI,'26.00','VVDS259',0
11536,RAGDA PURI,'26.00','VVDS260',0
11537,DAHI PURI,'26.00','VVDS261',0
11538,PAPDI CHAAT,'26.00','VVDS262',0
11539,DAHI PAPDI CHAAT,'32.00','VVDS263',0
11540,RAGDA PATTICE,'35.00','VVDS264',0
11541,RAGDA CHAAT,'32.00','VVDS265',0
11542,SAMOSA CHAAT,'42.00','VVDS266',0
11543,CHANNA CHAT,'42.00','VVDS267',0
11544,MASALA BHEL,'35.00','VVDS268',0
11545,CORN CHAAT,'42.00','VVDS269',0
11546,RAGDA SAMOSA CHAAT,'50.00','VVDS270',0
11547,DAHI SAMOSA CHAAT,'45.00','VVDS271',0
11548,SPROUT CHAAT,'42.00','VVDS272',0
11549,DAHI RAGDA PURI,'32.00','VVDS273',0
11550,DAHI RAGDA PATTICE,'40.00','VVDS274',0
11551,VEG MANCHOW SOUP,'64.00','VVDS276',0
11552,CHICKEN MANCHOW SOUP,'72.00','VVDS277',0
11553,VEG MANCHURIAN DRY,'84.00','VVDS278',0
11554,VEG MANCHURIAN GRAVY,'84.00','VVDS279',0
11555,CHICKEN CHILLY DRY,'110.00','VVDS280',0
11556,CHICKEN CHILLY GRAVY,'110.00','VVDS281',0
11557,VEG FRIED RICE,'83.00','VVDS282',0
11558,EGG FRIED RICE,'95.00','VVDS283',0
11559,CHICKEN FRIED RICE,'95.00','VVDS284',0
11560,VEG HAKKA NOODLESS,'83.00','VVDS285',0
11561,EGG HAKKA NOODLE,'95.00','VVDS286',0
11562,CHICKEN HAKKA NOODLE,'95.00','VVDS287',0
11563,VEG COMBO RICE,'137.00','VVDS288',0
11564,VEG COMBO NOODLES,'137.00','VVDS289',0
11565,NON VEG COMBO RICE,'162.00','VVDS290',0
11566,NON VEG COMBO NOODLES,'162.00','VVDS291',0
11567,OMLELTTE (ADD ON),'14.00','VVDS292',0
11568,SCHEZWANS (ADD ON),'14.00','VVDS293',0
11569,VEG SOUP,'50.00','VVDS295',0
11570,CHICKEN SOUP,'72.00','VVDS296',0
11571,VEG SALAD,'88.00','VVDS297',0
11572,NON VEG SALAD,'101.00','VVDS298',0
11573,GRILLED PANEER,'125.00','VVDS299',0
11574,GRILLED CHICKEN,'125.00','VVDS300',0
11575,GRILLED FISH,'125.00','VVDS301',0
11576,BREAD BUTTER,'19.00','VVDS303',0
11577,BREAD BUTTER JAM,'22.00','VVDS304',0
11578,CHUTNEY SND,'22.00','VVDS305',0
11579,CHUTNEY CHEESE SND,'35.00','VVDS306',0
11580,VEG SND,'35.00','VVDS307',0
11581,VEG CHEE SND,'49.00','VVDS308',0
11582,VEG MAYO SND,'45.00','VVDS309',0
11583,VEG CLUB SND,'64.00','VVDS310',0
11584,PANEER TIKKA SND,'56.00','VVDS311',0
11585,PANEER TIKKA CHEESE SND,'70.00','VVDS312',0
11586,ALOO SND,'32.00','VVDS313',0
11587,ALOO CHEESE SND,'42.00','VVDS314',0
11588,ALOO MSL SND,'42.00','VVDS315',0
11589,ALOO MSL CHEESE SND,'56.00','VVDS316',0
11590,ALOO CAPSICUM SND,'32.00','VVDS317',0
11591,ALOO CAPSICUM CHEESE SND,'42.00','VVDS318',0
11592,OMELETTE SND,'42.00','VVDS319',0
11593,OMELETTE CHEESE SND,'56.00','VVDS320',0
11594,CHICKEN TIKKA SND ,'56.00','VVDS321',0
11595,CHICKEN TIKKA CHEESE SND,'70.00','VVDS322',0
11596,CHICKEN MAYO SND ,'56.00','VVDS323',0
11597,CHICKEN MAYO CHEESE SND ,'70.00','VVDS324',0
11598,CHICKEN CLUB SND,'78.00','VVDS325',0
11599,BOILED EGG SND ,'42.00','VVDS326',0
11600,BOILED EGG CHEESE SND ,'56.00','VVDS327',0
11601,ONLY CHESSE SND,'35.00','VVDS328',0
11602,CORN MAYO SND,'49.00','VVDS329',0
11603,CORN MAYO CHEESE SND,'60.00','VVDS330',0
11604,BOILED EGG MAYO SND,'56.00','VVDS331',0
11605,BOILED EGG MAYO CHEESE SND,'70.00','VVDS332',0
11606,CHILLI CHEESE SND,'43.00','VVDS333',0
11607,VEG CHEESE MAYO SND,'60.00','VVDS334',0
11608,CHICKEN ROASTED SND,'69.00','VVDS335',0
11609,CHICKEN SALAMI SND,'70.00','VVDS336',0
11610,PIZZA SND,'56.00','VVDS337',0
11611,WHITE BREAD SLICE (1 PC),'6.00','VVDS338',0
11612,BROWN BREAD SLICE (1 PC),'8.00','VVDS339',0
11613,OMELETTE (ADD ON) SND,'16.00','VVDS340',0
11614,BUTTER (ADD ON) SND,'9.00','VVDS341',0
11615,CHEESE (ADD ON) SND,'14.00','VVDS342',0
11616,SALAMI (ADD ON) SND,'20.00','VVDS343',0
11617,KEBAB (ADD ON) SND,'20.00','VVDS344',0
11618,WATERMELON JUICE,'35.00','VVDS346',0
11619,PINEAPPLE JUICE,'35.00','VVDS347',0
11620,GRAPE JUICE,'35.00','VVDS348',0
11621,COCKTAIL JUICE,'35.00','VVDS349',0
11622,MUSKMELON JUICE,'35.00','VVDS350',0
11623,PAPAYA JUICE,'35.00','VVDS351',0
11624,MARA MARI JUICE,'42.00','VVDS352',0
11625,ORANGE JUICE,'40.00','VVDS353',0
11626,MOSAMBI JUICE,'40.00','VVDS354',0
11627,CARROT & BEETROOT JUICE,'43.00','VVDS355',0
11628,BANANA MILKSHAKE,'40.00','VVDS356',0
11629,CHICKOO MILKSHAKE,'40.00','VVDS357',0
11630,MUSKMELON MILKSHAKE,'40.00','VVDS358',0
11631,PAPAYA MILKSHAKE,'40.00','VVDS359',0
11632,APPLE MILKSHAKE,'43.00','VVDS360',0
11633,ROSE MILKSHAKE,'43.00','VVDS361',0
11634,KESAR MILKSHAKE,'43.00','VVDS362',0
11635,STRAWBERRY MILKSHAKE,'43.00','VVDS363',0
11636,BUTTERSCOTCH MILKSHAKE,'43.00','VVDS364',0
11637,ANJEER MILKSHAKE,'55.00','VVDS365',0
11638,KAJU ANJEER MILKSHAKE,'61.00','VVDS366',0
11639,THANDAI MILKSHAKE,'61.00','VVDS367',0
11640,SITAFAL MILKSHAKE (SEASONAL),'61.00','VVDS368',0
11641,MANGO MILKSHAKE (SEASONAL),'61.00','VVDS369',0
11642,STRAWBERRY MILKSHAKE (SEASONAL),'61.00','VVDS370',0
11643,KESAR THANDAI,'61.00','VVDS371',0
11644,ROSE THANDAI,'61.00','VVDS372',0
11645,COLD COFFEE,'43.00','VVDS373',0
11646,COLD BOURNVITA,'43.00','VVDS374',0
11647,COLD HORLICKS,'43.00','VVDS375',0
11648,COLD CHOCOLATE,'43.00','VVDS376',0
11649,ROSE FALOODA,'61.00','VVDS377',0
11650,KESAR FALOODA,'61.00','VVDS378',0
11651,STRAWBERRY FALOODA,'61.00','VVDS379',0
11652,FRUIT PLATE - SMALL,'35.00','VVDS380',0
11653,FRUIT PLATE - BIG,'50.00','VVDS381',0
11654,APPLE (WHOLE),'50.00','VVDS382',0
11655,MOSAMBI (WHOLE),'15.00','VVDS383',0
11656,BANANA (WHOLE),'10.00','VVDS384',0
11657,PEAR (WHOLE),'30.00','VVDS385',0
11658,KOKUM,'14.00','VVDS386',0
11659,KOKAM WITH LIME,'25.00','VVDS387',0
11660,KALA KHATTA,'14.00','VVDS388',0
11661,LEMON JUICE,'14.00','VVDS389',0
11662,LEMON JUICE WITH SABZA,'22.00','VVDS390',0
11663,BUTTER MILK,'14.00','VVDS391',0
11664,SABZA (ADD ON),'8.00','VVDS392',0
11665,Veg Chicken Penne Pasta,Roasted Red Pepper','130.00',1
11666,Veg Penne Pasta Roasted Red Pepper Sauce,'110.00','D-67e4f2e2542a5',0
11667,REGULAR TEA 100ML,'13.00','VVDS394',0
11668,REGULAR TEA 140ML,'17.00','VVDS395',0
11669,LIFE TEA,'18.00','VVDS396',0
11670,LIFE TEA - GINGER,'19.00','VVDS397',0
11671,MASALA TEA,'14.00','VVDS398',0
11672,GINGER LEMON TEA,'14.00','VVDS399',0
11673,FILTER COFFEE 100ML,'17.00','VVDS400',0
11674,FILTER COFFEE 140ML,'22.00','VVDS401',0
11675,NESCAFE,'22.00','VVDS402',0
11676,BLACK COFFEE,'14.00','VVDS403',0
11677,BADAM MILK,'22.00','VVDS404',0
11678,HORLICKS,'22.00','VVDS405',0
11679,BOURNVITA,'22.00','VVDS406',0
11680,BOOST,'22.00','VVDS407',0
11681,RAGI MALT,'22.00','VVDS408',0
11682,HOT CHOCOLATE,'22.00','VVDS409',0
11683,BUN BUTTER,'22.00','VVDS410',0
11684,BUN JAM,'22.00','VVDS411',0
11685,BUN BUTTER JAM,'25.00','VVDS412',0
11686,BUN BUTTER CHEESE,'33.00','VVDS413',0
11687,BUN BUTTER JAM CHEESE,'36.00','VVDS414',0
11688,PLAIN BUN,'11.00','VVDS415',0
11689,HOLY TULSI,'17.00','VVDS416',0
11690,CALM TEA,'17.00','VVDS417',0
11691,YELLOW MILK,'17.00','VVDS418',0
11692,REFRESH TEA,'17.00','VVDS419',0
11693,PEPPER KASHAYA,'17.00','VVDS420',0
11694,GREEN TEA,'17.00','VVDS421',0
11695,DIABETIC TEA,'17.00','VVDS422',0
11696,COOKIES (1 PC),'9.00','VVDS423',0
11697,JEERA BUTTER,'5.00','VVDS424',0
11698,RUSK TOAST,'5.00','VVDS425',0
11699,WHITE BREAD BUTTER,'22.00','VVDS426',0
11700,BROWN BREAD BUTTER,'25.00','VVDS427',0
11701,WHITE BREAD JAM,'22.00','VVDS428',0
11702,BROWN BREAD JAM,'28.00','VVDS429',0
11703,WHITE BREAD CHEESE,'35.00','VVDS430',0
11704,BROWN BREAD CHEESE,'41.00','VVDS431',0
11705,CHEESE (ADD ON) TEA,'10.00','VVDS432',0
11706,Crispy paneer patty classic herbes Cajun,'110.00','D-67e626ee11119',0
11707,Crispy chicken patty classic herbes Cajun,'130.00','D-67e6271863463',0
11708,Crispy Chicken Patty,Classic Herbed Rice','130.00',1
11709,Crispy Paneer Patty,Classic Herbed Rice','110.00',1
11710,Non Veg Meal,'75.00','PDA1',0
11711,Veg Meal,'67.00','PDA2',0
11712,Chicken  Kheema Pav,'55.00','PDA3',0
11713,Masala Dosa,'28.00','PDA4',0
11714,Sada Pav,'4.00','PDA5',0
11715,Idli Sambar,'28.00','PDA6',0
11716,Missal Pav,'35.00','PDA7',0
11717,Poha,'27.00','PDA8',0
11718,Veg Mini Meal,'55.00','PDA9',0
11719,Sada Dosa,'25.00','PDA10',0
11720,Non Veg Mini Meal,'61.00','PDA11',0
11721,Medu Wada,'27.00','PDA12',0
11722,Chapati,'8.00','PDA13',0
11723,Boiled Egg,'12.00','PDA14',0
11724,Chicken  Lollypop,'55.00','PDA15',0
11725,Veg. Fry Maggi,'40.00','PDA16',0
11726,Batata Wada Pav,'40.00','PDA17',0
11727,Upma,'27.00','PDA18',0
11728,Egg Bhurji Pav,'43.00','PDA19',0
11729,Chicken  Tikka Pav,'55.00','PDA20',0
11730,Egg Masala Omlet Pav,'43.00','PDA21',0
11731,Plain Maggi,'27.00','PDA22',0
11732,Steam Rice,'27.00','PDA23',0
11733,Egg Omlette Pav,'40.00','PDA24',0
11734,Egg  81  Pav,'43.00','PDA25',0
11735,Dal,'22.00','PDA26',0
11736,Masala Idli,'36.00','PDA27',0
11737,Onion Bhajia,'36.00','PDA28',0
11738,Sabudhana Wada,'35.00','PDA29',0
11739,Onion Uttappam,'35.00','PDA30',0
11740,Veg. Sabzi,'27.00','PDA31',0
11741,Veg Pasta,'50.00','PDA32',0
11742,Punjabi Samosa,'35.00','PDA33',0
11743,Egg Half Fry Pav,'36.00','PDA34',0
11744,Chicken Gravy,'43.00','PDA35',0
11745,Chicken Kheema (Without Pav),'50.00','PDA36',0
11746,Paneer Bhurji Pav,'55.00','PDA37',0
11747,Moong Bhajiya,'40.00','PDA38',0
11748,Dahi Wada,'43.00','PDA39',0
11749,Chicken  Hot Dog,'55.00','PDA40',0
11750,Veg. Cutlet,'36.00','PDA41',0
11751,Non Veg Meal,'74.00','PDA42',0
11752,Veg Meal,'66.00','PDA43',0
11753,Eggs(02) to order,'31.00','PDA44',0
11754,Tadka Idli,'35.00','PDA45',0
11755,Sabudhana Kichadi,'35.00','PDA46',0
11756,Egg Bhurji,'40.00','PDA47',0
11757,Chana Chat ,'35.00','PDA48',0
11758,Butter Pav,'11.00','PDA49',0
11759,Sevaya Upma,'35.00','PDA50',0
11760,Bioled Egg Bhurji Pav,'43.00','PDA51',0
11761,Veg. Crispy,'42.00','PDA52',0
11762,Pav Bhaji,'50.00','PDA53',0
11763,Egg Masala Omlet (Without Pav),'40.00','PDA54',0
11764,Bread Pakoda,'35.00','PDA55',0
11765,Chicken  Masala Pav,'56.00','PDA56',0
11766,Dahi Kachori,'42.00','PDA57',0
11767,Onion Tomato Uttappam,'42.00','PDA58',0
11768,Chicken Bhajiya,'42.00','PDA59',0
11769,Veg. Maggi,'35.00','PDA60',0
11770,Ragda Pattice,'42.00','PDA61',0
11771,Pineapple Sheera,'28.00','PDA62',0
11772,Paneer Tikka Roll,'50.00','PDA63',0
11773,Veg Manchurian Roll,'50.00','PDA64',0
11774,Chicken  Chilli Pav,'56.00','PDA65',0
11775,Mix Bhajia,'35.00','PDA66',0
11776,Dessert 1,'14.00','PDA67',0
11777,Puri Bhaji,'56.00','PDA68',0
11778,Chole Pav,'42.00','PDA69',0
11779,Masala Uttaapam,'35.00','PDA70',0
11780,Schezwan Sada Dosa,'35.00','PDA71',0
11781,Chinese Bhel,'35.00','PDA72',0
11782,Soya Chilli Dry,'42.00','PDA73',0
11783,Palak Bhajia,'35.00','PDA74',0
11784,Punjabi Samosa Single,'18.00','PDA75',0
11785,Aloo Paratha,'35.00','PDA76',0
11786,Papad 1 Pc,'3.00','PDA77',0
11787,Sada Pav,'4.00','PDA78',0
11788,Onion Uttappam,'35.00','PDA79',0
11789,Veg. Sabzi,'28.00','PDA80',0
11790,Paneer Tikka Roll,'50.00','PDA81',0
11791,Dessert 1,'14.00','PDA82',0
11792,Mysore Bonda,'28.00','PDA83',0
11793,Potato Pakoda ,'42.00','PDA84',0
11794,Schezwan Idli,'35.00','PDA85',0
11795,Sesame Toast,'35.00','PDA86',0
11796,Besan Tomato Chilla,'43.00','PDA87',0
11797,Pesarattu,'42.00','PDA88',0
11798,Tomato Uttappam,'35.00','PDA89',0
11799,Dal Khichdi,'50.00','PDA90',0
11800,Egg Gravy,'43.00','PDA91',0
11801,Chicken Egg Roll,'56.00','PDA92',0
11802,Chicken Bun Roll,'56.00','PDA93',0
11803,Chicken Burger,'56.00','PDA94',0
11804,Chicken Masala (Without Pav),'50.00','PDA95',0
11805,French Fries,'42.00','PDA96',0
11806,Banana Sheera,'28.00','PDA97',0
11807,Chicken  65 Pav,'56.00','PDA98',0
11808,Chicken  0r Pav,'56.00','PDA99',0
11809,Chicken  Manchurian Roll,'56.00','PDA100',0
11810,Single Egg to order,'15.00','PDA101',0
11811,Neer Dosa,'14.00','PDA102',0
11812,Paratha,'22.00','PDA103',0
11813,Raita,'22.00','PDA104',0
11814,Salad,'25.00','PDA105',0
11815,Spl Rice,'35.00','PDA106',0
11816,Thepla,'14.00','PDA107',0
11817,Missal Pav,'35.00','PDA108',0
11818,Veg. Chop,'35.00','PDA109',0
11819,Dabeli,'42.00','PDA110',0
11820,Dal Wada,'42.00','PDA111',0
11821,Daliya,'42.00','PDA112',0
11822,Dhokla,'42.00','PDA113',0
11823,Set Dosa,'43.00','PDA114',0
11824,Schezwan Masala Dosa,'43.00','PDA115',0
11825,Lapsi Rawa,'35.00','PDA116',0
11826,Ussal Pav,'28.00','PDA117',0
11827,Veg Cheese Burger,'64.00','PDA118',0
11828,Veg Noodles,'50.00','PDA119',0
11829,French Toast,'42.00','PDA120',0
11830,Chicken Mayo Roll,'60.00','PDA121',0
11831,Egg Omlet Maggi,'58.00','PDA122',0
11832,Egg 81,'40.00','PDA123',0
11833,Egg Full Fry Pav,'35.00','PDA124',0
11834,Egg Omlet Fry Maggi,'56.00','PDA125',0
11835,Punjabi Samosa Pav,'42.00','PDA126',0
11836,Dahi Kachori,'42.00','PDA127',0
11837,Idli Chilli,'35.00','PDA128',0
11838,Idli Fry,'35.00','PDA129',0
11839,Paneer Paratha,'56.00','PDA130',0
11840,Keshri Sheera,'28.00','PDA131',0
11841,Potato Wedges,'42.00','PDA132',0
11842,Sabudhana Wada Single,'22.00','PDA133',0
11843,Single Dabeli,'22.00','PDA134',0
11844,Single Punjabi Samosa Pav,'22.00','PDA135',0
11845,Veg Burger,'50.00','PDA136',0
11846,Paneer Bhurji (Without Pav),'50.00','PDA137',0
11847,Pav Pattice,'35.00','PDA138',0
11848,Plain Uttappam,'28.00','PDA139',0
11849,Turant Palti Pav,'35.00','PDA140',0
11850,Aloo Chilli Dry,'42.00','PDA141',0
11851,Batata Bhajia,'35.00','PDA142',0
11852,Chicken  Bun Roll,'56.00','PDA143',0
11853,Chicken Pasta,'56.00','PDA144',0
11854,Chicken Chilli Without Pav,'50.00','PDA145',0
11855,Egg Burma Toast,'56.00','PDA146',0
11856,Veg Hot Dog,'50.00','PDA147',0
11857,Chicken Mayo Roll,'56.00','PDA148',0
11858,Lapsi Rawa,'35.00','PDA149',0
11859,Chicken  Mayonnaise Sandwich ,'56.00','PDA150',0
11860,Aloo Cheese Sandwich,'42.00','PDA151',0
11861,Boiled Egg Sandwich ,'35.00','PDA152',0
11862,Chicken Salami Sandwish,'69.00','PDA153',0
11863,Aloo Masala Cheese Sandwich,'44.00','PDA154',0
11864,Aloo Masala Sandwich,'31.00','PDA155',0
11865,White Bread ,'6.00','PDA156',0
11866,Brown Bread ,'8.00','PDA157',0
11867,Aloo Sandwich,'28.00','PDA158',0
11868,Aloo Sandwich,'28.00','PDA159',0
11869,Boiled Egg Cheese Sandwich ,'50.00','PDA160',0
11870,Bread Butter,'22.00','PDA161',0
11871,Bread Butter Jam,'24.00','PDA162',0
11872,White Bread ,'6.00','PDA163',0
11873,Brown Bread ,'8.00','PDA164',0
11874,Chicken Club Sandwich,'78.00','PDA165',0
11875,Veg Club Sandwich,'64.00','PDA166',0
11876,Chutney Cheese S/W,'35.00','PDA167',0
11877,Chicken Cheese,'69.00','PDA168',0
11878,Chilli Cheese,'43.00','PDA169',0
11879,Omelette Sandwich ,'45.00','PDA170',0
11880,Chicken Tikka ,'56.00','PDA171',0
11881,Vegetable Cheese Sandwich ,'55.00','PDA172',0
11882,Brown Bread Jam,'27.00','PDA175',0
11883,Regular Tea ,'11.00','PDA176',0
11884,Ginger Tea ,'18.00','PDA177',0
11885,White Bread Cheese,'36.00','PDA178',0
11886,Masala Tea,'18.00','PDA179',0
11887,Life Tea ,'16.00','PDA180',0
11888,Nescafe ,'22.00','PDA181',0
11889,Filter Coffee,'22.00','PDA182',0
11890,Brown Bread Cheese,'40.00','PDA183',0
11891,Green Tea ,'21.00','PDA184',0
11892,Bun Butter,'22.00','PDA185',0
11893,Ginger Lemon Tea,'13.00','PDA186',0
11894,Bun Jam,'22.00','PDA187',0
11895,Holy Tulsi,'17.00','PDA188',0
11896,Calm Tea ,'17.00','PDA189',0
11897,Yellow Milk,'19.00','PDA190',0
11898,Refresh Tea,'17.00','PDA191',0
11899,Pepper Kashaya,'17.00','PDA192',0
11900,Dibetic Tea ,'17.00','PDA193',0
11901,Shrewsbury Cookies,'9.00','PDA194',0
11902,Nankhatai Cookies,'9.00','PDA195',0
11903,Cashew cookies ,'9.00','PDA196',0
11904,Regular Tea (140 ml),'16.00','PDA197',0
11905,Black Coffee,'15.00','PDA198',0
11906,Bun Butter Jam ,'25.00','PDA199',0
11907,Bun Butter Cheese,'35.00','PDA200',0
11908,Bun Butter jam Cheese,'38.00','PDA201',0
11909,Masala Puri,'25.00','PDA202',0
11910,Dahi Puri,'27.00','PDA203',0
11911,Gilla Bhel,'26.00','PDA204',0
11912,Pani Puri,'23.00','PDA205',0
11913,Ragda Pattice ,'28.00','PDA206',0
11914,Masala Bhel,'28.00','PDA207',0
11915,Dahi Samosa Chaat,'42.00','PDA208',0
11916,Dahi Kachori Chaat,'42.00','PDA209',0
11917,Sev Puri,'25.00','PDA210',0
11918,Vegetable Sandwich ,'42.00','PDA211',0
11919,Samosa Chaat,'35.00','PDA212',0
11920,Dahi papdi chaat,'35.00','PDA213',0
11921,Sukkha Bhel ,'26.00','PDA214',0
11922,Fruit Plate,'35.00','PDA215',0
11923,Water Melon Juice,'35.00','PDA216',0
11924,Lemon Juice,'14.00','PDA217',0
11925,Mosambi Juice,'39.00','PDA218',0
11926,Butter Milk,'14.00','PDA219',0
11927,Spl. Fruit Plate,'50.00','PDA220',0
11928,Vegetable Juice,'50.00','PDA221',0
11929, Milkshake (Seasonal),'60.00','PDA222',0
11930,Lemon With Sabza,'22.00','PDA223',0
11931,Banana Milkshake,'40.00','PDA224',0
11932,Banana (Whole),'10.00','PDA225',0
11933,Kokum,'22.00','PDA226',0
11934,Pineapple Juice,'35.00','PDA227',0
11935,Musk Melon Juice ,'35.00','PDA228',0
11936,Mara Mari,'39.00','PDA229',0
11937,Vegetable Juice ,'50.00','PDA230',0
11938,Rose Falooda,'60.00','PDA231',0
11939,Kesar falooda,'60.00','PDA232',0
11940,Kesar Milk Shake ,'56.00','PDA233',0
11941,Non Veg Meal,'75.00','PDB1',0
11942,Veg Meal,'67.00','PDB2',0
11943,Chicken  Kheema Pav,'55.00','PDB3',0
11944,Masala Dosa,'28.00','PDB4',0
11945,Sada Pav,'4.00','PDB5',0
11946,Idli Sambar,'28.00','PDB6',0
11947,Missal Pav,'35.00','PDB7',0
11948,Poha,'27.00','PDB8',0
11949,Veg Mini Meal,'55.00','PDB9',0
11950,Sada Dosa,'25.00','PDB10',0
11951,Non Veg Mini Meal,'61.00','PDB11',0
11952,Medu Wada,'27.00','PDB12',0
11953,Chapati,'8.00','PDB13',0
11954,Boiled Egg,'12.00','PDB14',0
11955,Chicken  Lollypop,'55.00','PDB15',0
11956,Veg. Fry Maggi,'40.00','PDB16',0
11957,Batata Wada Pav,'40.00','PDB17',0
11958,Upma,'27.00','PDB18',0
11959,Egg Bhurji Pav,'43.00','PDB19',0
11960,Chicken  Tikka Pav,'55.00','PDB20',0
11961,Egg Masala Omlet Pav,'43.00','PDB21',0
11962,Plain Maggi,'27.00','PDB22',0
11963,Steam Rice,'27.00','PDB23',0
11964,Egg Omlette Pav,'40.00','PDB24',0
11965,Egg  81  Pav,'43.00','PDB25',0
11966,Dal,'22.00','PDB26',0
11967,Masala Idli,'36.00','PDB27',0
11968,Onion Bhajia,'36.00','PDB28',0
11969,Sabudhana Wada,'35.00','PDB29',0
11970,Onion Uttappam,'35.00','PDB30',0
11971,Veg. Sabzi,'27.00','PDB31',0
11972,Veg Pasta,'50.00','PDB32',0
11973,Punjabi Samosa,'35.00','PDB33',0
11974,Egg Half Fry Pav,'36.00','PDB34',0
11975,Chicken Gravy,'43.00','PDB35',0
11976,Chicken Kheema (Without Pav),'50.00','PDB36',0
11977,Paneer Bhurji Pav,'55.00','PDB37',0
11978,Moong Bhajiya,'40.00','PDB38',0
11979,Dahi Wada,'43.00','PDB39',0
11980,Chicken  Hot Dog,'55.00','PDB40',0
11981,Veg. Cutlet,'36.00','PDB41',0
11982,Non Veg Meal,'74.00','PDB42',0
11983,Veg Meal,'66.00','PDB43',0
11984,Eggs(02) to order,'31.00','PDB44',0
11985,Tadka Idli,'35.00','PDB45',0
11986,Sabudhana Kichadi,'35.00','PDB46',0
11987,Egg Bhurji,'40.00','PDB47',0
11988,Chana Chat ,'35.00','PDB48',0
11989,Butter Pav,'11.00','PDB49',0
11990,Sevaya Upma,'35.00','PDB50',0
11991,Bioled Egg Bhurji Pav,'43.00','PDB51',0
11992,Veg. Crispy,'42.00','PDB52',0
11993,Pav Bhaji,'50.00','PDB53',0
11994,Egg Masala Omlet (Without Pav),'40.00','PDB54',0
11995,Bread Pakoda,'35.00','PDB55',0
11996,Chicken  Masala Pav,'56.00','PDB56',0
11997,Dahi Kachori,'42.00','PDB57',0
11998,Onion Tomato Uttappam,'42.00','PDB58',0
11999,Chicken Bhajiya,'42.00','PDB59',0
12000,Veg. Maggi,'35.00','PDB60',0
12001,Ragda Pattice,'42.00','PDB61',0
12002,Pineapple Sheera,'28.00','PDB62',0
12003,Paneer Tikka Roll,'50.00','PDB63',0
12004,Veg Manchurian Roll,'50.00','PDB64',0
12005,Chicken  Chilli Pav,'56.00','PDB65',0
12006,Mix Bhajia,'35.00','PDB66',0
12007,Dessert 1,'14.00','PDB67',0
12008,Puri Bhaji,'56.00','PDB68',0
12009,Chole Pav,'42.00','PDB69',0
12010,Masala Uttaapam,'35.00','PDB70',0
12011,Schezwan Sada Dosa,'35.00','PDB71',0
12012,Chinese Bhel,'35.00','PDB72',0
12013,Soya Chilli Dry,'42.00','PDB73',0
12014,Palak Bhajia,'35.00','PDB74',0
12015,Punjabi Samosa Single,'18.00','PDB75',0
12016,Aloo Paratha,'35.00','PDB76',0
12017,Papad 1 Pc,'3.00','PDB77',0
12018,Sada Pav,'4.00','PDB78',0
12019,Onion Uttappam,'35.00','PDB79',0
12020,Veg. Sabzi,'28.00','PDB80',0
12021,Paneer Tikka Roll,'50.00','PDB81',0
12022,Dessert 1,'14.00','PDB82',0
12023,Mysore Bonda,'28.00','PDB83',0
12024,Potato Pakoda ,'42.00','PDB84',0
12025,Schezwan Idli,'35.00','PDB85',0
12026,Sesame Toast,'35.00','PDB86',0
12027,Besan Tomato Chilla,'43.00','PDB87',0
12028,Pesarattu,'42.00','PDB88',0
12029,Tomato Uttappam,'35.00','PDB89',0
12030,Dal Khichdi,'50.00','PDB90',0
12031,Egg Gravy,'43.00','PDB91',0
12032,Chicken Egg Roll,'56.00','PDB92',0
12033,Chicken Bun Roll,'56.00','PDB93',0
12034,Chicken Burger,'56.00','PDB94',0
12035,Chicken Masala (Without Pav),'50.00','PDB95',0
12036,French Fries,'42.00','PDB96',0
12037,Banana Sheera,'28.00','PDB97',0
12038,Chicken  65 Pav,'56.00','PDB98',0
12039,Chicken  0r Pav,'56.00','PDB99',0
12040,Chicken  Manchurian Roll,'56.00','PDB100',0
12041,Single Egg to order,'15.00','PDB101',0
12042,Neer Dosa,'14.00','PDB102',0
12043,Paratha,'22.00','PDB103',0
12044,Raita,'22.00','PDB104',0
12045,Salad,'25.00','PDB105',0
12046,Spl Rice,'35.00','PDB106',0
12047,Thepla,'14.00','PDB107',0
12048,Missal Pav,'35.00','PDB108',0
12049,Veg. Chop,'35.00','PDB109',0
12050,Dabeli,'42.00','PDB110',0
12051,Dal Wada,'42.00','PDB111',0
12052,Daliya,'42.00','PDB112',0
12053,Dhokla,'42.00','PDB113',0
12054,Set Dosa,'43.00','PDB114',0
12055,Schezwan Masala Dosa,'43.00','PDB115',0
12056,Lapsi Rawa,'35.00','PDB116',0
12057,Ussal Pav,'28.00','PDB117',0
12058,Veg Cheese Burger,'64.00','PDB118',0
12059,Veg Noodles,'50.00','PDB119',0
12060,French Toast,'42.00','PDB120',0
12061,Chicken Mayo Roll,'60.00','PDB121',0
12062,Egg Omlet Maggi,'58.00','PDB122',0
12063,Egg 81,'40.00','PDB123',0
12064,Egg Full Fry Pav,'35.00','PDB124',0
12065,Egg Omlet Fry Maggi,'56.00','PDB125',0
12066,Punjabi Samosa Pav,'42.00','PDB126',0
12067,Dahi Kachori,'42.00','PDB127',0
12068,Idli Chilli,'35.00','PDB128',0
12069,Idli Fry,'35.00','PDB129',0
12070,Paneer Paratha,'56.00','PDB130',0
12071,Keshri Sheera,'28.00','PDB131',0
12072,Potato Wedges,'42.00','PDB132',0
12073,Sabudhana Wada Single,'22.00','PDB133',0
12074,Single Dabeli,'22.00','PDB134',0
12075,Single Punjabi Samosa Pav,'22.00','PDB135',0
12076,Veg Burger,'50.00','PDB136',0
12077,Paneer Bhurji (Without Pav),'50.00','PDB137',0
12078,Pav Pattice,'35.00','PDB138',0
12079,Plain Uttappam,'28.00','PDB139',0
12080,Turant Palti Pav,'35.00','PDB140',0
12081,Aloo Chilli Dry,'42.00','PDB141',0
12082,Batata Bhajia,'35.00','PDB142',0
12083,Chicken  Bun Roll,'56.00','PDB143',0
12084,Chicken Pasta,'56.00','PDB144',0
12085,Chicken Chilli Without Pav,'50.00','PDB145',0
12086,Egg Burma Toast,'56.00','PDB146',0
12087,Veg Hot Dog,'50.00','PDB147',0
12088,Chicken Mayo Roll,'56.00','PDB148',0
12089,Lapsi Rawa,'35.00','PDB149',0
12090,Chicken  Mayonnaise Sandwich ,'56.00','PDB150',0
12091,Aloo Cheese Sandwich,'42.00','PDB151',0
12092,Boiled Egg Sandwich ,'35.00','PDB152',0
12093,Chicken Salami Sandwish,'69.00','PDB153',0
12094,Aloo Masala Cheese Sandwich,'44.00','PDB154',0
12095,Aloo Masala Sandwich,'31.00','PDB155',0
12096,White Bread ,'6.00','PDB156',0
12097,Brown Bread ,'8.00','PDB157',0
12098,Aloo Sandwich,'28.00','PDB158',0
12099,Aloo Sandwich,'28.00','PDB159',0
12100,Boiled Egg Cheese Sandwich ,'50.00','PDB160',0
12101,Bread Butter,'22.00','PDB161',0
12102,Bread Butter Jam,'24.00','PDB162',0
12103,White Bread ,'6.00','PDB163',0
12104,Brown Bread ,'8.00','PDB164',0
12105,Chicken Club Sandwich,'78.00','PDB165',0
12106,Veg Club Sandwich,'64.00','PDB166',0
12107,Chutney Cheese S/W,'35.00','PDB167',0
12108,Chicken Cheese,'69.00','PDB168',0
12109,Chilli Cheese,'43.00','PDB169',0
12110,Omelette Sandwich ,'45.00','PDB170',0
12111,Chicken Tikka ,'56.00','PDB171',0
12112,Vegetable Cheese Sandwich ,'55.00','PDB172',0
12113,Brown Bread Jam,'27.00','PDB175',0
12114,Regular Tea ,'11.00','PDB176',0
12115,Ginger Tea ,'18.00','PDB177',0
12116,White Bread Cheese,'36.00','PDB178',0
12117,Masala Tea,'18.00','PDB179',0
12118,Life Tea ,'16.00','PDB180',0
12119,Nescafe ,'22.00','PDB181',0
12120,Filter Coffee,'22.00','PDB182',0
12121,Brown Bread Cheese,'40.00','PDB183',0
12122,Green Tea ,'21.00','PDB184',0
12123,Bun Butter,'22.00','PDB185',0
12124,Ginger Lemon Tea,'13.00','PDB186',0
12125,Bun Jam,'22.00','PDB187',0
12126,Holy Tulsi,'17.00','PDB188',0
12127,Calm Tea ,'17.00','PDB189',0
12128,Yellow Milk,'19.00','PDB190',0
12129,Refresh Tea,'17.00','PDB191',0
12130,Pepper Kashaya,'17.00','PDB192',0
12131,Dibetic Tea ,'17.00','PDB193',0
12132,Shrewsbury Cookies,'9.00','PDB194',0
12133,Nankhatai Cookies,'9.00','PDB195',0
12134,Cashew cookies ,'9.00','PDB196',0
12135,Regular Tea (140 ml),'16.00','PDB197',0
12136,Black Coffee,'15.00','PDB198',0
12137,Bun Butter Jam ,'25.00','PDB199',0
12138,Bun Butter Cheese,'35.00','PDB200',0
12139,Bun Butter jam Cheese,'38.00','PDB201',0
12140,Masala Puri,'25.00','PDB202',0
12141,Dahi Puri,'27.00','PDB203',0
12142,Gilla Bhel,'26.00','PDB204',0
12143,Pani Puri,'23.00','PDB205',0
12144,Ragda Pattice ,'28.00','PDB206',0
12145,Masala Bhel,'28.00','PDB207',0
12146,Dahi Samosa Chaat,'42.00','PDB208',0
12147,Dahi Kachori Chaat,'42.00','PDB209',0
12148,Sev Puri,'25.00','PDB210',0
12149,Vegetable Sandwich ,'42.00','PDB211',0
12150,Samosa Chaat,'35.00','PDB212',0
12151,Dahi papdi chaat,'35.00','PDB213',0
12152,Sukkha Bhel ,'26.00','PDB214',0
12153,Fruit Plate,'35.00','PDB215',0
12154,Water Melon Juice,'35.00','PDB216',0
12155,Lemon Juice,'14.00','PDB217',0
12156,Mosambi Juice,'39.00','PDB218',0
12157,Butter Milk,'14.00','PDB219',0
12158,Spl. Fruit Plate,'50.00','PDB220',0
12159,Vegetable Juice,'50.00','PDB221',0
12160, Milkshake (Seasonal),'60.00','PDB222',0
12161,Lemon With Sabza,'22.00','PDB223',0
12162,Banana Milkshake,'40.00','PDB224',0
12163,Banana (Whole),'10.00','PDB225',0
12164,Kokum,'22.00','PDB226',0
12165,Pineapple Juice,'35.00','PDB227',0
12166,Musk Melon Juice ,'35.00','PDB228',0
12167,Mara Mari,'39.00','PDB229',0
12168,Vegetable Juice ,'50.00','PDB230',0
12169,Rose Falooda,'60.00','PDB231',0
12170,Kesar falooda,'60.00','PDB232',0
12171,Kesar Milk Shake ,'56.00','PDB233',0
12172,LEMON CHIA SHARBAT,'55.00','D-67e9b2e929524',0
12173,CHOCO HAZEL MILKSHAKE,'55.00','D-67e9b3754a20f',0
12174,VANILLA BERRY MILK SHAKE,'55.00','D-67e9b40bea006',0
12175,BORHANI,'33.00','D-67e9b45319a55',0
12176,COTTAGE CHEESE VEG SUNDRIED TOMATO BASIL PESTO S/W,'80.00','D-67e9b7f9372cd',0
12177,TANDOORI SPICED CHICKEN S/W,'100.00','D-67e9b8a00837f',0
12178,COUS COUS & GREENS SPICED CHICKPEA SALAD,'95.00','D-67e9b8f01ac65',0
12179,CHICKEN CAESAR SALAD,'110.00','D-67e9b947a1364',0
12180,BEETROOT,CARROT,APPLE,'60.00'
12181,MAPLE & NUT CRUMBLE WITH SPICED APPLE PARFAIT,'110.00','D-67e9b9ea799c1',0
12182,BEERY BANANA SMOOTHIE,'70.00','D-67e9badbcfde3',0
12183,Pepper & Veg,Olive Frittata','65.00',1
12184,Pepper & Veg,Olive Frittata,',0
12185,Roasted Bell Pepper & Feta Crostini,'55.00','D-67ea06b37c10f',0
12186,Pesto Penne Primavera Roasted Exotic Veg,'110.00','D-67ea08c8efd90',0
12187,Pesto Penne Primavera Roasted Chicken & Veg,'130.00','D-67ea08ee6bb4f',0
12188,Wild Mushroom risotto aged parmesan cottage cheese,'110.00','D-67ea398be3eb0',0
12189,Herb - Crusted prawns roasted garlic mash charred,'160.00','D-67ea3a91a12ef',0
12190,Boondi Laddu,'20.00','D-67ea774389915',0
12191,Dharwad Peda,'20.00','D-67ea78c7ec484',0
12192,Olives,Lettuce and Parmesan on Sour Dough Toast','65.00',1
12193,Minced Chicken,Celery Mayo,Jalapeno on Sour Dough',0
12194,Marinated Cottage Cheese & Cucumber Sour Dough S/W,'75.00','D-67eaefe9ba7b7',1
12195,Cajun Roasted Chicken&Fried Egg,Grilled Sour Dough','95.00',1
12196,Farfalla in Alfredo Sauce,'115.00','D-67eb3e6d3e8dd',0
12197,Farfalla in Alfredo Sauce with Chicken,'135.00','D-67eb3eab2e2b3',0
12198,Crispy Buttermilk Chicken Burger,Cheddar','130.00',1
12199,Crispy Paneer Burger,Mint Yogurt Sauce','110.00',1
12200,Cone Butter Scotch - 90 ml,'35.00','D-67eb80957b837',0
12201,Cup Alphonso Mango - 100 ml,'40.00','D-67eb8110343cd',0
12202,Cup American Dry Fruit - 100 ml,'45.00','D-67eb81577458f',0
12203,Cup Cookies O Creamie - 125 ml,'45.00','D-67eb818a4fc6f',0
12204,Cone Banana Caramel - 90 ml,'35.00','D-67eb81daeb620',0
12205,Bar Butter Scotch Vanilla - 80 ml,'55.00','D-67eb821232d9b',0
12206,Bar Chocolate Vanilla - 80 ml,'55.00','D-67eb82527ba1f',0
12207,Cups Jackfruit - 125 ml,'45.00','D-67eb827abb1ce',0
12208,Sandwich Vanilla - 80 ml,'35.00','D-67eb82b8b70a1',0
12209,Grilled chicken breast bbq roasted potatoes,'130.00','D-67eb865c0cd5a',0
12210,Shared garlic prawns saffron rice buttered green,'160.00','D-67eb86f23c36d',0
1,Add on Topping Veg,'30.00','N0001',NULL
2,Add on Topping Veg & Non - Veg Protein,'50.00','N0002',NULL
3,Add on Cheese Slice,'15.00','N0003',NULL
4,Salad Veg (Apple,Poached Beets & Sprout Salad)','90.00',1
5,Salad Non-Veg (Tandoori Chicken,Mint,Greens)',NULL
6,Sandwich Veg - Sub,'75.00','N0006',NULL
7,Sandwich Non -Veg - Sub,'90.00','N0007',NULL
8,Thai Chilli Basil Paneer with wilted Spinach,'100.00','N0008',NULL
9,Pan Seared Prawn with Citrus Cous Cous,'150.00','N0009',NULL
10,Chicken with Herb Mushroom,Garlic Mash','120.00',1
11,Carte Du Jour - Non - Vegeterian (Fish),'130.00','N0011',NULL
12,Fruit smoothies,'65.00','N0012',NULL
13,Vegetable juice,'55.00','N0013',NULL
14,Crudite glass,'45.00','N0014',NULL
15,Flavoured Yogurts,'50.00','N0015',NULL
16,Mango Parfait,'100.00','N0016',1
17,Ready to Eat Sandwich - Veg Herbed Mushroom,'75.00','N0017',NULL
18,Ready to Eat Sandwich - Non-Veg Croque Monsieur,'90.00','N0018',NULL
19,Seasonal Cut Fruits,'70.00','B0001',NULL
20,Regular Cut Fruits,'50.00','B0002',NULL
21,Sweet Lime Juice,'50.00','B0003',NULL
22,Papaya Juice,'50.00','B0004',NULL
23,Pineapple Juice,'50.00','B0005',NULL
24,Mix Fruit Juice,'50.00','B0006',NULL
25,Orange Juice,'50.00','B0007',NULL
26,Watermelon Juice,'50.00','B0008',NULL
27,Valencia Orange Juice,'50.00','B0009',NULL
28,Pomegranate Juice,'50.00','B0010',NULL
29,Mango Shakes,'50.00','B0011',NULL
30,Banana and Coffee Milk Shake,'50.00','B0012',NULL
31,Chikku Shake,'50.00','B0013',NULL
32,Oreo Shake,'50.00','B0014',NULL
33,UP WALA MATHA,'30.00','B0015',NULL
34,Thandai Lassi,'40.00','B0016',NULL
35,Butter Milk (Plain/Masala),'30.00','B0017',NULL
36,Seasonal Fresh Fruit Lassi (Mango,Strawberry etc.)','60.00',1
37,Tender Coconut Water,'45.00','B0019',NULL
38,Plain Croissant,'85.00','TB001',NULL
39,Pain Au Chocolat,'105.00','TB002',NULL
40,Blueberry Crumble Muffin,'120.00','TB003',NULL
41,Chocolate Chip Muffin,'120.00','TB004',NULL
42,Signature Oats & Raisin Cookies,'115.00','TB005',1
43,Rosemary & Cheese Cookies,'80.00','TB006',NULL
44,Double Choco Chip Cookies,'80.00','TB007',NULL
45,Jaggery & Pumpkin Tea Cake,'80.00','TB008',NULL
46,Cherry Mascarpone Slice,'80.00','TB009',NULL
47,Lemon Tea Cake,'60.00','TB010',NULL
48,Banoffee pie,'60.00','TB011',NULL
49,Tiramisu Jar,'150.00','TB012',NULL
50,Classic Opera Pastry,'60.00','TB013',NULL
51,Tresleches,'140.00','TB014',NULL
52,Walnut Chocolate Brownie,'100.00','TB015',NULL
53,Espresso - Single,'65.00','TB016',NULL
54,Espresso Double,'85.00','TB017',NULL
55,Americano,'95.00','TB018',NULL
56,Coffee Vegan Soya/Almond,'125.00','TB019',NULL
57,Cappuccino,'95.00','TB020',NULL
58,Cafe Latte,'95.00','TB021',NULL
59,Cafe Mocha,'115.00','TB022',NULL
60,Cafe Caramel,'125.00','TB023',NULL
61,Cafe Hazelnut,'125.00','TB024',NULL
62,Green Tea,'175.00','TB025',NULL
63,Assam Tea,'110.00','TB026',NULL
64,Iced Coffee,'125.00','TB027',NULL
65,Cold Mocha,'125.00','TB028',NULL
66,Cold Caramel Coffee,'125.00','TB029',NULL
67,Cold Roasted Hazelnut,'125.00','TB030',NULL
68,Lemon Iced Tea,'85.00','TB031',NULL
69,Peach Iced Tea,'90.00','TB032',NULL
70,Virgin Mojito,'85.00','TB033',NULL
71,Chicken Quiche,'120.00','TB034',NULL
72,Spinach and corn Quiche,'100.00','TB035',NULL
73,Filter Kaapi,'18.00','SB001',NULL
74,Instant Coffee,'18.00','SB002',NULL
75,Regular Tea,'15.00','SB003',NULL
76,Bombay Cutting Chai (cutting glass),'15.00','SB004',NULL
77,Reboot Chai,'15.00','SB005',NULL
78,Irani Chai,'20.00','SB006',NULL
79,Horlicks,'20.00','SB007',NULL
80,Boost,'20.00','SB008',NULL
81,Samosa,'20.00','SB009',NULL
82,Bun Maska,'20.00','SB010',NULL
83,Khari ( 2 pieces),'15.00','SB011',NULL
84,Nippattu ( 2 pieces),'15.00','SB012',NULL
85,Mattri ( 2 pieces),'15.00','SB013',NULL
86,Banana Cake,'20.00','SB014',NULL
87,Dil Pasand,'35.00','SB015',NULL
88,Dil Kush,'20.00','SB016',NULL
89,Jam Bun,'20.00','SB017',NULL
90,Veg Puff,'25.00','SB018',NULL
91,Chicken Puff,'40.00','SB019',NULL
92,Egg Puff,'30.00','SB020',NULL
93,Vada Pav,'20.00','SB021',NULL
94,Idly,'40.00','D0001',NULL
95,Medu Wada,'45.00','D0002',NULL
96,Idli Wada,'45.00','D0003',NULL
97,MASALA KHUSKA,'40.00','D0004',NULL
98,Upma of The Day,'40.00','D0005',NULL
99,Deep Fried Snacks/Fritters,'40.00','D0006',NULL
100,Poha- Vegetable,'40.00','D0007',NULL
101,Sabudhana Kichidi,'40.00','D0008',NULL
102,Chole Bathura,'50.00','D0009',NULL
103,Indian Street Food,'45.00','D0010',NULL
104,Chicken Preparation dry (evening snacks and midnight snacks only),'60.00','D0011',NULL
105,Sweet,'30.00','D0012',NULL
106,Veg Meal,'80.00','D0013',NULL
107,Veg Meal Combo,'55.00','D0014',NULL
108,Non-Veg Combo,'60.00','D0015',NULL
109,Non-Veg Meal,'95.00','D0016',NULL
110,Mooli paratha,'50.00','D0017',NULL
111,Stuffed Paratha- Paneer,'50.00','D0018',NULL
112,Plain Paratha- With Subzi,'50.00','D0019',NULL
113,POORI AND ALOO SAAGU,'50.00','D0020',NULL
114,BHATURA AND BLACK CHANA MASALA,'50.00','D0021',NULL
115,Pav Bhaji,'45.00','D0022',NULL
116,Masala Dosa,'50.00','D0023',NULL
117,Plain Dosa,'50.00','D0024',NULL
118,Mysore Masala,'50.00','D0025',NULL
119,Davangare Set Dosa,'40.00','D0026',NULL
120,Masala Uthappam,'40.00','D0027',NULL
121,Onion Uthappam,'50.00','D0028',NULL
122,Benne Masala Dosa,'40.00','D0029',NULL
123,Pesarattu,'40.00','D0030',NULL
124,Plain Idli,'40.00','D0031',NULL
125,Raagi Idli,'40.00','D0032',NULL
126,Kanchipuram Idli,'40.00','D0033',NULL
127,Rawa Idli,'40.00','D0034',NULL
128,Podi Idli,'40.00','D0035',NULL
129,Bhel Poori,'40.00','F0001',NULL
130,Dahi Poori,'40.00','F0002',NULL
131,Masala Poori,'40.00','F0003',NULL
132,Samosa Chaat,'40.00','F0004',NULL
133,Aloo Tikki Chaat,'40.00','F0005',NULL
134,Katchori Chaat,'40.00','F0006',NULL
135,Ragda Katchori,'40.00','F0007',NULL
136,Paani Poori,'40.00','F0008',NULL
137,Chat of the Day,'40.00','F0009',NULL
138,Idly,'42.00','D0001',NULL
139,Medu Wada,'40.00','D0002',NULL
140,Idli Wada,'40.00','D0003',NULL
