date,branch_id,total_orders,paid_orders,cancelled_orders,total_revenue,total_tax,total_discount,avg_order_value,pos_orders,app_orders,sok_orders,other_channel_orders,cash_orders,qr_orders,upi_orders,card_orders,wallet_orders,unique_customers,branch_name,branch_manager,city_name,day_name,day_of_week,is_weekend,month_name,year_month,quarter
2025-02-28,-1,1,1,0,55.0,0.0,0.0,55.0,0,0,1,0,0,0,1,0,0,1,Branch -1,N/A,Hyderabad,Friday,4,0,February,2025-02,Q1
2024-04-01,1,7516,7516,0,519553.0,6428.65,0.0,69.13,2276,2185,3055,0,296,1797,2723,515,2127,1292,Nirlon Knowledge Park,Maruti Kamath,Mumbai,Monday,0,0,April,2024-04,Q2
2024-04-02,1,9145,9145,0,623721.0,7522.34,0.0,68.2,2650,2625,3870,0,327,2070,3468,655,2542,1573,Nirlon Knowledge Park,Maruti Kamath,Mumbai,Tuesday,1,0,April,2024-04,Q2
2024-04-03,1,8914,8914,0,628260.75,8049.43,0.0,70.48,2713,2358,3843,0,301,2207,3463,585,2303,1488,Nirlon Knowledge Park,Maruti Kamath,Mumbai,Wednesday,2,0,April,2024-04,Q2
2024-04-04,1,8881,8881,0,611454.75,7517.98,0.0,68.85,2562,2622,3697,0,292,2026,3369,572,2558,1582,Nirlon Knowledge Park,Maruti Kamath,Mumbai,Thursday,3,0,April,2024-04,Q2
2024-04-05,1,7800,7800,0,557779.05,7514.86,0.0,71.51,2506,1885,3409,0,261,2046,3078,530,1805,1251,Nirlon Knowledge Park,Maruti Kamath,Mumbai,Friday,4,0,April,2024-04,Q2
2024-04-06,1,923,923,0,48496.0,821.39,0.0,52.54,356,80,487,0,91,262,407,83,75,74,Nirlon Knowledge Park,Maruti Kamath,Mumbai,Saturday,5,1,April,2024-04,Q2
2024-04-07,1,386,386,0,20605.0,442.03,0.0,53.38,188,32,166,0,37,151,123,43,30,34,Nirlon Knowledge Park,Maruti Kamath,Mumbai,Sunday,6,1,April,2024-04,Q2
2024-04-08,1,8391,8391,0,593628.75,7156.41,0.0,70.75,2531,2416,3444,0,319,2069,3181,406,2364,1487,Nirlon Knowledge Park,Maruti Kamath,Mumbai,Monday,0,0,April,2024-04,Q2
2024-04-09,1,3082,3082,0,186514.45,2284.02,0.0,60.52,1062,619,1401,0,139,915,1235,174,604,419,Nirlon Knowledge Park,Maruti Kamath,Mumbai,Tuesday,1,0,April,2024-04,Q2
2024-04-10,1,8489,8489,0,594628.2,7636.11,0.0,70.05,2570,2369,3550,0,338,2038,3354,390,2317,1490,Nirlon Knowledge Park,Maruti Kamath,Mumbai,Wednesday,2,0,April,2024-04,Q2
2024-04-11,1,3240,3240,0,199239.75,3292.44,0.0,61.49,1438,579,1223,0,192,1235,1103,131,562,392,Nirlon Knowledge Park,Maruti Kamath,Mumbai,Thursday,3,0,April,2024-04,Q2
2024-04-12,1,7338,7338,0,516031.7,6827.6,0.0,70.32,2318,2022,2998,0,297,1861,2774,384,1957,1205,Nirlon Knowledge Park,Maruti Kamath,Mumbai,Friday,4,0,April,2024-04,Q2
2024-04-13,1,894,894,0,48241.0,813.72,0.0,53.96,381,98,415,0,80,257,385,74,92,70,Nirlon Knowledge Park,Maruti Kamath,Mumbai,Saturday,5,1,April,2024-04,Q2
2024-04-14,1,369,369,0,18730.0,434.99,0.0,50.76,207,16,146,0,33,171,124,25,16,23,Nirlon Knowledge Park,Maruti Kamath,Mumbai,Sunday,6,1,April,2024-04,Q2
2024-04-15,1,8786,8786,0,618928.85,7131.66,0.0,70.44,2435,2877,3474,0,297,1807,3359,446,2814,1589,Nirlon Knowledge Park,Maruti Kamath,Mumbai,Monday,0,0,April,2024-04,Q2
2024-04-16,1,9524,9524,0,700599.0,7953.65,0.0,73.56,2766,2940,3818,0,350,2085,3704,445,2875,1644,Nirlon Knowledge Park,Maruti Kamath,Mumbai,Tuesday,1,0,April,2024-04,Q2
2024-04-17,1,8748,8748,0,624760.75,8879.63,0.0,71.42,2918,1874,3956,0,294,2329,3747,504,1790,1156,Nirlon Knowledge Park,Maruti Kamath,Mumbai,Wednesday,2,0,April,2024-04,Q2
2024-04-18,1,9323,9323,0,665946.4,8801.11,0.0,71.43,2878,2635,3810,0,308,2225,3667,488,2564,1544,Nirlon Knowledge Park,Maruti Kamath,Mumbai,Thursday,3,0,April,2024-04,Q2
2024-04-19,1,8474,8474,0,611113.7,7946.1,0.0,72.12,2542,2569,3363,0,281,1980,3133,511,2489,1377,Nirlon Knowledge Park,Maruti Kamath,Mumbai,Friday,4,0,April,2024-04,Q2
2024-04-20,1,919,919,0,49814.0,766.68,0.0,54.2,372,99,448,0,68,298,378,76,96,81,Nirlon Knowledge Park,Maruti Kamath,Mumbai,Saturday,5,1,April,2024-04,Q2
2024-04-21,1,384,384,0,18800.0,414.74,0.0,48.96,202,30,152,0,33,164,118,39,28,27,Nirlon Knowledge Park,Maruti Kamath,Mumbai,Sunday,6,1,April,2024-04,Q2
2024-04-22,1,8932,8932,0,623729.6,7377.85,0.0,69.83,2534,2943,3455,0,330,1963,3241,455,2883,1647,Nirlon Knowledge Park,Maruti Kamath,Mumbai,Monday,0,0,April,2024-04,Q2
2024-04-23,1,9919,9919,0,694108.35,8275.78,0.0,69.98,2622,3221,4076,0,353,1964,3844,537,3147,1721,Nirlon Knowledge Park,Maruti Kamath,Mumbai,Tuesday,1,0,April,2024-04,Q2
2024-04-24,1,10339,10339,0,828897.1,9805.37,0.0,80.17,2918,3339,4082,0,403,2277,3821,499,3259,1844,Nirlon Knowledge Park,Maruti Kamath,Mumbai,Wednesday,2,0,April,2024-04,Q2
2024-04-25,1,9214,9214,0,660243.65,8086.58,0.0,71.66,2647,2802,3765,0,329,2033,3543,507,2746,1623,Nirlon Knowledge Park,Maruti Kamath,Mumbai,Thursday,3,0,April,2024-04,Q2
2024-04-26,1,8317,8317,0,614945.8,7927.23,0.0,73.94,2483,2307,3527,0,330,1865,3322,493,2258,1368,Nirlon Knowledge Park,Maruti Kamath,Mumbai,Friday,4,0,April,2024-04,Q2
2024-04-27,1,845,845,0,48294.0,722.1,0.0,57.15,307,101,437,0,69,236,353,86,97,92,Nirlon Knowledge Park,Maruti Kamath,Mumbai,Saturday,5,1,April,2024-04,Q2
2024-04-28,1,384,384,0,20630.0,428.09,0.0,53.72,190,37,157,0,40,150,106,51,34,34,Nirlon Knowledge Park,Maruti Kamath,Mumbai,Sunday,6,1,April,2024-04,Q2
2024-04-29,1,8835,8835,0,619043.4,7757.29,0.0,70.07,2528,2699,3608,0,300,1980,3407,449,2606,1577,Nirlon Knowledge Park,Maruti Kamath,Mumbai,Monday,0,0,April,2024-04,Q2
2024-04-30,1,9255,9255,0,664680.0,7736.78,0.0,71.82,2481,2918,3856,0,257,1960,3663,457,2847,1661,Nirlon Knowledge Park,Maruti Kamath,Mumbai,Tuesday,1,0,April,2024-04,Q2
2024-05-01,1,3317,3317,0,201997.25,2305.65,0.0,60.9,1024,782,1511,0,172,852,1351,160,766,472,Nirlon Knowledge Park,Maruti Kamath,Mumbai,Wednesday,2,0,May,2024-05,Q2
2024-05-02,1,9589,9589,0,676543.5,8020.77,0.0,70.55,2629,2905,4055,0,301,2088,3829,466,2795,1666,Nirlon Knowledge Park,Maruti Kamath,Mumbai,Thursday,3,0,May,2024-05,Q2
2024-05-03,1,6561,6561,0,509074.55,6395.76,0.0,77.59,1941,1834,2786,0,246,1522,2573,386,1783,1130,Nirlon Knowledge Park,Maruti Kamath,Mumbai,Friday,4,0,May,2024-05,Q2
2024-05-04,1,797,797,0,44004.0,684.95,0.0,55.21,303,100,394,0,43,255,336,63,94,88,Nirlon Knowledge Park,Maruti Kamath,Mumbai,Saturday,5,1,May,2024-05,Q2
2024-05-05,1,313,313,0,15544.0,284.52,0.0,49.66,138,32,143,0,26,112,116,27,32,35,Nirlon Knowledge Park,Maruti Kamath,Mumbai,Sunday,6,1,May,2024-05,Q2
2024-05-06,1,9712,9712,0,676021.4,7332.31,0.0,69.61,2510,3591,3611,0,274,2008,3393,446,3466,1691,Nirlon Knowledge Park,Maruti Kamath,Mumbai,Monday,0,0,May,2024-05,Q2
2024-05-07,1,9818,9818,0,672283.3,7480.29,0.0,68.47,2543,3262,4013,0,292,1994,3760,510,3184,1811,Nirlon Knowledge Park,Maruti Kamath,Mumbai,Tuesday,1,0,May,2024-05,Q2
2024-05-08,1,9871,9871,0,706456.95,8321.13,0.0,71.57,2695,3063,4113,0,285,2137,3870,516,2967,1771,Nirlon Knowledge Park,Maruti Kamath,Mumbai,Wednesday,2,0,May,2024-05,Q2
2024-05-09,1,9432,9432,0,649640.7,7779.14,0.0,68.88,2663,3000,3769,0,279,2120,3579,454,2925,1723,Nirlon Knowledge Park,Maruti Kamath,Mumbai,Thursday,3,0,May,2024-05,Q2
2024-05-10,1,7932,7932,0,576521.25,6941.34,0.0,72.68,2246,2309,3377,0,241,1770,3152,460,2231,1323,Nirlon Knowledge Park,Maruti Kamath,Mumbai,Friday,4,0,May,2024-05,Q2
2024-05-11,1,1109,1109,0,64788.0,1128.21,0.0,58.42,464,109,536,0,65,396,472,67,105,90,Nirlon Knowledge Park,Maruti Kamath,Mumbai,Saturday,5,1,May,2024-05,Q2
2024-05-12,1,257,257,0,14040.0,264.84,0.0,54.63,112,35,110,0,32,80,93,17,32,33,Nirlon Knowledge Park,Maruti Kamath,Mumbai,Sunday,6,1,May,2024-05,Q2
2024-05-13,1,8932,8932,0,617009.0,7796.21,0.0,69.08,2684,2833,3415,0,230,2324,3110,435,2764,1630,Nirlon Knowledge Park,Maruti Kamath,Mumbai,Monday,0,0,May,2024-05,Q2
2024-05-14,1,9608,9608,0,683496.1,7679.9,0.0,71.14,2466,3081,4061,0,458,1714,3890,465,3002,1770,Nirlon Knowledge Park,Maruti Kamath,Mumbai,Tuesday,1,0,May,2024-05,Q2
2024-05-15,1,9706,9706,0,694948.5,7095.82,0.0,71.6,2318,3230,4158,0,535,1534,3938,469,3138,1828,Nirlon Knowledge Park,Maruti Kamath,Mumbai,Wednesday,2,0,May,2024-05,Q2
2024-05-16,1,9732,9732,0,702546.6,6908.61,0.0,72.19,2205,3209,4318,0,509,865,4675,474,3130,1823,Nirlon Knowledge Park,Maruti Kamath,Mumbai,Thursday,3,0,May,2024-05,Q2
2024-05-17,1,8060,8060,0,591531.7,6189.09,0.0,73.39,2015,2434,3611,0,402,956,3832,436,2385,1406,Nirlon Knowledge Park,Maruti Kamath,Mumbai,Friday,4,0,May,2024-05,Q2
2024-05-18,1,918,918,0,52087.0,581.39,0.0,56.74,278,121,519,0,91,147,487,72,117,105,Nirlon Knowledge Park,Maruti Kamath,Mumbai,Saturday,5,1,May,2024-05,Q2
2024-05-19,1,450,450,0,23125.0,428.7,0.0,51.39,211,71,168,0,40,168,142,29,66,41,Nirlon Knowledge Park,Maruti Kamath,Mumbai,Sunday,6,1,May,2024-05,Q2
2024-05-20,1,96,96,0,4730.0,63.76,0.0,49.27,30,11,55,0,17,13,42,13,9,17,Nirlon Knowledge Park,Maruti Kamath,Mumbai,Monday,0,0,May,2024-05,Q2
2024-05-21,1,9272,9272,0,671928.0,6853.65,0.0,72.47,2147,3081,4044,0,460,1480,3784,467,3019,1771,Nirlon Knowledge Park,Maruti Kamath,Mumbai,Tuesday,1,0,May,2024-05,Q2
2024-05-22,1,9905,9905,0,718882.9,7041.4,0.0,72.58,2316,3316,4273,0,517,1413,4176,483,3241,1912,Nirlon Knowledge Park,Maruti Kamath,Mumbai,Wednesday,2,0,May,2024-05,Q2
2024-05-23,1,9381,9381,0,892733.2,7871.79,0.0,95.16,2407,2867,4107,0,563,1553,3896,502,2799,1706,Nirlon Knowledge Park,Maruti Kamath,Mumbai,Thursday,3,0,May,2024-05,Q2
2024-05-24,1,8621,8621,0,642167.2,7052.67,0.0,74.49,2182,2676,3763,0,456,1381,3673,435,2606,1559,Nirlon Knowledge Park,Maruti Kamath,Mumbai,Friday,4,0,May,2024-05,Q2
2024-05-25,1,870,870,0,52889.0,659.97,0.0,60.79,292,142,436,0,111,173,399,45,136,110,Nirlon Knowledge Park,Maruti Kamath,Mumbai,Saturday,5,1,May,2024-05,Q2
2024-05-26,1,367,367,0,19258.0,382.21,0.0,52.47,174,58,135,0,50,122,108,29,56,48,Nirlon Knowledge Park,Maruti Kamath,Mumbai,Sunday,6,1,May,2024-05,Q2
2024-05-27,1,7594,7594,0,542130.5,5715.64,0.0,71.39,1868,2489,3237,0,343,1247,3122,393,2448,1452,Nirlon Knowledge Park,Maruti Kamath,Mumbai,Monday,0,0,May,2024-05,Q2
2024-05-28,1,11511,11511,0,823565.4,12211.73,0.0,71.55,3672,4060,3779,0,392,2942,3405,712,3920,2141,Nirlon Knowledge Park,Maruti Kamath,Mumbai,Tuesday,1,0,May,2024-05,Q2
2024-05-29,1,10621,10621,0,793408.35,12564.98,0.0,74.7,3649,3888,3084,0,353,2996,2771,613,3792,2173,Nirlon Knowledge Park,Maruti Kamath,Mumbai,Wednesday,2,0,May,2024-05,Q2
2024-05-30,1,9962,9962,0,721361.15,10047.09,0.0,72.41,3264,3659,3039,0,291,2691,2804,517,3577,2058,Nirlon Knowledge Park,Maruti Kamath,Mumbai,Thursday,3,0,May,2024-05,Q2
2024-05-31,1,8279,8279,0,625645.0,8184.94,0.0,75.57,2392,2378,3509,0,240,1807,3376,478,2297,1451,Nirlon Knowledge Park,Maruti Kamath,Mumbai,Friday,4,0,May,2024-05,Q2
2024-06-01,1,980,980,0,54130.45,613.22,0.0,55.24,331,134,515,0,92,239,456,59,125,103,Nirlon Knowledge Park,Maruti Kamath,Mumbai,Saturday,5,1,June,2024-06,Q2
2024-06-02,1,356,356,0,18868.0,299.02,0.0,53.0,165,61,130,0,34,130,119,12,59,41,Nirlon Knowledge Park,Maruti Kamath,Mumbai,Sunday,6,1,June,2024-06,Q2
2024-06-03,1,8874,8874,0,623179.0,6196.15,0.0,70.23,2124,3177,3573,0,444,1428,3357,468,3109,1829,Nirlon Knowledge Park,Maruti Kamath,Mumbai,Monday,0,0,June,2024-06,Q2
2024-06-04,1,8841,8841,0,644367.85,7120.12,0.0,72.88,2302,2869,3670,0,308,1679,3539,446,2791,1617,Nirlon Knowledge Park,Maruti Kamath,Mumbai,Tuesday,1,0,June,2024-06,Q2
2024-06-05,1,10662,10662,0,779117.6,9242.48,0.0,73.07,2862,3686,4114,0,339,2200,3908,529,3598,2139,Nirlon Knowledge Park,Maruti Kamath,Mumbai,Wednesday,2,0,June,2024-06,Q2
2024-06-06,1,10594,10594,0,749234.0,9056.39,0.0,70.72,2878,3580,4136,0,317,2179,4063,455,3501,2061,Nirlon Knowledge Park,Maruti Kamath,Mumbai,Thursday,3,0,June,2024-06,Q2
2024-06-07,1,8731,8731,0,634522.25,8100.17,0.0,72.67,2462,2721,3548,0,302,1797,3458,453,2657,1627,Nirlon Knowledge Park,Maruti Kamath,Mumbai,Friday,4,0,June,2024-06,Q2
2024-06-08,1,1062,1062,0,60246.0,845.55,0.0,56.73,363,196,503,0,71,290,434,71,182,121,Nirlon Knowledge Park,Maruti Kamath,Mumbai,Saturday,5,1,June,2024-06,Q2
2024-06-09,1,414,414,0,23935.0,392.65,0.0,57.81,174,71,169,0,26,146,143,28,68,45,Nirlon Knowledge Park,Maruti Kamath,Mumbai,Sunday,6,1,June,2024-06,Q2
2024-06-10,1,8749,8749,0,615064.45,7381.78,0.0,70.3,2559,2597,3593,0,269,2066,3396,421,2514,1631,Nirlon Knowledge Park,Maruti Kamath,Mumbai,Monday,0,0,June,2024-06,Q2
2024-06-11,1,9882,9882,0,686865.1,8732.5,0.0,69.51,2874,2910,4098,0,361,2028,4128,455,2824,1815,Nirlon Knowledge Park,Maruti Kamath,Mumbai,Tuesday,1,0,June,2024-06,Q2
2024-06-12,1,9949,9949,0,714868.4,8573.94,0.0,71.85,2826,3189,3934,0,360,2216,3713,471,3103,1971,Nirlon Knowledge Park,Maruti Kamath,Mumbai,Wednesday,2,0,June,2024-06,Q2
2024-06-13,1,9890,9890,0,706729.25,8287.85,0.0,71.46,2724,3295,3871,0,336,2032,3718,509,3220,2001,Nirlon Knowledge Park,Maruti Kamath,Mumbai,Thursday,3,0,June,2024-06,Q2
2024-06-14,1,8097,8097,0,599547.45,8330.85,0.0,74.05,2406,2362,3329,0,286,1822,3224,403,2309,1493,Nirlon Knowledge Park,Maruti Kamath,Mumbai,Friday,4,0,June,2024-06,Q2
2024-06-15,1,1094,1094,0,67490.75,923.84,0.0,61.69,402,168,524,0,103,296,444,83,154,121,Nirlon Knowledge Park,Maruti Kamath,Mumbai,Saturday,5,1,June,2024-06,Q2
2024-06-16,1,430,430,0,23700.0,484.64,0.0,55.12,233,40,157,0,38,195,127,30,40,40,Nirlon Knowledge Park,Maruti Kamath,Mumbai,Sunday,6,1,June,2024-06,Q2
2024-06-17,1,8233,8233,0,568329.0,5607.54,0.0,69.03,1978,2875,3380,0,360,1449,3178,371,2808,1758,Nirlon Knowledge Park,Maruti Kamath,Mumbai,Monday,0,0,June,2024-06,Q2
2024-06-18,1,10031,10031,0,685160.75,7778.68,0.0,68.3,2618,3474,3939,0,308,2089,3677,483,3360,2065,Nirlon Knowledge Park,Maruti Kamath,Mumbai,Tuesday,1,0,June,2024-06,Q2
2024-06-19,1,8722,8722,0,621306.5,7784.35,0.0,71.23,2491,2765,3466,0,304,1917,3357,379,2714,1675,Nirlon Knowledge Park,Maruti Kamath,Mumbai,Wednesday,2,0,June,2024-06,Q2
2024-06-20,1,11109,11109,0,812567.6,10591.7,0.0,73.14,3277,3480,4352,0,298,2665,4154,512,3405,2158,Nirlon Knowledge Park,Maruti Kamath,Mumbai,Thursday,3,0,June,2024-06,Q2
2024-06-21,1,9081,9081,0,654121.85,11667.23,0.0,72.03,3498,3290,2293,0,270,2797,2317,407,3207,1997,Nirlon Knowledge Park,Maruti Kamath,Mumbai,Friday,4,0,June,2024-06,Q2
2024-06-22,1,816,816,0,46551.0,661.34,0.0,57.05,312,132,372,0,57,131,450,46,132,112,Nirlon Knowledge Park,Maruti Kamath,Mumbai,Saturday,5,1,June,2024-06,Q2
2024-06-23,1,150,150,0,9565.0,143.7,0.0,63.77,71,19,60,0,9,62,55,5,17,21,Nirlon Knowledge Park,Maruti Kamath,Mumbai,Sunday,6,1,June,2024-06,Q2
2024-06-24,1,8821,8821,0,603921.3,6648.37,0.0,68.46,2285,3251,3285,0,366,1744,3041,419,3193,1974,Nirlon Knowledge Park,Maruti Kamath,Mumbai,Monday,0,0,June,2024-06,Q2
2024-06-25,1,9774,9774,0,669044.7,7051.05,0.0,68.45,2433,3565,3776,0,415,1642,3700,452,3496,2176,Nirlon Knowledge Park,Maruti Kamath,Mumbai,Tuesday,1,0,June,2024-06,Q2
2024-06-26,1,9986,9986,0,708900.0,7007.27,0.0,70.99,2420,3664,3902,0,466,1611,3801,444,3591,2226,Nirlon Knowledge Park,Maruti Kamath,Mumbai,Wednesday,2,0,June,2024-06,Q2
2024-06-27,1,9540,9540,0,675693.45,8576.49,0.0,70.83,2807,3285,3448,0,327,2222,3240,466,3218,2015,Nirlon Knowledge Park,Maruti Kamath,Mumbai,Thursday,3,0,June,2024-06,Q2
2024-06-28,1,8154,8154,0,595299.3,7548.18,0.0,73.01,2357,2704,3093,0,192,1899,2993,366,2657,1679,Nirlon Knowledge Park,Maruti Kamath,Mumbai,Friday,4,0,June,2024-06,Q2
2024-06-29,1,1155,1155,0,63022.0,865.44,0.0,54.56,407,214,534,0,45,358,446,92,204,162,Nirlon Knowledge Park,Maruti Kamath,Mumbai,Saturday,5,1,June,2024-06,Q2
2024-06-30,1,331,331,0,18794.75,301.27,0.0,56.78,121,71,139,0,22,93,115,30,69,55,Nirlon Knowledge Park,Maruti Kamath,Mumbai,Sunday,6,1,June,2024-06,Q2
2024-07-01,1,8723,8723,0,600430.5,4976.8,0.0,68.83,1796,3343,3584,0,0,1329,3581,470,3272,2060,Nirlon Knowledge Park,Maruti Kamath,Mumbai,Monday,0,0,July,2024-07,Q3
2024-07-02,1,10090,10090,0,684107.5,5893.79,0.0,67.8,2012,3886,4192,0,0,1269,4418,517,3779,2326,Nirlon Knowledge Park,Maruti Kamath,Mumbai,Tuesday,1,0,July,2024-07,Q3
2024-07-03,1,10149,10149,0,699123.25,5969.37,0.0,68.89,2114,3953,4082,0,0,1365,4340,491,3881,2393,Nirlon Knowledge Park,Maruti Kamath,Mumbai,Wednesday,2,0,July,2024-07,Q3
2024-07-04,1,8996,8996,0,631356.5,5950.9,0.0,70.18,1977,3334,3685,0,0,1179,3976,507,3268,2021,Nirlon Knowledge Park,Maruti Kamath,Mumbai,Thursday,3,0,July,2024-07,Q3
2024-07-05,1,8435,8435,0,609065.25,6013.06,0.0,72.21,1957,3011,3467,0,0,1280,3712,432,2929,1830,Nirlon Knowledge Park,Maruti Kamath,Mumbai,Friday,4,0,July,2024-07,Q3
2024-07-06,1,1260,1260,0,67383.0,651.57,0.0,53.48,361,246,653,0,0,326,623,65,235,178,Nirlon Knowledge Park,Maruti Kamath,Mumbai,Saturday,5,1,July,2024-07,Q3
2024-07-07,1,413,413,0,23162.0,231.06,0.0,56.08,117,73,223,0,0,117,191,32,70,52,Nirlon Knowledge Park,Maruti Kamath,Mumbai,Sunday,6,1,July,2024-07,Q3
2024-07-08,1,8054,8054,0,541327.9,4909.01,0.0,67.21,1781,3041,3232,0,0,1428,3099,486,2973,1816,Nirlon Knowledge Park,Maruti Kamath,Mumbai,Monday,0,0,July,2024-07,Q3
2024-07-09,1,9282,9282,0,628214.6,5374.77,0.0,67.68,1901,3742,3639,0,0,1537,3567,436,3652,2242,Nirlon Knowledge Park,Maruti Kamath,Mumbai,Tuesday,1,0,July,2024-07,Q3
2024-07-10,1,10040,10040,0,726023.3,5968.56,0.0,72.31,2121,4064,3855,0,0,1690,3862,424,3983,2485,Nirlon Knowledge Park,Maruti Kamath,Mumbai,Wednesday,2,0,July,2024-07,Q3
2024-07-11,1,9871,9871,0,1466206.5,6439.4,0.0,148.54,2177,4242,3452,0,0,1715,3456,458,4162,2483,Nirlon Knowledge Park,Maruti Kamath,Mumbai,Thursday,3,0,July,2024-07,Q3
2024-07-12,1,8152,8152,0,928264.2,5837.72,0.0,113.87,1956,3173,3023,0,0,1569,3024,386,3100,1941,Nirlon Knowledge Park,Maruti Kamath,Mumbai,Friday,4,0,July,2024-07,Q3
2024-07-13,1,1090,1090,0,58552.9,559.76,0.0,53.72,313,296,481,0,0,180,508,106,270,186,Nirlon Knowledge Park,Maruti Kamath,Mumbai,Saturday,5,1,July,2024-07,Q3
2024-07-14,1,379,379,0,20811.0,294.82,0.0,54.91,138,76,165,0,0,136,142,25,70,58,Nirlon Knowledge Park,Maruti Kamath,Mumbai,Sunday,6,1,July,2024-07,Q3
2024-07-15,1,8732,8732,0,598341.5,5052.71,0.0,68.52,1834,3809,3089,0,0,1430,3072,421,3684,2252,Nirlon Knowledge Park,Maruti Kamath,Mumbai,Monday,0,0,July,2024-07,Q3
2024-07-16,1,10131,10131,0,693847.05,6451.17,0.0,68.49,2071,4517,3543,0,1,1559,3621,433,4378,2694,Nirlon Knowledge Park,Maruti Kamath,Mumbai,Tuesday,1,0,July,2024-07,Q3
2024-07-17,1,9714,9714,0,663779.95,6022.11,0.0,68.33,2077,4453,3184,0,0,1602,3243,416,4371,2575,Nirlon Knowledge Park,Maruti Kamath,Mumbai,Wednesday,2,0,July,2024-07,Q3
2024-07-18,1,9729,9729,0,702291.2,5943.86,0.0,72.19,2039,4286,3404,0,0,1624,3372,447,4204,2589,Nirlon Knowledge Park,Maruti Kamath,Mumbai,Thursday,3,0,July,2024-07,Q3
2024-07-19,1,8466,8466,0,622514.0,7586.32,0.0,73.53,2252,3718,2496,0,0,1870,2531,347,3605,2165,Nirlon Knowledge Park,Maruti Kamath,Mumbai,Friday,4,0,July,2024-07,Q3
2024-07-20,1,1209,1209,0,69689.0,1319.09,0.0,57.64,558,457,194,0,1,544,173,34,437,291,Nirlon Knowledge Park,Maruti Kamath,Mumbai,Saturday,5,1,July,2024-07,Q3
2024-07-21,1,449,449,0,25756.55,402.28,0.0,57.36,189,137,123,0,0,187,101,24,133,95,Nirlon Knowledge Park,Maruti Kamath,Mumbai,Sunday,6,1,July,2024-07,Q3
2024-07-22,1,8469,8469,0,575972.25,5137.43,0.0,68.01,1745,3916,2808,0,0,1458,2749,346,3829,2304,Nirlon Knowledge Park,Maruti Kamath,Mumbai,Monday,0,0,July,2024-07,Q3
2024-07-23,1,10263,10263,0,703671.25,6186.06,0.0,68.56,2152,4624,3487,0,0,1795,3413,431,4511,2774,Nirlon Knowledge Park,Maruti Kamath,Mumbai,Tuesday,1,0,July,2024-07,Q3
2024-07-24,1,9873,9873,0,773182.45,5893.12,0.0,78.31,2036,4618,3219,0,0,1661,3171,423,4494,2759,Nirlon Knowledge Park,Maruti Kamath,Mumbai,Wednesday,2,0,July,2024-07,Q3
2024-07-25,1,7977,7977,0,559519.95,5765.8,0.0,70.14,1884,3536,2557,0,0,1481,2570,390,3454,2106,Nirlon Knowledge Park,Maruti Kamath,Mumbai,Thursday,3,0,July,2024-07,Q3
2024-07-26,1,8375,8375,0,599282.55,5796.83,0.0,71.56,1838,3688,2849,0,0,1476,2814,397,3607,2203,Nirlon Knowledge Park,Maruti Kamath,Mumbai,Friday,4,0,July,2024-07,Q3
2024-07-27,1,1075,1075,0,59001.5,625.04,0.0,54.89,321,316,438,0,0,310,379,70,306,235,Nirlon Knowledge Park,Maruti Kamath,Mumbai,Saturday,5,1,July,2024-07,Q3
2024-07-28,1,327,327,0,19838.0,175.81,0.0,60.67,93,105,129,0,0,87,104,31,102,79,Nirlon Knowledge Park,Maruti Kamath,Mumbai,Sunday,6,1,July,2024-07,Q3
2024-07-29,1,9228,9228,0,617667.95,5260.19,0.0,66.93,1915,4284,3029,0,0,1449,3104,391,4186,2605,Nirlon Knowledge Park,Maruti Kamath,Mumbai,Monday,0,0,July,2024-07,Q3
2024-07-30,1,9848,9848,0,680709.75,6455.76,0.0,69.12,2190,4216,3442,0,0,1593,3605,434,4095,2653,Nirlon Knowledge Park,Maruti Kamath,Mumbai,Tuesday,1,0,July,2024-07,Q3
2024-07-31,1,9714,9714,0,665997.2,5960.03,0.0,68.56,2111,4343,3260,0,0,1556,3406,409,4250,2636,Nirlon Knowledge Park,Maruti Kamath,Mumbai,Wednesday,2,0,July,2024-07,Q3
2024-08-01,1,10217,10217,0,701543.4,6331.47,0.0,68.66,2107,4780,3330,0,0,1657,3367,413,4679,2767,Nirlon Knowledge Park,Maruti Kamath,Mumbai,Thursday,3,0,August,2024-08,Q3
2024-08-02,1,8690,8690,0,624762.95,6315.79,0.0,71.89,1980,3835,2875,0,0,1518,2975,362,3754,2291,Nirlon Knowledge Park,Maruti Kamath,Mumbai,Friday,4,0,August,2024-08,Q3
2024-08-03,1,1077,1077,0,59114.0,646.36,0.0,54.89,333,261,483,0,0,324,439,53,254,193,Nirlon Knowledge Park,Maruti Kamath,Mumbai,Saturday,5,1,August,2024-08,Q3
2024-08-04,1,502,502,0,29109.45,373.0,0.0,57.99,172,141,189,0,0,66,254,41,120,97,Nirlon Knowledge Park,Maruti Kamath,Mumbai,Sunday,6,1,August,2024-08,Q3
2024-08-05,1,8938,8938,0,610460.95,5146.73,0.0,68.3,1807,4183,2948,0,0,1387,2720,648,4029,2446,Nirlon Knowledge Park,Maruti Kamath,Mumbai,Monday,0,0,August,2024-08,Q3
2024-08-06,1,9802,9802,0,686532.95,6221.3,0.0,70.04,2089,4498,3215,0,0,1845,2777,682,4260,2659,Nirlon Knowledge Park,Maruti Kamath,Mumbai,Tuesday,1,0,August,2024-08,Q3
2024-08-07,1,10932,10932,0,1093849.25,6743.28,0.0,100.06,2037,5640,3255,0,0,1743,3076,473,5479,3137,Nirlon Knowledge Park,Maruti Kamath,Mumbai,Wednesday,2,0,August,2024-08,Q3
2024-08-08,1,10348,10348,0,1340999.7,6837.49,0.0,129.59,2062,5123,3163,0,0,1842,2919,464,5008,2926,Nirlon Knowledge Park,Maruti Kamath,Mumbai,Thursday,3,0,August,2024-08,Q3
2024-08-09,1,8446,8446,0,624211.35,5283.27,0.0,73.91,1627,3905,2914,0,0,1375,2785,381,3849,2366,Nirlon Knowledge Park,Maruti Kamath,Mumbai,Friday,4,0,August,2024-08,Q3
2024-08-10,1,1023,1023,0,55620.7,448.86,0.0,54.37,256,382,385,0,0,163,403,75,363,257,Nirlon Knowledge Park,Maruti Kamath,Mumbai,Saturday,5,1,August,2024-08,Q3
2024-08-11,1,339,339,0,18460.0,170.11,0.0,54.45,90,98,151,0,0,81,135,25,96,80,Nirlon Knowledge Park,Maruti Kamath,Mumbai,Sunday,6,1,August,2024-08,Q3
2024-08-12,1,9067,9067,0,603113.0,4610.88,0.0,66.52,1739,4473,2855,0,0,1487,2721,386,4386,2722,Nirlon Knowledge Park,Maruti Kamath,Mumbai,Monday,0,0,August,2024-08,Q3
2024-08-13,1,9931,9931,0,657349.3,5175.39,0.0,66.19,1827,4866,3238,0,0,1286,3331,448,4776,2916,Nirlon Knowledge Park,Maruti Kamath,Mumbai,Tuesday,1,0,August,2024-08,Q3
2024-08-14,1,9025,9025,0,633066.2,5442.44,0.0,70.15,1763,4223,3039,0,0,1107,3266,429,4146,2618,Nirlon Knowledge Park,Maruti Kamath,Mumbai,Wednesday,2,0,August,2024-08,Q3
2024-08-15,1,3017,3017,0,173513.75,1102.81,0.0,57.51,683,1160,1174,0,0,431,1284,142,1135,737,Nirlon Knowledge Park,Maruti Kamath,Mumbai,Thursday,3,0,August,2024-08,Q3
2024-08-16,1,6359,6359,0,442649.35,4122.28,0.0,69.61,1325,2890,2144,0,0,841,2342,286,2824,1788,Nirlon Knowledge Park,Maruti Kamath,Mumbai,Friday,4,0,August,2024-08,Q3
2024-08-17,1,963,963,0,50853.0,602.04,0.0,52.81,256,266,441,0,0,131,499,67,258,206,Nirlon Knowledge Park,Maruti Kamath,Mumbai,Saturday,5,1,August,2024-08,Q3
2024-08-18,1,357,357,0,18653.0,511.25,0.0,52.25,131,135,91,0,0,109,93,20,128,97,Nirlon Knowledge Park,Maruti Kamath,Mumbai,Sunday,6,1,August,2024-08,Q3
2024-08-19,1,6107,6107,0,459578.35,11382.76,0.0,75.25,1233,2761,2113,0,0,689,2339,318,2716,1728,Nirlon Knowledge Park,Maruti Kamath,Mumbai,Monday,0,0,August,2024-08,Q3
2024-08-20,1,9457,9457,0,687963.3,18372.53,0.0,72.75,1818,4759,2880,0,0,1148,3140,410,4633,2836,Nirlon Knowledge Park,Maruti Kamath,Mumbai,Tuesday,1,0,August,2024-08,Q3
2024-08-21,1,9767,9767,0,724750.85,19472.64,0.0,74.2,1961,4732,3074,0,0,1190,3367,478,4622,2872,Nirlon Knowledge Park,Maruti Kamath,Mumbai,Wednesday,2,0,August,2024-08,Q3
2024-08-22,1,9648,9648,0,777377.45,18672.62,0.0,80.57,1933,4472,3243,0,0,1291,3456,429,4370,2737,Nirlon Knowledge Park,Maruti Kamath,Mumbai,Thursday,3,0,August,2024-08,Q3
2024-08-23,1,8827,8827,0,625343.0,17887.6,0.0,70.84,1794,4266,2767,0,0,1180,2961,420,4148,2563,Nirlon Knowledge Park,Maruti Kamath,Mumbai,Friday,4,0,August,2024-08,Q3
2024-08-24,1,1045,1045,0,55898.0,1310.52,0.0,53.49,276,395,374,0,0,195,378,77,356,258,Nirlon Knowledge Park,Maruti Kamath,Mumbai,Saturday,5,1,August,2024-08,Q3
2024-08-25,1,376,376,0,20206.0,484.29,0.0,53.74,110,135,131,0,0,110,103,28,127,89,Nirlon Knowledge Park,Maruti Kamath,Mumbai,Sunday,6,1,August,2024-08,Q3
2024-08-26,1,8037,8037,0,529413.45,15042.52,0.0,65.87,1587,3906,2544,0,0,1065,2721,345,3847,2430,Nirlon Knowledge Park,Maruti Kamath,Mumbai,Monday,0,0,August,2024-08,Q3
2024-08-27,1,9142,9142,0,623583.5,17702.27,0.0,68.21,1674,4576,2892,0,0,1186,2944,436,4486,2766,Nirlon Knowledge Park,Maruti Kamath,Mumbai,Tuesday,1,0,August,2024-08,Q3
2024-08-28,1,9771,9771,0,683366.5,19569.55,0.0,69.94,1804,4923,3044,0,0,1296,3127,425,4810,2964,Nirlon Knowledge Park,Maruti Kamath,Mumbai,Wednesday,2,0,August,2024-08,Q3
2024-08-29,1,9506,9506,0,660726.0,18780.66,0.0,69.51,1830,4566,3110,0,0,1257,3232,451,4464,2813,Nirlon Knowledge Park,Maruti Kamath,Mumbai,Thursday,3,0,August,2024-08,Q3
2024-08-30,1,8489,8489,0,615438.5,17498.26,0.0,72.5,1662,4122,2705,0,0,1373,2588,406,4024,2533,Nirlon Knowledge Park,Maruti Kamath,Mumbai,Friday,4,0,August,2024-08,Q3
2024-08-31,1,999,999,0,52947.0,1171.34,0.0,53.0,243,357,399,0,0,232,358,52,348,251,Nirlon Knowledge Park,Maruti Kamath,Mumbai,Saturday,5,1,August,2024-08,Q3
2024-09-01,1,355,355,0,18255.0,407.16,0.0,51.42,80,126,149,0,0,80,128,21,121,99,Nirlon Knowledge Park,Maruti Kamath,Mumbai,Sunday,6,1,September,2024-09,Q3
2024-09-02,1,8227,8227,0,554480.2,15886.67,0.0,67.4,1560,4079,2588,0,0,929,2833,386,3993,2457,Nirlon Knowledge Park,Maruti Kamath,Mumbai,Monday,0,0,September,2024-09,Q3
2024-09-03,1,10045,10045,0,679797.75,19374.43,0.0,67.68,1762,5190,3093,0,0,1178,3238,439,5064,3064,Nirlon Knowledge Park,Maruti Kamath,Mumbai,Tuesday,1,0,September,2024-09,Q3
2024-09-04,1,10213,10213,0,722827.3,20221.2,0.0,70.78,1723,5241,3249,0,0,1172,3341,459,5113,3133,Nirlon Knowledge Park,Maruti Kamath,Mumbai,Wednesday,2,0,September,2024-09,Q3
2024-09-05,1,10012,10012,0,696119.8,20053.68,0.0,69.53,1652,5300,3060,0,0,947,3336,429,5176,3016,Nirlon Knowledge Park,Maruti Kamath,Mumbai,Thursday,3,0,September,2024-09,Q3
2024-09-06,1,7440,7440,0,532025.3,14678.81,0.0,71.51,1439,3516,2485,0,0,981,2506,437,3439,2122,Nirlon Knowledge Park,Maruti Kamath,Mumbai,Friday,4,0,September,2024-09,Q3
2024-09-07,1,979,979,0,52218.0,1184.98,0.0,53.34,236,367,376,0,0,221,323,68,354,262,Nirlon Knowledge Park,Maruti Kamath,Mumbai,Saturday,5,1,September,2024-09,Q3
2024-09-08,1,379,379,0,18673.25,451.86,0.0,49.27,107,141,131,0,0,97,115,26,135,95,Nirlon Knowledge Park,Maruti Kamath,Mumbai,Sunday,6,1,September,2024-09,Q3
2024-09-09,1,8160,8160,0,595245.4,17390.48,0.0,72.95,1596,4029,2535,0,0,1192,2612,327,3950,2480,Nirlon Knowledge Park,Maruti Kamath,Mumbai,Monday,0,0,September,2024-09,Q3
2024-09-10,1,8431,8431,0,618649.3,18770.04,0.0,73.38,1600,4391,2440,0,0,1263,2367,410,4289,2704,Nirlon Knowledge Park,Maruti Kamath,Mumbai,Tuesday,1,0,September,2024-09,Q3
2024-09-11,1,8438,8438,0,585783.65,16927.76,0.0,69.42,1622,4295,2521,0,0,1373,2365,405,4212,2660,Nirlon Knowledge Park,Maruti Kamath,Mumbai,Wednesday,2,0,September,2024-09,Q3
2024-09-12,1,8837,8837,0,642437.8,19450.39,0.0,72.7,1716,4500,2621,0,0,1433,2492,412,4380,2619,Nirlon Knowledge Park,Maruti Kamath,Mumbai,Thursday,3,0,September,2024-09,Q3
2024-09-13,1,8029,8029,0,579277.6,17485.05,0.0,72.15,1658,4070,2301,0,0,1370,2222,367,3969,2418,Nirlon Knowledge Park,Maruti Kamath,Mumbai,Friday,4,0,September,2024-09,Q3
2024-09-14,1,793,793,0,41890.0,984.27,0.0,52.82,209,306,278,0,0,190,242,55,305,232,Nirlon Knowledge Park,Maruti Kamath,Mumbai,Saturday,5,1,September,2024-09,Q3
2024-09-15,1,488,488,0,25091.75,589.72,0.0,51.42,123,182,183,0,0,110,158,38,178,121,Nirlon Knowledge Park,Maruti Kamath,Mumbai,Sunday,6,1,September,2024-09,Q3
2024-09-16,1,8846,8846,0,600910.95,17787.98,0.0,67.93,1558,4686,2602,0,0,1238,2522,400,4593,2856,Nirlon Knowledge Park,Maruti Kamath,Mumbai,Monday,0,0,September,2024-09,Q3
2024-09-17,1,8214,8214,0,556493.5,15841.24,0.0,67.75,1502,4114,2598,0,0,1190,2462,448,4002,2388,Nirlon Knowledge Park,Maruti Kamath,Mumbai,Tuesday,1,0,September,2024-09,Q3
2024-09-18,1,10219,10219,0,703996.9,20628.22,0.0,68.89,1721,5430,3068,0,0,1398,2892,499,5313,3201,Nirlon Knowledge Park,Maruti Kamath,Mumbai,Wednesday,2,0,September,2024-09,Q3
2024-09-19,1,10167,10167,0,712385.3,20497.19,0.0,70.07,1879,5287,3001,0,0,1535,2836,509,5171,3198,Nirlon Knowledge Park,Maruti Kamath,Mumbai,Thursday,3,0,September,2024-09,Q3
2024-09-20,1,9258,9258,0,653506.05,19269.16,0.0,70.59,1824,4750,2684,0,0,1444,2608,456,4628,2794,Nirlon Knowledge Park,Maruti Kamath,Mumbai,Friday,4,0,September,2024-09,Q3
2024-09-21,1,1048,1048,0,54735.0,1267.37,0.0,52.23,250,404,394,0,0,237,335,72,398,291,Nirlon Knowledge Park,Maruti Kamath,Mumbai,Saturday,5,1,September,2024-09,Q3
2024-09-22,1,418,418,0,21532.0,548.46,0.0,51.51,129,144,145,0,0,127,117,30,133,111,Nirlon Knowledge Park,Maruti Kamath,Mumbai,Sunday,6,1,September,2024-09,Q3
2024-09-23,1,9140,9140,0,682483.35,18036.32,0.0,74.67,1687,4752,2701,0,0,1373,2540,475,4642,2899,Nirlon Knowledge Park,Maruti Kamath,Mumbai,Monday,0,0,September,2024-09,Q3
2024-09-24,1,10377,10377,0,719551.4,21197.86,0.0,69.34,2012,5289,3076,0,0,1616,2982,490,5158,3147,Nirlon Knowledge Park,Maruti Kamath,Mumbai,Tuesday,1,0,September,2024-09,Q3
2024-09-25,1,10516,10516,0,760517.6,22188.23,0.0,72.32,2055,5354,3107,0,0,1644,2965,553,5204,3179,Nirlon Knowledge Park,Maruti Kamath,Mumbai,Wednesday,2,0,September,2024-09,Q3
2024-09-26,1,8158,8158,0,571478.45,16230.16,0.0,70.05,1577,4027,2554,0,0,1322,2341,468,3943,2417,Nirlon Knowledge Park,Maruti Kamath,Mumbai,Thursday,3,0,September,2024-09,Q3
2024-09-27,1,8426,8426,0,614512.95,18221.81,0.0,72.93,1648,4341,2437,0,0,1358,2331,396,4247,2558,Nirlon Knowledge Park,Maruti Kamath,Mumbai,Friday,4,0,September,2024-09,Q3
2024-09-28,1,1042,1042,0,56363.0,1259.87,0.0,54.09,224,429,389,0,0,211,346,56,418,309,Nirlon Knowledge Park,Maruti Kamath,Mumbai,Saturday,5,1,September,2024-09,Q3
2024-09-29,1,343,343,0,18506.0,451.37,0.0,53.95,101,135,107,0,0,90,97,21,124,101,Nirlon Knowledge Park,Maruti Kamath,Mumbai,Sunday,6,1,September,2024-09,Q3
2024-09-30,1,8996,8996,0,641033.5,18469.34,0.0,71.26,1677,4742,2577,0,0,1341,2471,442,4646,2924,Nirlon Knowledge Park,Maruti Kamath,Mumbai,Monday,0,0,September,2024-09,Q3
2024-10-01,1,10188,10188,0,712356.1,21238.97,0.0,69.92,1774,5484,2930,0,0,1430,2798,476,5366,3225,Nirlon Knowledge Park,Maruti Kamath,Mumbai,Tuesday,1,0,October,2024-10,Q4
2024-10-02,1,3765,3765,0,232665.2,6111.56,0.0,61.8,747,1820,1198,0,0,715,1056,174,1777,1116,Nirlon Knowledge Park,Maruti Kamath,Mumbai,Wednesday,2,0,October,2024-10,Q4
2024-10-03,1,10042,10042,0,677087.0,20054.91,0.0,67.43,1786,5370,2886,0,0,1393,2818,461,5248,3172,Nirlon Knowledge Park,Maruti Kamath,Mumbai,Thursday,3,0,October,2024-10,Q4
2024-10-04,1,9171,9171,0,642538.25,18934.35,0.0,70.06,1684,4786,2701,0,0,1378,2607,400,4680,2810,Nirlon Knowledge Park,Maruti Kamath,Mumbai,Friday,4,0,October,2024-10,Q4
2024-10-05,1,650,650,0,36632.0,1023.56,0.0,56.36,101,365,184,0,0,91,145,49,349,259,Nirlon Knowledge Park,Maruti Kamath,Mumbai,Saturday,5,1,October,2024-10,Q4
2024-10-06,1,8,8,0,100.0,2.85,0.0,12.5,0,4,4,0,0,0,3,1,4,7,Nirlon Knowledge Park,Maruti Kamath,Mumbai,Sunday,6,1,October,2024-10,Q4
2024-10-07,1,9067,9067,0,654740.25,18347.11,0.0,72.21,1549,4961,2557,0,0,1348,2380,378,4868,2960,Nirlon Knowledge Park,Maruti Kamath,Mumbai,Monday,0,0,October,2024-10,Q4
2024-10-08,1,10181,10181,0,692566.3,21326.18,0.0,68.03,1907,5701,2573,0,0,1667,2407,406,5574,3420,Nirlon Knowledge Park,Maruti Kamath,Mumbai,Tuesday,1,0,October,2024-10,Q4
2024-10-09,1,10805,10805,0,749666.4,22495.41,0.0,69.38,1859,5962,2984,0,0,1537,2809,497,5833,3522,Nirlon Knowledge Park,Maruti Kamath,Mumbai,Wednesday,2,0,October,2024-10,Q4
2024-10-10,1,9790,9790,0,696172.65,20846.96,0.0,71.11,1759,5236,2795,0,0,1407,2692,455,5143,3093,Nirlon Knowledge Park,Maruti Kamath,Mumbai,Thursday,3,0,October,2024-10,Q4
2024-10-11,1,7683,7683,0,544869.05,15834.03,0.0,70.92,1500,3835,2348,0,0,1209,2264,375,3770,2340,Nirlon Knowledge Park,Maruti Kamath,Mumbai,Friday,4,0,October,2024-10,Q4
2024-10-12,1,925,925,0,50581.0,1162.01,0.0,54.68,148,412,365,0,0,140,319,54,399,308,Nirlon Knowledge Park,Maruti Kamath,Mumbai,Saturday,5,1,October,2024-10,Q4
2024-10-13,1,404,404,0,21500.0,563.78,0.0,53.22,111,172,121,0,0,108,102,22,162,108,Nirlon Knowledge Park,Maruti Kamath,Mumbai,Sunday,6,1,October,2024-10,Q4
2024-10-14,1,9004,9004,0,611216.75,18308.97,0.0,67.88,1541,4907,2556,0,0,1282,2436,379,4792,2989,Nirlon Knowledge Park,Maruti Kamath,Mumbai,Monday,0,0,October,2024-10,Q4
2024-10-15,1,10410,10410,0,722011.9,21715.36,0.0,69.36,1781,5715,2914,0,0,1416,2768,511,5613,3404,Nirlon Knowledge Park,Maruti Kamath,Mumbai,Tuesday,1,0,October,2024-10,Q4
2024-10-16,1,9774,9774,0,800472.4,23585.96,0.0,81.9,1629,5329,2816,0,0,1340,2623,482,5188,3304,Nirlon Knowledge Park,Maruti Kamath,Mumbai,Wednesday,2,0,October,2024-10,Q4
2024-10-17,1,10206,10206,0,722975.0,21703.07,0.0,70.84,1703,5626,2877,0,0,1396,2699,485,5501,3351,Nirlon Knowledge Park,Maruti Kamath,Mumbai,Thursday,3,0,October,2024-10,Q4
2024-10-18,1,8743,8743,0,631182.0,18824.92,0.0,72.19,1564,4636,2543,0,0,1319,2387,401,4543,2839,Nirlon Knowledge Park,Maruti Kamath,Mumbai,Friday,4,0,October,2024-10,Q4
2024-10-19,1,1130,1130,0,59449.5,1508.09,0.0,52.61,228,523,379,0,0,218,319,70,508,350,Nirlon Knowledge Park,Maruti Kamath,Mumbai,Saturday,5,1,October,2024-10,Q4
2024-10-20,1,374,374,0,19820.0,503.46,0.0,52.99,80,180,114,0,0,77,98,19,170,116,Nirlon Knowledge Park,Maruti Kamath,Mumbai,Sunday,6,1,October,2024-10,Q4
2024-10-21,1,8797,8797,0,607897.05,18479.06,0.0,69.1,1504,4832,2461,0,0,1220,2317,428,4722,2949,Nirlon Knowledge Park,Maruti Kamath,Mumbai,Monday,0,0,October,2024-10,Q4
2024-10-22,1,10163,10163,0,1000936.4,21053.5,0.0,98.49,1614,5752,2797,0,0,1278,2638,495,5638,3380,Nirlon Knowledge Park,Maruti Kamath,Mumbai,Tuesday,1,0,October,2024-10,Q4
2024-10-23,1,9582,9582,0,697572.95,20576.2,0.0,72.8,1713,5078,2791,0,0,1380,2630,494,4981,3076,Nirlon Knowledge Park,Maruti Kamath,Mumbai,Wednesday,2,0,October,2024-10,Q4
2024-10-24,1,9533,9533,0,665471.7,20285.55,0.0,69.81,1648,5275,2610,0,0,1334,2443,481,5155,3100,Nirlon Knowledge Park,Maruti Kamath,Mumbai,Thursday,3,0,October,2024-10,Q4
2024-10-25,1,7904,7904,0,577406.3,16936.52,0.0,73.05,1430,4182,2292,0,0,1191,2137,394,4075,2507,Nirlon Knowledge Park,Maruti Kamath,Mumbai,Friday,4,0,October,2024-10,Q4
2024-10-26,1,1052,1052,0,57146.25,1399.33,0.0,54.32,169,550,333,0,0,163,285,54,534,359,Nirlon Knowledge Park,Maruti Kamath,Mumbai,Saturday,5,1,October,2024-10,Q4
2024-10-27,1,347,347,0,18643.0,300.08,0.0,53.73,71,144,132,0,0,67,118,18,139,98,Nirlon Knowledge Park,Maruti Kamath,Mumbai,Sunday,6,1,October,2024-10,Q4
2024-10-28,1,7667,7667,0,532680.1,14409.53,0.0,69.48,1389,4059,2219,0,0,1045,2202,361,3969,2524,Nirlon Knowledge Park,Maruti Kamath,Mumbai,Monday,0,0,October,2024-10,Q4
2024-10-29,1,7776,7776,0,557664.95,14435.3,0.0,71.72,1405,4103,2268,0,0,1109,2217,347,4027,2475,Nirlon Knowledge Park,Maruti Kamath,Mumbai,Tuesday,1,0,October,2024-10,Q4
2024-10-30,1,7134,7134,0,534895.9,13326.13,0.0,74.98,1357,3658,2119,0,0,1048,2071,357,3586,2285,Nirlon Knowledge Park,Maruti Kamath,Mumbai,Wednesday,2,0,October,2024-10,Q4
2024-10-31,1,4247,4247,0,322398.75,7710.58,0.0,75.91,830,2035,1382,0,0,625,1349,238,1999,1254,Nirlon Knowledge Park,Maruti Kamath,Mumbai,Thursday,3,0,October,2024-10,Q4
2024-11-01,1,1955,1955,0,115863.55,2330.33,0.0,59.27,357,897,701,0,0,340,617,101,870,576,Nirlon Knowledge Park,Maruti Kamath,Mumbai,Friday,4,0,November,2024-11,Q4
2024-11-02,1,720,720,0,37257.0,565.0,0.0,51.75,139,277,304,0,0,129,269,45,274,216,Nirlon Knowledge Park,Maruti Kamath,Mumbai,Saturday,5,1,November,2024-11,Q4
2024-11-03,1,323,323,0,17065.0,293.46,0.0,52.83,48,164,111,0,0,47,95,17,156,96,Nirlon Knowledge Park,Maruti Kamath,Mumbai,Sunday,6,1,November,2024-11,Q4
2024-11-04,1,7264,7264,0,480584.95,12454.17,0.0,66.16,1189,3943,2132,0,0,959,2059,303,3857,2468,Nirlon Knowledge Park,Maruti Kamath,Mumbai,Monday,0,0,November,2024-11,Q4
2024-11-05,1,8854,8854,0,595846.25,16597.32,0.0,67.3,1458,4887,2509,0,0,1157,2393,417,4742,2920,Nirlon Knowledge Park,Maruti Kamath,Mumbai,Tuesday,1,0,November,2024-11,Q4
2024-11-06,1,9135,9135,0,636421.15,18211.01,0.0,69.67,1504,5054,2577,0,0,1180,2471,430,4942,3030,Nirlon Knowledge Park,Maruti Kamath,Mumbai,Wednesday,2,0,November,2024-11,Q4
2024-11-07,1,8810,8810,0,642880.3,16328.34,0.0,72.97,1834,3538,3438,0,0,1625,2964,683,3407,1977,Nirlon Knowledge Park,Maruti Kamath,Mumbai,Thursday,3,0,November,2024-11,Q4
2024-11-08,1,7691,7691,0,569155.2,14694.57,0.0,74.0,1741,2680,3270,0,0,1419,3044,548,2602,1523,Nirlon Knowledge Park,Maruti Kamath,Mumbai,Friday,4,0,November,2024-11,Q4
2024-11-09,1,1250,1250,0,69586.85,1363.79,0.0,55.67,298,336,616,0,0,273,522,119,318,213,Nirlon Knowledge Park,Maruti Kamath,Mumbai,Saturday,5,1,November,2024-11,Q4
2024-11-10,1,567,567,0,31988.75,546.5,0.0,56.42,143,109,315,0,0,129,261,68,106,79,Nirlon Knowledge Park,Maruti Kamath,Mumbai,Sunday,6,1,November,2024-11,Q4
2024-11-11,1,7706,7706,0,651822.7,13392.96,0.0,84.59,1622,2909,3175,0,0,1383,2936,478,2836,1732,Nirlon Knowledge Park,Maruti Kamath,Mumbai,Monday,0,0,November,2024-11,Q4
2024-11-12,1,9377,9377,0,631844.85,15794.44,0.0,67.38,1524,4001,3852,0,0,1412,3365,599,3909,2305,Nirlon Knowledge Park,Maruti Kamath,Mumbai,Tuesday,1,0,November,2024-11,Q4
2024-11-13,1,9539,9539,0,654853.9,17951.74,0.0,68.65,1433,4540,3566,0,0,1356,3091,552,4400,2613,Nirlon Knowledge Park,Maruti Kamath,Mumbai,Wednesday,2,0,November,2024-11,Q4
2024-11-14,1,9287,9287,0,931241.5,22111.98,0.0,100.27,1585,5165,2537,0,0,1343,2268,511,5032,3084,Nirlon Knowledge Park,Maruti Kamath,Mumbai,Thursday,3,0,November,2024-11,Q4
2024-11-15,1,6194,6194,0,464605.9,13813.16,0.0,75.01,847,3331,2016,0,0,697,1787,379,3245,2163,Nirlon Knowledge Park,Maruti Kamath,Mumbai,Friday,4,0,November,2024-11,Q4
2024-11-16,1,1148,1148,0,62486.9,1561.7,0.0,54.43,150,553,445,0,0,144,367,84,540,395,Nirlon Knowledge Park,Maruti Kamath,Mumbai,Saturday,5,1,November,2024-11,Q4
2024-11-17,1,478,478,0,23553.0,689.29,0.0,49.27,133,216,129,0,0,132,101,29,207,132,Nirlon Knowledge Park,Maruti Kamath,Mumbai,Sunday,6,1,November,2024-11,Q4
2024-11-18,1,8613,8613,0,611133.4,17443.07,0.0,70.95,1167,4971,2475,0,0,1058,2153,431,4850,2940,Nirlon Knowledge Park,Maruti Kamath,Mumbai,Monday,0,0,November,2024-11,Q4
2024-11-19,1,9229,9229,0,614743.15,18906.37,0.0,66.61,1122,5405,2702,0,0,1042,2302,480,5279,3208,Nirlon Knowledge Park,Maruti Kamath,Mumbai,Tuesday,1,0,November,2024-11,Q4
2024-11-20,1,706,706,0,41523.0,1114.52,0.0,58.81,32,387,287,0,0,30,225,64,377,299,Nirlon Knowledge Park,Maruti Kamath,Mumbai,Wednesday,2,0,November,2024-11,Q4
2024-11-21,1,8400,8400,0,667055.65,17110.55,0.0,79.41,1372,4296,2732,0,0,1172,2468,464,4180,2608,Nirlon Knowledge Park,Maruti Kamath,Mumbai,Thursday,3,0,November,2024-11,Q4
2024-11-22,1,8148,8148,0,576985.05,17307.66,0.0,70.81,1442,3946,2760,0,0,1206,2515,481,3851,2284,Nirlon Knowledge Park,Maruti Kamath,Mumbai,Friday,4,0,November,2024-11,Q4
2024-11-23,1,1191,1191,0,69168.75,1915.14,0.0,58.08,153,591,447,0,0,136,333,131,496,363,Nirlon Knowledge Park,Maruti Kamath,Mumbai,Saturday,5,1,November,2024-11,Q4
2024-11-24,1,455,455,0,25767.5,717.18,0.0,56.63,67,212,176,0,0,67,139,37,204,121,Nirlon Knowledge Park,Maruti Kamath,Mumbai,Sunday,6,1,November,2024-11,Q4
2024-11-25,1,8116,8116,0,538857.15,16382.99,0.0,66.39,1401,4107,2608,0,0,1163,2381,465,3967,2389,Nirlon Knowledge Park,Maruti Kamath,Mumbai,Monday,0,0,November,2024-11,Q4
2024-11-26,1,9190,9190,0,1308818.45,19441.48,0.0,142.42,1519,4824,2847,0,0,1201,2683,482,4702,2842,Nirlon Knowledge Park,Maruti Kamath,Mumbai,Tuesday,1,0,November,2024-11,Q4
2024-11-27,1,9212,9212,0,617391.0,20569.88,0.0,67.02,1582,4949,2681,0,0,1244,2523,496,4816,2845,Nirlon Knowledge Park,Maruti Kamath,Mumbai,Wednesday,2,0,November,2024-11,Q4
2024-11-28,1,8050,8050,0,721251.1,17347.84,0.0,89.6,1364,4145,2541,0,0,1131,2307,467,4019,2477,Nirlon Knowledge Park,Maruti Kamath,Mumbai,Thursday,3,0,November,2024-11,Q4
2024-11-29,1,7912,7912,0,435319.15,18966.19,0.0,55.02,1486,4112,2314,0,0,1153,2234,413,3911,2155,Nirlon Knowledge Park,Maruti Kamath,Mumbai,Friday,4,0,November,2024-11,Q4
2024-11-30,1,1040,1040,0,44616.35,1536.88,0.0,42.9,127,482,431,0,0,120,356,82,456,320,Nirlon Knowledge Park,Maruti Kamath,Mumbai,Saturday,5,1,November,2024-11,Q4
2024-12-01,1,416,416,0,18112.9,593.44,0.0,43.54,61,194,161,0,0,56,135,31,185,117,Nirlon Knowledge Park,Maruti Kamath,Mumbai,Sunday,6,1,December,2024-12,Q4
2024-12-02,1,8917,8917,0,669250.66,19148.09,0.0,75.05,1405,4716,2796,0,0,1069,2630,502,4548,2704,Nirlon Knowledge Park,Maruti Kamath,Mumbai,Monday,0,0,December,2024-12,Q4
2024-12-03,1,9683,9683,0,723851.12,21323.81,0.0,74.75,1846,5156,2681,0,0,1513,2486,528,4999,3004,Nirlon Knowledge Park,Maruti Kamath,Mumbai,Tuesday,1,0,December,2024-12,Q4
2024-12-04,1,9832,9832,0,599453.34,21002.56,0.0,60.97,1639,5249,2944,0,0,1342,2723,518,5091,3023,Nirlon Knowledge Park,Maruti Kamath,Mumbai,Wednesday,2,0,December,2024-12,Q4
2024-12-05,1,8784,8784,0,567904.05,18781.64,0.0,64.65,1479,4565,2740,0,0,1164,2524,531,4451,2752,Nirlon Knowledge Park,Maruti Kamath,Mumbai,Thursday,3,0,December,2024-12,Q4
2024-12-06,1,7877,7877,0,562035.4,16750.57,0.0,71.35,1543,3769,2565,0,0,1174,2446,488,3678,2305,Nirlon Knowledge Park,Maruti Kamath,Mumbai,Friday,4,0,December,2024-12,Q4
2024-12-07,1,1132,1132,0,61512.95,2199.17,0.0,54.34,223,605,304,0,1,221,239,66,584,381,Nirlon Knowledge Park,Maruti Kamath,Mumbai,Saturday,5,1,December,2024-12,Q4
2024-12-08,1,453,453,0,23581.0,642.84,0.0,52.06,105,188,160,0,0,101,131,33,187,124,Nirlon Knowledge Park,Maruti Kamath,Mumbai,Sunday,6,1,December,2024-12,Q4
2024-12-09,1,8159,8159,0,960614.12,16836.41,0.0,117.74,1526,4012,2621,0,0,1222,2425,500,3935,2518,Nirlon Knowledge Park,Maruti Kamath,Mumbai,Monday,0,0,December,2024-12,Q4
2024-12-10,1,9056,9056,0,1315921.35,18161.8,0.0,145.31,1671,4418,2967,0,0,1310,2769,559,4297,2721,Nirlon Knowledge Park,Maruti Kamath,Mumbai,Tuesday,1,0,December,2024-12,Q4
2024-12-11,1,8749,8749,0,592358.9,18197.05,0.0,67.71,1474,4411,2864,0,0,1144,2689,505,4286,2695,Nirlon Knowledge Park,Maruti Kamath,Mumbai,Wednesday,2,0,December,2024-12,Q4
2024-12-12,1,8574,8574,0,775626.27,19961.34,0.0,90.46,1527,4257,2790,0,0,1172,2625,520,4144,2598,Nirlon Knowledge Park,Maruti Kamath,Mumbai,Thursday,3,0,December,2024-12,Q4
2024-12-13,1,7134,7134,0,505326.25,15725.29,0.0,70.83,1353,3515,2266,0,0,1045,2178,396,3419,2198,Nirlon Knowledge Park,Maruti Kamath,Mumbai,Friday,4,0,December,2024-12,Q4
2024-12-14,1,1032,1032,0,59572.45,1741.63,0.0,57.73,215,473,344,0,0,204,235,120,431,305,Nirlon Knowledge Park,Maruti Kamath,Mumbai,Saturday,5,1,December,2024-12,Q4
2024-12-15,1,359,359,0,18662.0,450.28,0.0,51.98,70,144,145,0,0,66,110,39,135,91,Nirlon Knowledge Park,Maruti Kamath,Mumbai,Sunday,6,1,December,2024-12,Q4
2024-12-16,1,8099,8099,0,528756.1,16433.01,0.0,65.29,1487,4086,2526,0,0,1186,2356,471,3976,2501,Nirlon Knowledge Park,Maruti Kamath,Mumbai,Monday,0,0,December,2024-12,Q4
2024-12-17,1,8819,8819,0,594078.3,18628.37,0.0,67.36,1527,4529,2763,0,0,1219,2555,516,4392,2745,Nirlon Knowledge Park,Maruti Kamath,Mumbai,Tuesday,1,0,December,2024-12,Q4
2024-12-18,1,8430,8430,0,562195.18,17040.06,0.0,66.69,1552,4177,2701,0,0,1219,2542,492,3999,2570,Nirlon Knowledge Park,Maruti Kamath,Mumbai,Wednesday,2,0,December,2024-12,Q4
2024-12-19,1,7480,7480,0,510466.4,15807.78,0.0,68.24,1477,3643,2360,0,0,1135,2227,475,3561,2280,Nirlon Knowledge Park,Maruti Kamath,Mumbai,Thursday,3,0,December,2024-12,Q4
2024-12-20,1,6109,6109,0,421171.8,12613.51,0.0,68.94,1295,2827,1987,0,0,1021,1856,405,2768,1765,Nirlon Knowledge Park,Maruti Kamath,Mumbai,Friday,4,0,December,2024-12,Q4
2024-12-21,1,1034,1034,0,57331.95,1480.7,0.0,55.45,163,447,424,0,0,149,332,106,435,317,Nirlon Knowledge Park,Maruti Kamath,Mumbai,Saturday,5,1,December,2024-12,Q4
2024-12-22,1,371,371,0,18732.75,490.97,0.0,50.49,86,148,137,0,0,75,107,41,140,102,Nirlon Knowledge Park,Maruti Kamath,Mumbai,Sunday,6,1,December,2024-12,Q4
2024-12-23,1,5170,5170,0,333463.8,10102.3,0.0,64.5,1056,2413,1701,0,0,825,1636,296,2363,1574,Nirlon Knowledge Park,Maruti Kamath,Mumbai,Monday,0,0,December,2024-12,Q4
2024-12-24,1,5331,5331,0,351910.75,10726.63,0.0,66.01,1002,2589,1740,0,0,758,1650,334,2268,1516,Nirlon Knowledge Park,Maruti Kamath,Mumbai,Tuesday,1,0,December,2024-12,Q4
2024-12-25,1,817,817,0,48285.9,1288.21,0.0,59.1,120,375,322,0,0,111,256,75,365,276,Nirlon Knowledge Park,Maruti Kamath,Mumbai,Wednesday,2,0,December,2024-12,Q4
2024-12-26,1,3647,3647,0,238641.14,6911.07,0.0,65.43,710,1693,1244,0,0,594,1166,194,1662,1078,Nirlon Knowledge Park,Maruti Kamath,Mumbai,Thursday,3,0,December,2024-12,Q4
2024-12-27,1,3845,3845,0,258754.65,7514.72,0.0,67.3,803,1688,1354,0,0,659,1256,242,1655,1076,Nirlon Knowledge Park,Maruti Kamath,Mumbai,Friday,4,0,December,2024-12,Q4
2024-12-28,1,846,846,0,43694.75,1033.06,0.0,51.65,175,326,345,0,0,167,305,48,320,239,Nirlon Knowledge Park,Maruti Kamath,Mumbai,Saturday,5,1,December,2024-12,Q4
2024-12-29,1,325,325,0,17066.0,372.38,0.0,52.51,86,112,127,0,0,82,110,21,111,74,Nirlon Knowledge Park,Maruti Kamath,Mumbai,Sunday,6,1,December,2024-12,Q4
2024-12-30,1,4398,4398,0,280386.18,8476.42,0.0,63.75,824,2112,1462,0,0,676,1348,262,2076,1337,Nirlon Knowledge Park,Maruti Kamath,Mumbai,Monday,0,0,December,2024-12,Q4
2024-12-31,1,2977,2977,0,179787.39,4833.73,0.0,60.39,556,1278,1143,0,0,261,1280,158,1237,863,Nirlon Knowledge Park,Maruti Kamath,Mumbai,Tuesday,1,0,December,2024-12,Q4
2025-01-01,1,3001,3001,0,191977.2,5599.63,0.0,63.97,530,1444,1027,0,0,423,960,174,1410,929,Nirlon Knowledge Park,Maruti Kamath,Mumbai,Wednesday,2,0,January,2025-01,Q1
2025-01-02,1,8130,8130,0,513034.99,15491.77,0.0,63.1,1207,4271,2652,0,0,822,2574,463,4172,2732,Nirlon Knowledge Park,Maruti Kamath,Mumbai,Thursday,3,0,January,2025-01,Q1
2025-01-03,1,7864,7864,0,503187.38,15254.16,0.0,63.99,1194,4194,2476,0,0,670,2577,423,4096,2635,Nirlon Knowledge Park,Maruti Kamath,Mumbai,Friday,4,0,January,2025-01,Q1
2025-01-04,1,1260,1260,0,67231.0,1577.16,0.0,53.36,223,529,508,0,0,139,477,115,515,381,Nirlon Knowledge Park,Maruti Kamath,Mumbai,Saturday,5,1,January,2025-01,Q1
2025-01-05,1,391,391,0,21931.0,506.4,0.0,56.09,75,160,156,0,0,71,126,34,156,116,Nirlon Knowledge Park,Maruti Kamath,Mumbai,Sunday,6,1,January,2025-01,Q1
2025-01-06,1,8906,8906,0,594481.0,17632.04,0.0,66.75,1537,4529,2840,0,0,1243,2664,470,4419,2872,Nirlon Knowledge Park,Maruti Kamath,Mumbai,Monday,0,0,January,2025-01,Q1
2025-01-07,1,9791,9791,0,654413.0,19538.03,0.0,66.84,1647,5047,3097,0,0,1311,2872,561,4939,3086,Nirlon Knowledge Park,Maruti Kamath,Mumbai,Tuesday,1,0,January,2025-01,Q1
2025-01-08,1,9687,9687,0,669739.0,20327.03,0.0,69.14,1395,5203,3089,0,0,1076,2882,526,5080,3165,Nirlon Knowledge Park,Maruti Kamath,Mumbai,Wednesday,2,0,January,2025-01,Q1
2025-01-09,1,9790,9790,0,719055.5,19821.84,0.0,73.45,1639,5059,3092,0,0,1297,2860,574,4941,3060,Nirlon Knowledge Park,Maruti Kamath,Mumbai,Thursday,3,0,January,2025-01,Q1
2025-01-10,1,8658,8658,0,624889.0,17886.42,0.0,72.17,1604,4252,2802,0,0,1264,2569,573,4151,2629,Nirlon Knowledge Park,Maruti Kamath,Mumbai,Friday,4,0,January,2025-01,Q1
2025-01-11,1,1295,1295,0,74872.0,2037.77,0.0,57.82,257,590,448,0,0,222,339,144,534,390,Nirlon Knowledge Park,Maruti Kamath,Mumbai,Saturday,5,1,January,2025-01,Q1
2025-01-12,1,433,433,0,23304.0,607.21,0.0,53.82,106,182,145,0,0,105,121,25,178,138,Nirlon Knowledge Park,Maruti Kamath,Mumbai,Sunday,6,1,January,2025-01,Q1
2025-01-13,1,8510,8510,0,567658.0,16980.46,0.0,66.7,1578,4221,2711,0,0,1310,2490,489,4127,2597,Nirlon Knowledge Park,Maruti Kamath,Mumbai,Monday,0,0,January,2025-01,Q1
2025-01-14,1,3407,3407,0,197227.0,5401.52,0.0,57.89,692,1496,1219,0,0,662,1011,238,1461,967,Nirlon Knowledge Park,Maruti Kamath,Mumbai,Tuesday,1,0,January,2025-01,Q1
2025-01-15,1,10291,10291,0,720663.0,20839.72,0.0,70.03,1686,5279,3326,0,0,1382,3002,617,5172,3187,Nirlon Knowledge Park,Maruti Kamath,Mumbai,Wednesday,2,0,January,2025-01,Q1
2025-01-16,1,10297,10297,0,776144.0,23130.52,0.0,75.38,1846,5225,3226,0,0,1487,2951,615,5119,3103,Nirlon Knowledge Park,Maruti Kamath,Mumbai,Thursday,3,0,January,2025-01,Q1
2025-01-17,1,9053,9053,0,618388.0,18350.76,0.0,68.31,1641,4457,2955,0,0,1320,2732,523,4365,2648,Nirlon Knowledge Park,Maruti Kamath,Mumbai,Friday,4,0,January,2025-01,Q1
2025-01-18,1,1287,1287,0,71031.0,1880.57,0.0,55.19,239,562,486,0,0,216,394,109,549,381,Nirlon Knowledge Park,Maruti Kamath,Mumbai,Saturday,5,1,January,2025-01,Q1
2025-01-19,1,455,455,0,24688.0,641.5,0.0,54.26,97,191,167,0,0,90,136,37,188,119,Nirlon Knowledge Park,Maruti Kamath,Mumbai,Sunday,6,1,January,2025-01,Q1
2025-01-20,1,8920,8920,0,607584.0,17410.38,0.0,68.11,1489,4371,3060,0,0,1236,2753,533,4252,2425,Nirlon Knowledge Park,Maruti Kamath,Mumbai,Monday,0,0,January,2025-01,Q1
2025-01-21,1,10824,10824,0,724861.0,21224.59,0.0,66.97,1802,5445,3577,0,0,1494,3209,649,5310,2971,Nirlon Knowledge Park,Maruti Kamath,Mumbai,Tuesday,1,0,January,2025-01,Q1
2025-01-22,1,11355,11355,0,813421.0,23510.93,0.0,71.64,2028,5510,3817,0,0,1605,3504,699,5363,3216,Nirlon Knowledge Park,Maruti Kamath,Mumbai,Wednesday,2,0,January,2025-01,Q1
2025-01-23,1,9981,9981,0,680601.0,20029.15,0.0,68.19,1897,4775,3309,0,0,1541,3037,614,4658,2812,Nirlon Knowledge Park,Maruti Kamath,Mumbai,Thursday,3,0,January,2025-01,Q1
2025-01-24,1,8296,8296,0,586378.0,16697.22,0.0,70.68,1572,3822,2902,0,1,1294,2713,461,3761,2306,Nirlon Knowledge Park,Maruti Kamath,Mumbai,Friday,4,0,January,2025-01,Q1
2025-01-25,1,1015,1015,0,56971.0,1325.8,0.0,56.13,157,424,434,0,0,152,359,80,414,289,Nirlon Knowledge Park,Maruti Kamath,Mumbai,Saturday,5,1,January,2025-01,Q1
2025-01-26,1,450,450,0,21291.0,686.67,0.0,47.31,110,230,110,0,1,107,88,23,220,116,Nirlon Knowledge Park,Maruti Kamath,Mumbai,Sunday,6,1,January,2025-01,Q1
2025-01-27,1,9149,9149,0,629594.0,16107.47,0.0,68.82,1854,3703,3592,0,0,1531,3379,524,3633,2247,Nirlon Knowledge Park,Maruti Kamath,Mumbai,Monday,0,0,January,2025-01,Q1
2025-01-28,1,10308,10308,0,710748.0,18623.04,0.0,68.95,2072,4230,4006,0,0,1696,3712,661,4142,2587,Nirlon Knowledge Park,Maruti Kamath,Mumbai,Tuesday,1,0,January,2025-01,Q1
2025-01-29,1,10109,10109,0,716429.0,20199.59,0.0,70.87,2056,4488,3565,0,2,1631,3411,566,4406,2639,Nirlon Knowledge Park,Maruti Kamath,Mumbai,Wednesday,2,0,January,2025-01,Q1
2025-01-30,1,10195,10195,0,708585.25,20058.26,0.0,69.5,2005,4652,3538,0,0,1614,3360,560,4608,2710,Nirlon Knowledge Park,Maruti Kamath,Mumbai,Thursday,3,0,January,2025-01,Q1
2025-01-31,1,8717,8717,0,623138.0,17844.76,0.0,71.49,1783,3930,3004,0,0,962,3355,455,3927,2347,Nirlon Knowledge Park,Maruti Kamath,Mumbai,Friday,4,0,January,2025-01,Q1
2025-02-01,1,1267,1267,0,67385.0,1728.77,0.0,53.18,307,447,513,0,0,58,667,94,447,311,Nirlon Knowledge Park,Maruti Kamath,Mumbai,Saturday,5,1,February,2025-02,Q1
2025-02-02,1,439,439,0,23051.0,530.4,0.0,52.51,125,143,171,0,0,48,216,31,143,99,Nirlon Knowledge Park,Maruti Kamath,Mumbai,Sunday,6,1,February,2025-02,Q1
2025-02-03,1,9256,9256,0,614335.0,18640.18,0.0,66.37,1790,4316,3150,0,0,761,3609,560,4316,2546,Nirlon Knowledge Park,Maruti Kamath,Mumbai,Monday,0,0,February,2025-02,Q1
2025-02-04,1,10074,10074,0,679596.0,20641.03,0.0,67.46,1933,4793,3348,0,0,797,3851,620,4793,2819,Nirlon Knowledge Park,Maruti Kamath,Mumbai,Tuesday,1,0,February,2025-02,Q1
2025-02-05,1,10389,10389,0,760465.0,21662.29,0.0,73.2,2068,4830,3491,0,0,984,3985,571,4830,2850,Nirlon Knowledge Park,Maruti Kamath,Mumbai,Wednesday,2,0,February,2025-02,Q1
2025-02-06,1,10303,10303,0,708704.0,21875.48,0.0,68.79,2166,4812,3325,0,0,1358,3550,578,4812,2795,Nirlon Knowledge Park,Maruti Kamath,Mumbai,Thursday,3,0,February,2025-02,Q1
2025-02-07,1,8383,8383,0,581035.0,17382.7,0.0,69.31,1795,3738,2850,0,0,974,3160,503,3738,2274,Nirlon Knowledge Park,Maruti Kamath,Mumbai,Friday,4,0,February,2025-02,Q1
2025-02-08,1,1361,1361,0,77609.0,2039.37,0.0,57.02,310,525,526,0,1,127,561,141,525,330,Nirlon Knowledge Park,Maruti Kamath,Mumbai,Saturday,5,1,February,2025-02,Q1
2025-02-09,1,555,555,0,29879.0,818.57,0.0,53.84,165,221,169,0,0,19,268,46,221,129,Nirlon Knowledge Park,Maruti Kamath,Mumbai,Sunday,6,1,February,2025-02,Q1
2025-02-10,1,9188,9188,0,614041.0,20132.42,0.0,66.83,1718,4298,3172,0,0,764,3521,602,4298,2576,Nirlon Knowledge Park,Maruti Kamath,Mumbai,Monday,0,0,February,2025-02,Q1
2025-02-11,1,10374,10374,0,707527.0,24219.9,0.0,68.2,2002,4925,3447,0,0,1109,3706,626,4925,3000,Nirlon Knowledge Park,Maruti Kamath,Mumbai,Tuesday,1,0,February,2025-02,Q1
2025-02-12,1,10466,10466,0,804660.0,25176.88,0.0,76.88,2026,4859,3581,0,0,956,3988,656,4859,2904,Nirlon Knowledge Park,Maruti Kamath,Mumbai,Wednesday,2,0,February,2025-02,Q1
2025-02-13,1,10104,10104,0,746429.0,26108.12,0.0,73.87,1956,4704,3444,0,0,911,3848,630,4704,2828,Nirlon Knowledge Park,Maruti Kamath,Mumbai,Thursday,3,0,February,2025-02,Q1
2025-02-14,1,8426,8426,0,597923.0,20223.98,0.0,70.96,1681,3864,2881,0,0,866,3119,571,3864,2240,Nirlon Knowledge Park,Maruti Kamath,Mumbai,Friday,4,0,February,2025-02,Q1
2025-02-15,1,1192,1192,0,65609.0,1509.86,0.0,55.04,339,411,442,0,0,4,689,87,411,309,Nirlon Knowledge Park,Maruti Kamath,Mumbai,Saturday,5,1,February,2025-02,Q1
2025-02-16,1,425,425,0,22109.0,526.46,0.0,52.02,140,135,150,0,0,14,246,30,135,93,Nirlon Knowledge Park,Maruti Kamath,Mumbai,Sunday,6,1,February,2025-02,Q1
2025-02-17,1,7834,7834,0,587736.0,20224.14,0.0,75.02,1539,3646,2649,0,0,326,3320,535,3646,2297,Nirlon Knowledge Park,Maruti Kamath,Mumbai,Monday,0,0,February,2025-02,Q1
2025-02-18,1,9730,9730,0,726029.0,24927.7,0.0,74.62,1803,4609,3318,0,0,581,3830,693,4609,2858,Nirlon Knowledge Park,Maruti Kamath,Mumbai,Tuesday,1,0,February,2025-02,Q1
2025-02-19,1,10097,10097,0,818040.0,27507.58,0.0,81.02,1901,4852,3344,0,0,1027,3535,669,4852,2914,Nirlon Knowledge Park,Maruti Kamath,Mumbai,Wednesday,2,0,February,2025-02,Q1
2025-02-20,1,10083,10083,0,756420.0,26727.37,0.0,75.02,1975,4634,3474,0,0,1006,3713,713,4634,2831,Nirlon Knowledge Park,Maruti Kamath,Mumbai,Thursday,3,0,February,2025-02,Q1
2025-02-21,1,8614,8614,0,657227.0,22985.55,0.0,76.3,1724,3890,3000,0,0,846,3302,563,3890,2389,Nirlon Knowledge Park,Maruti Kamath,Mumbai,Friday,4,0,February,2025-02,Q1
2025-02-22,1,1155,1155,0,71180.0,2498.52,0.0,61.63,284,449,422,0,0,13,557,133,449,303,Nirlon Knowledge Park,Maruti Kamath,Mumbai,Saturday,5,1,February,2025-02,Q1
2025-02-23,1,390,390,0,22973.0,536.73,0.0,58.91,105,137,148,0,0,6,218,29,137,95,Nirlon Knowledge Park,Maruti Kamath,Mumbai,Sunday,6,1,February,2025-02,Q1
2025-02-24,1,8653,8653,0,649971.0,22377.95,0.0,75.12,1654,4053,2946,0,1,798,3204,590,4053,2536,Nirlon Knowledge Park,Maruti Kamath,Mumbai,Monday,0,0,February,2025-02,Q1
2025-02-25,1,10343,10343,0,783360.0,27176.07,0.0,75.74,1958,5062,3323,0,0,845,3774,650,5062,3006,Nirlon Knowledge Park,Maruti Kamath,Mumbai,Tuesday,1,0,February,2025-02,Q1
2025-02-26,1,8852,8852,0,645601.0,21817.38,0.0,72.93,1612,4240,3000,0,0,878,3122,602,4240,2559,Nirlon Knowledge Park,Maruti Kamath,Mumbai,Wednesday,2,0,February,2025-02,Q1
2025-02-27,1,9972,9972,0,767735.0,26653.56,0.0,76.99,1892,4861,3219,0,0,1057,3387,657,4861,2959,Nirlon Knowledge Park,Maruti Kamath,Mumbai,Thursday,3,0,February,2025-02,Q1
2025-02-28,1,8914,8914,0,709900.0,27056.95,0.0,79.64,1691,4344,2879,0,0,954,3020,584,4344,2678,Nirlon Knowledge Park,Maruti Kamath,Mumbai,Friday,4,0,February,2025-02,Q1
2025-03-01,1,1085,1085,0,65212.0,2711.79,0.0,60.1,249,405,431,0,0,26,570,84,405,316,Nirlon Knowledge Park,Maruti Kamath,Mumbai,Saturday,5,1,March,2025-03,Q1
2025-03-02,1,407,407,0,22937.0,899.01,0.0,56.36,111,145,151,0,0,33,193,36,145,98,Nirlon Knowledge Park,Maruti Kamath,Mumbai,Sunday,6,1,March,2025-03,Q1
2025-03-03,1,8925,8925,0,676189.0,29167.66,0.0,75.76,1724,4307,2894,0,0,803,3269,544,4307,2721,Nirlon Knowledge Park,Maruti Kamath,Mumbai,Monday,0,0,March,2025-03,Q1
2025-03-04,1,10043,10043,0,736979.0,32714.01,0.0,73.38,1762,4869,3412,0,0,909,3599,664,4869,2947,Nirlon Knowledge Park,Maruti Kamath,Mumbai,Tuesday,1,0,March,2025-03,Q1
2025-03-05,1,10390,10390,0,866647.0,40524.12,0.0,83.41,1767,4944,3679,0,0,887,3924,635,4944,3003,Nirlon Knowledge Park,Maruti Kamath,Mumbai,Wednesday,2,0,March,2025-03,Q1
2025-03-06,1,10127,10127,0,764058.0,35402.62,0.0,75.45,1837,4779,3511,0,0,1025,3738,585,4779,2895,Nirlon Knowledge Park,Maruti Kamath,Mumbai,Thursday,3,0,March,2025-03,Q1
2025-03-07,1,9202,9202,0,717370.0,33321.58,0.0,77.96,1792,4350,3060,0,0,875,3444,533,4350,2649,Nirlon Knowledge Park,Maruti Kamath,Mumbai,Friday,4,0,March,2025-03,Q1
2025-03-08,1,1139,1139,0,74115.0,3445.47,0.0,65.07,231,416,492,0,0,76,538,109,416,305,Nirlon Knowledge Park,Maruti Kamath,Mumbai,Saturday,5,1,March,2025-03,Q1
2025-03-09,1,473,473,0,26503.0,1198.9,0.0,56.03,129,150,194,0,0,9,265,49,150,103,Nirlon Knowledge Park,Maruti Kamath,Mumbai,Sunday,6,1,March,2025-03,Q1
2025-03-10,1,8923,8923,0,636999.0,29800.29,0.0,71.39,1652,4129,3142,0,0,798,3472,524,4129,2541,Nirlon Knowledge Park,Maruti Kamath,Mumbai,Monday,0,0,March,2025-03,Q1
2025-03-11,1,10215,10215,0,755266.0,35243.41,0.0,73.94,1846,4886,3483,0,0,928,3732,669,4886,2989,Nirlon Knowledge Park,Maruti Kamath,Mumbai,Tuesday,1,0,March,2025-03,Q1
2025-03-12,1,10494,10494,0,864626.0,40372.93,0.0,82.39,1963,4960,3571,0,0,1031,3843,660,4960,2834,Nirlon Knowledge Park,Maruti Kamath,Mumbai,Wednesday,2,0,March,2025-03,Q1
2025-03-13,1,9027,9027,0,690394.0,32011.62,0.0,76.48,1756,3980,3291,0,0,889,3564,594,3980,2290,Nirlon Knowledge Park,Maruti Kamath,Mumbai,Thursday,3,0,March,2025-03,Q1
2025-03-14,1,2678,2678,0,170206.0,7901.63,0.0,63.56,590,1020,1068,0,0,127,1363,168,1020,623,Nirlon Knowledge Park,Maruti Kamath,Mumbai,Friday,4,0,March,2025-03,Q1
2025-03-15,1,923,923,0,51849.0,2389.61,0.0,56.17,238,313,372,0,0,52,491,67,313,228,Nirlon Knowledge Park,Maruti Kamath,Mumbai,Saturday,5,1,March,2025-03,Q1
2025-03-16,1,456,456,0,23361.0,1062.09,0.0,51.23,133,169,154,0,0,28,230,29,169,111,Nirlon Knowledge Park,Maruti Kamath,Mumbai,Sunday,6,1,March,2025-03,Q1
2025-03-17,1,8800,8800,0,642415.0,30041.1,0.0,73.0,1613,4139,3048,0,0,812,3340,509,4139,2468,Nirlon Knowledge Park,Maruti Kamath,Mumbai,Monday,0,0,March,2025-03,Q1
2025-03-18,1,10295,10295,0,772086.0,35979.99,0.0,75.0,1949,4726,3620,0,0,956,3927,686,4726,2814,Nirlon Knowledge Park,Maruti Kamath,Mumbai,Tuesday,1,0,March,2025-03,Q1
2025-03-19,1,10541,10541,0,802309.0,37073.04,0.0,76.11,1930,4738,3873,0,0,1112,3994,697,4738,2829,Nirlon Knowledge Park,Maruti Kamath,Mumbai,Wednesday,2,0,March,2025-03,Q1
2025-03-20,1,10452,10452,0,787393.0,36637.09,0.0,75.33,1996,4634,3822,0,0,1243,3909,666,4634,2759,Nirlon Knowledge Park,Maruti Kamath,Mumbai,Thursday,3,0,March,2025-03,Q1
2025-03-21,1,8747,8747,0,677108.0,31391.39,0.0,77.41,1734,3902,3111,0,0,1013,3280,552,3902,2390,Nirlon Knowledge Park,Maruti Kamath,Mumbai,Friday,4,0,March,2025-03,Q1
2025-03-22,1,1160,1160,0,68597.0,3165.8,0.0,59.14,255,411,494,0,0,122,521,106,411,290,Nirlon Knowledge Park,Maruti Kamath,Mumbai,Saturday,5,1,March,2025-03,Q1
2025-03-23,1,473,473,0,25142.0,1142.47,0.0,53.15,132,147,194,0,0,44,240,42,147,111,Nirlon Knowledge Park,Maruti Kamath,Mumbai,Sunday,6,1,March,2025-03,Q1
2025-03-24,1,9101,9101,0,667593.0,31284.2,0.0,73.35,1678,4175,3248,0,0,948,3361,617,4175,2606,Nirlon Knowledge Park,Maruti Kamath,Mumbai,Monday,0,0,March,2025-03,Q1
2025-03-25,1,10328,10328,0,774070.0,36173.63,0.0,74.95,1956,4760,3612,0,0,1000,3878,690,4760,2871,Nirlon Knowledge Park,Maruti Kamath,Mumbai,Tuesday,1,0,March,2025-03,Q1
2025-03-26,1,10695,10695,0,820659.0,38293.75,0.0,76.73,1822,5004,3869,0,0,1076,3863,752,5004,2848,Nirlon Knowledge Park,Maruti Kamath,Mumbai,Wednesday,2,0,March,2025-03,Q1
2025-03-27,1,9428,9428,0,710854.0,33053.82,0.0,75.4,1864,4226,3338,0,0,1011,3571,620,4226,2598,Nirlon Knowledge Park,Maruti Kamath,Mumbai,Thursday,3,0,March,2025-03,Q1
2025-03-28,1,7642,7642,0,606202.0,27977.54,0.0,79.33,1609,3303,2730,0,0,647,3174,518,3303,2062,Nirlon Knowledge Park,Maruti Kamath,Mumbai,Friday,4,0,March,2025-03,Q1
2025-03-29,1,1095,1095,0,65635.0,3018.13,0.0,59.94,262,381,452,0,0,110,535,69,381,283,Nirlon Knowledge Park,Maruti Kamath,Mumbai,Saturday,5,1,March,2025-03,Q1
2025-03-30,1,398,398,0,22178.0,1015.4,0.0,55.72,92,127,179,0,0,21,217,33,127,94,Nirlon Knowledge Park,Maruti Kamath,Mumbai,Sunday,6,1,March,2025-03,Q1
2025-03-31,1,2641,2641,0,159471.0,7386.6,0.0,60.38,599,1089,953,0,0,334,1073,145,1089,703,Nirlon Knowledge Park,Maruti Kamath,Mumbai,Monday,0,0,March,2025-03,Q1
2025-04-01,1,5560,5445,82,391003.0,18212.22,0.0,71.81,1038,2499,2023,0,0,499,2189,373,2499,1771,Nirlon Knowledge Park,Maruti Kamath,Mumbai,Tuesday,1,0,April,2025-04,Q2
2024-04-01,2,8877,8877,0,566754.5,2558.64,19.04,63.85,210,7279,1388,0,0,0,1258,340,7122,4144,Embassy Tech Village,Sandel Kumar Rathinam Gobi,Bengaluru,Monday,0,0,April,2024-04,Q2
2024-04-02,2,10342,10342,0,654881.25,2869.34,0.0,63.32,232,8686,1424,0,0,0,1278,378,8531,5039,Embassy Tech Village,Sandel Kumar Rathinam Gobi,Bengaluru,Tuesday,1,0,April,2024-04,Q2
2024-04-03,2,10073,10073,0,648340.15,3405.26,0.0,64.36,273,8381,1419,0,0,0,1356,336,8008,4925,Embassy Tech Village,Sandel Kumar Rathinam Gobi,Bengaluru,Wednesday,2,0,April,2024-04,Q2
2024-04-04,2,9943,9943,0,643263.2,3713.64,0.0,64.7,270,8353,1320,0,0,0,1253,337,8074,4930,Embassy Tech Village,Sandel Kumar Rathinam Gobi,Bengaluru,Thursday,3,0,April,2024-04,Q2
2024-04-05,2,8305,8305,0,556322.9,3915.36,0.0,66.99,274,6730,1301,0,0,0,1230,345,6418,4007,Embassy Tech Village,Sandel Kumar Rathinam Gobi,Bengaluru,Friday,4,0,April,2024-04,Q2
2024-04-06,2,831,831,0,43536.8,0.0,0.0,52.39,0,628,203,0,0,0,156,47,583,429,Embassy Tech Village,Sandel Kumar Rathinam Gobi,Bengaluru,Saturday,5,1,April,2024-04,Q2
2024-04-07,2,187,187,0,9622.0,0.0,0.0,51.45,0,135,52,0,0,0,46,6,131,109,Embassy Tech Village,Sandel Kumar Rathinam Gobi,Bengaluru,Sunday,6,1,April,2024-04,Q2
2024-04-08,2,9083,9083,0,596224.2,3181.16,19.05,65.64,244,7728,1111,0,0,0,1064,291,7519,4560,Embassy Tech Village,Sandel Kumar Rathinam Gobi,Bengaluru,Monday,0,0,April,2024-04,Q2
2024-04-09,2,3841,3841,0,235119.75,970.67,0.0,61.21,79,3306,456,0,0,0,419,116,3209,1970,Embassy Tech Village,Sandel Kumar Rathinam Gobi,Bengaluru,Tuesday,1,0,April,2024-04,Q2
2024-04-10,2,10271,10271,0,640881.65,2172.55,0.0,62.4,172,8787,1312,0,0,0,1155,329,8199,4661,Embassy Tech Village,Sandel Kumar Rathinam Gobi,Bengaluru,Wednesday,2,0,April,2024-04,Q2
2024-04-11,2,3883,3883,0,241575.09,1531.26,0.0,62.21,128,2807,948,0,0,0,978,98,2656,1653,Embassy Tech Village,Sandel Kumar Rathinam Gobi,Bengaluru,Thursday,3,0,April,2024-04,Q2
2024-04-12,2,7740,7740,0,499462.55,2616.86,0.0,64.53,235,6214,1291,0,0,1,1216,309,5961,3564,Embassy Tech Village,Sandel Kumar Rathinam Gobi,Bengaluru,Friday,4,0,April,2024-04,Q2
2024-04-13,2,894,894,0,47614.5,0.0,0.0,53.26,0,678,216,0,0,0,177,39,565,412,Embassy Tech Village,Sandel Kumar Rathinam Gobi,Bengaluru,Saturday,5,1,April,2024-04,Q2
2024-04-14,2,182,182,0,9851.0,0.0,0.0,54.13,0,126,56,0,0,0,51,5,123,90,Embassy Tech Village,Sandel Kumar Rathinam Gobi,Bengaluru,Sunday,6,1,April,2024-04,Q2
2024-04-15,2,10212,10212,0,656381.7,2511.08,0.0,64.28,228,8425,1559,0,0,0,1404,383,7992,4720,Embassy Tech Village,Sandel Kumar Rathinam Gobi,Bengaluru,Monday,0,0,April,2024-04,Q2
2024-04-16,2,11032,11032,0,716541.37,3012.36,0.0,64.95,268,8979,1785,0,0,3,1640,410,8588,5130,Embassy Tech Village,Sandel Kumar Rathinam Gobi,Bengaluru,Tuesday,1,0,April,2024-04,Q2
2024-04-17,2,10221,10221,0,723928.77,3386.52,0.0,70.83,311,7339,2571,0,0,0,2379,503,6933,4481,Embassy Tech Village,Sandel Kumar Rathinam Gobi,Bengaluru,Wednesday,2,0,April,2024-04,Q2
2024-04-18,2,10332,10332,0,701103.8,2844.09,0.0,67.86,256,8210,1866,0,0,0,1662,460,7837,4864,Embassy Tech Village,Sandel Kumar Rathinam Gobi,Bengaluru,Thursday,3,0,April,2024-04,Q2
2024-04-19,2,7870,7870,0,497219.85,2956.79,0.0,63.18,238,6381,1251,0,0,1,1128,360,6136,3824,Embassy Tech Village,Sandel Kumar Rathinam Gobi,Bengaluru,Friday,4,0,April,2024-04,Q2
2024-04-20,2,498,498,0,24977.0,15.0,0.0,50.15,1,373,124,0,0,0,106,19,358,297,Embassy Tech Village,Sandel Kumar Rathinam Gobi,Bengaluru,Saturday,5,1,April,2024-04,Q2
2024-04-21,2,141,141,0,6757.0,0.0,0.0,47.92,0,101,40,0,0,0,36,4,91,68,Embassy Tech Village,Sandel Kumar Rathinam Gobi,Bengaluru,Sunday,6,1,April,2024-04,Q2
2024-04-22,2,10342,10342,0,670111.55,2577.15,0.0,64.8,239,8574,1529,0,0,0,1395,373,8258,4919,Embassy Tech Village,Sandel Kumar Rathinam Gobi,Bengaluru,Monday,0,0,April,2024-04,Q2
2024-04-23,2,11248,11248,0,728976.7,3143.16,0.0,64.81,272,9380,1596,0,0,0,1450,418,8985,5385,Embassy Tech Village,Sandel Kumar Rathinam Gobi,Bengaluru,Tuesday,1,0,April,2024-04,Q2
2024-04-24,2,10963,10963,0,740695.2,3301.03,0.0,67.56,291,9191,1481,0,0,0,1363,409,8790,5327,Embassy Tech Village,Sandel Kumar Rathinam Gobi,Bengaluru,Wednesday,2,0,April,2024-04,Q2
2024-04-25,2,9198,9198,0,605698.44,2530.59,0.0,65.85,245,7596,1357,0,0,0,1223,379,7305,4376,Embassy Tech Village,Sandel Kumar Rathinam Gobi,Bengaluru,Thursday,3,0,April,2024-04,Q2
2024-04-26,2,351,351,0,17725.25,0.0,0.0,50.5,0,299,52,0,0,0,42,10,289,240,Embassy Tech Village,Sandel Kumar Rathinam Gobi,Bengaluru,Friday,4,0,April,2024-04,Q2
2024-04-27,2,366,366,0,17065.0,0.0,0.0,46.63,0,276,90,0,0,0,79,11,266,196,Embassy Tech Village,Sandel Kumar Rathinam Gobi,Bengaluru,Saturday,5,1,April,2024-04,Q2
2024-04-28,2,165,165,0,7612.0,0.0,0.0,46.13,0,105,60,0,0,0,50,10,99,85,Embassy Tech Village,Sandel Kumar Rathinam Gobi,Bengaluru,Sunday,6,1,April,2024-04,Q2
2024-04-29,2,9983,9983,0,652662.25,2347.29,0.0,65.38,226,8141,1616,0,0,0,1487,355,7757,4648,Embassy Tech Village,Sandel Kumar Rathinam Gobi,Bengaluru,Monday,0,0,April,2024-04,Q2
2024-04-30,2,10561,10561,0,689648.8,2773.56,0.0,65.3,254,8853,1454,0,0,0,1374,334,8537,5094,Embassy Tech Village,Sandel Kumar Rathinam Gobi,Bengaluru,Tuesday,1,0,April,2024-04,Q2
2024-05-01,2,4479,4479,0,290069.6,1506.22,0.0,64.76,128,3756,595,0,0,0,583,140,3633,2183,Embassy Tech Village,Sandel Kumar Rathinam Gobi,Bengaluru,Wednesday,2,0,May,2024-05,Q2
2024-05-02,2,10371,10371,0,690772.85,2649.8,0.0,66.61,247,8284,1840,0,0,0,1718,369,7881,4865,Embassy Tech Village,Sandel Kumar Rathinam Gobi,Bengaluru,Thursday,3,0,May,2024-05,Q2
2024-05-03,2,8770,8770,0,594802.87,2996.19,0.0,67.82,251,7251,1268,0,0,0,1211,308,6964,4166,Embassy Tech Village,Sandel Kumar Rathinam Gobi,Bengaluru,Friday,4,0,May,2024-05,Q2
2024-05-04,2,721,721,0,35455.0,8.58,0.0,49.17,2,562,157,0,0,0,125,34,533,397,Embassy Tech Village,Sandel Kumar Rathinam Gobi,Bengaluru,Saturday,5,1,May,2024-05,Q2
2024-05-05,2,210,210,0,9785.0,0.0,0.0,46.6,0,153,57,0,0,0,51,6,145,105,Embassy Tech Village,Sandel Kumar Rathinam Gobi,Bengaluru,Sunday,6,1,May,2024-05,Q2
2024-05-06,2,10376,10376,0,677541.9,2691.86,0.0,65.3,249,8732,1395,0,0,0,1303,341,8359,4932,Embassy Tech Village,Sandel Kumar Rathinam Gobi,Bengaluru,Monday,0,0,May,2024-05,Q2
2024-05-07,2,10737,10737,0,716551.55,2898.33,0.0,66.74,249,9079,1409,0,0,0,1311,347,8709,5275,Embassy Tech Village,Sandel Kumar Rathinam Gobi,Bengaluru,Tuesday,1,0,May,2024-05,Q2
2024-05-08,2,11030,11030,0,732792.52,3137.51,0.0,66.44,265,9065,1700,0,0,2,1589,374,8560,5198,Embassy Tech Village,Sandel Kumar Rathinam Gobi,Bengaluru,Wednesday,2,0,May,2024-05,Q2
2024-05-09,2,10296,10296,0,675854.95,2942.94,0.0,65.64,268,8537,1491,0,0,0,1372,387,8212,4868,Embassy Tech Village,Sandel Kumar Rathinam Gobi,Bengaluru,Thursday,3,0,May,2024-05,Q2
2024-05-10,2,8010,8010,0,548241.75,3475.58,0.0,68.44,276,6406,1328,0,0,0,1255,349,6161,3743,Embassy Tech Village,Sandel Kumar Rathinam Gobi,Bengaluru,Friday,4,0,May,2024-05,Q2
2024-05-11,2,640,640,0,31607.65,0.0,0.0,49.39,0,558,82,0,0,0,64,18,530,414,Embassy Tech Village,Sandel Kumar Rathinam Gobi,Bengaluru,Saturday,5,1,May,2024-05,Q2
2024-05-12,2,199,199,0,9169.0,0.0,0.0,46.08,0,146,53,0,0,0,46,7,138,109,Embassy Tech Village,Sandel Kumar Rathinam Gobi,Bengaluru,Sunday,6,1,May,2024-05,Q2
2024-05-13,2,9672,9672,0,623915.67,2223.63,0.0,64.51,204,7820,1648,0,2,0,1492,358,7534,4625,Embassy Tech Village,Sandel Kumar Rathinam Gobi,Bengaluru,Monday,0,0,May,2024-05,Q2
2024-05-14,2,10809,10809,0,708174.7,3360.59,0.0,65.52,270,9080,1459,0,0,1,1340,388,8752,5310,Embassy Tech Village,Sandel Kumar Rathinam Gobi,Bengaluru,Tuesday,1,0,May,2024-05,Q2
2024-05-15,2,11062,11062,0,731900.9,2834.63,0.0,66.16,239,9415,1408,0,0,0,1310,337,9069,5475,Embassy Tech Village,Sandel Kumar Rathinam Gobi,Bengaluru,Wednesday,2,0,May,2024-05,Q2
2024-05-16,2,10111,10111,0,670336.54,3294.1,0.0,66.3,269,8449,1393,0,0,0,1328,334,8138,4932,Embassy Tech Village,Sandel Kumar Rathinam Gobi,Bengaluru,Thursday,3,0,May,2024-05,Q2
2024-05-17,2,8204,8204,0,543454.35,2570.06,0.0,66.24,211,6776,1217,0,0,0,1085,343,6544,4037,Embassy Tech Village,Sandel Kumar Rathinam Gobi,Bengaluru,Friday,4,0,May,2024-05,Q2
2024-05-18,2,714,714,0,34154.0,7.14,0.0,47.83,2,544,168,0,0,0,138,32,522,398,Embassy Tech Village,Sandel Kumar Rathinam Gobi,Bengaluru,Saturday,5,1,May,2024-05,Q2
2024-05-19,2,204,204,0,8650.0,0.0,0.0,42.4,0,163,41,0,0,0,32,9,154,110,Embassy Tech Village,Sandel Kumar Rathinam Gobi,Bengaluru,Sunday,6,1,May,2024-05,Q2
2024-05-20,2,10079,10079,0,657118.05,3011.89,0.0,65.2,266,8506,1307,0,0,1,1222,350,8221,4979,Embassy Tech Village,Sandel Kumar Rathinam Gobi,Bengaluru,Monday,0,0,May,2024-05,Q2
2024-05-21,2,10898,10898,0,702012.8,2602.0,0.0,64.42,246,9328,1324,0,0,0,1176,394,8980,5455,Embassy Tech Village,Sandel Kumar Rathinam Gobi,Bengaluru,Tuesday,1,0,May,2024-05,Q2
2024-05-22,2,11067,11067,0,731468.99,2711.08,0.0,66.09,237,9602,1228,0,0,0,1232,233,9152,5497,Embassy Tech Village,Sandel Kumar Rathinam Gobi,Bengaluru,Wednesday,2,0,May,2024-05,Q2
2024-05-23,2,10057,10057,0,659455.55,2800.89,0.0,65.57,258,8335,1464,0,0,1,1344,377,7991,4847,Embassy Tech Village,Sandel Kumar Rathinam Gobi,Bengaluru,Thursday,3,0,May,2024-05,Q2
2024-05-24,2,8236,8236,0,546777.85,2811.62,0.0,66.39,232,6904,1100,0,0,0,1014,318,6685,4131,Embassy Tech Village,Sandel Kumar Rathinam Gobi,Bengaluru,Friday,4,0,May,2024-05,Q2
2024-05-25,2,770,770,0,37930.0,0.0,0.0,49.26,0,634,136,0,0,0,108,28,607,439,Embassy Tech Village,Sandel Kumar Rathinam Gobi,Bengaluru,Saturday,5,1,May,2024-05,Q2
2024-05-26,2,215,215,0,9786.0,0.0,0.0,45.52,0,158,57,0,0,0,53,4,148,118,Embassy Tech Village,Sandel Kumar Rathinam Gobi,Bengaluru,Sunday,6,1,May,2024-05,Q2
2024-05-27,2,6808,6808,0,439107.32,1877.67,0.0,64.5,161,5718,929,0,0,0,842,248,5562,3467,Embassy Tech Village,Sandel Kumar Rathinam Gobi,Bengaluru,Monday,0,0,May,2024-05,Q2
2024-05-28,2,10233,10233,0,653583.55,2776.68,0.0,63.87,244,8717,1272,0,0,0,1157,359,8365,5121,Embassy Tech Village,Sandel Kumar Rathinam Gobi,Bengaluru,Tuesday,1,0,May,2024-05,Q2
2024-05-29,2,10705,10705,0,702102.05,2683.17,0.0,65.59,229,9164,1312,0,0,0,1201,340,8696,5380,Embassy Tech Village,Sandel Kumar Rathinam Gobi,Bengaluru,Wednesday,2,0,May,2024-05,Q2
2024-05-30,2,9843,9843,0,821211.9,3109.61,0.0,83.43,261,8345,1237,0,0,0,1145,353,8091,4954,Embassy Tech Village,Sandel Kumar Rathinam Gobi,Bengaluru,Thursday,3,0,May,2024-05,Q2
2024-05-31,2,8142,8142,0,556955.59,2829.41,0.0,68.41,247,6648,1247,0,0,0,1182,312,6342,4023,Embassy Tech Village,Sandel Kumar Rathinam Gobi,Bengaluru,Friday,4,0,May,2024-05,Q2
2024-06-01,2,803,803,0,41380.5,0.48,0.0,51.53,1,642,160,0,0,0,128,33,629,474,Embassy Tech Village,Sandel Kumar Rathinam Gobi,Bengaluru,Saturday,5,1,June,2024-06,Q2
2024-06-02,2,169,169,0,8851.0,0.0,0.0,52.37,0,117,52,0,0,0,42,10,111,96,Embassy Tech Village,Sandel Kumar Rathinam Gobi,Bengaluru,Sunday,6,1,June,2024-06,Q2
2024-06-03,2,9604,9604,0,619159.85,2369.49,0.0,64.47,209,8151,1244,0,0,0,1103,350,7838,4795,Embassy Tech Village,Sandel Kumar Rathinam Gobi,Bengaluru,Monday,0,0,June,2024-06,Q2
2024-06-04,2,9927,9927,0,654249.65,2408.66,0.0,65.91,221,8534,1172,0,0,0,1064,329,8098,4863,Embassy Tech Village,Sandel Kumar Rathinam Gobi,Bengaluru,Tuesday,1,0,June,2024-06,Q2
2024-06-05,2,12673,12673,0,858891.25,2327.85,0.0,67.77,213,11174,1286,0,0,0,1174,325,10644,5951,Embassy Tech Village,Sandel Kumar Rathinam Gobi,Bengaluru,Wednesday,2,0,June,2024-06,Q2
2024-06-06,2,9850,9850,0,657541.0,2575.66,0.0,66.76,224,8426,1200,0,0,0,1075,349,8084,4917,Embassy Tech Village,Sandel Kumar Rathinam Gobi,Bengaluru,Thursday,3,0,June,2024-06,Q2
2024-06-07,2,8724,8724,0,581424.35,2758.79,0.0,66.65,250,7361,1113,0,0,0,1051,312,7097,4308,Embassy Tech Village,Sandel Kumar Rathinam Gobi,Bengaluru,Friday,4,0,June,2024-06,Q2
2024-06-08,2,795,795,0,43222.05,7.14,0.0,54.37,1,658,136,0,0,0,106,31,631,480,Embassy Tech Village,Sandel Kumar Rathinam Gobi,Bengaluru,Saturday,5,1,June,2024-06,Q2
2024-06-09,2,197,197,0,9365.0,0.0,0.0,47.54,0,142,55,0,0,0,47,8,135,109,Embassy Tech Village,Sandel Kumar Rathinam Gobi,Bengaluru,Sunday,6,1,June,2024-06,Q2
2024-06-10,2,9063,9063,0,603217.3,2851.06,0.0,66.56,255,7027,1781,0,0,0,1704,332,6681,4396,Embassy Tech Village,Sandel Kumar Rathinam Gobi,Bengaluru,Monday,0,0,June,2024-06,Q2
2024-06-11,2,10608,10608,0,696728.04,3073.28,0.0,65.68,256,8569,1783,0,0,0,1672,367,8104,5109,Embassy Tech Village,Sandel Kumar Rathinam Gobi,Bengaluru,Tuesday,1,0,June,2024-06,Q2
2024-06-12,2,10528,10528,0,698361.72,2705.66,0.0,66.33,229,8886,1413,0,0,1,1306,335,8516,5231,Embassy Tech Village,Sandel Kumar Rathinam Gobi,Bengaluru,Wednesday,2,0,June,2024-06,Q2
2024-06-13,2,9985,9985,0,668790.5,2943.83,0.0,66.98,251,8471,1263,0,0,0,1173,341,8105,4939,Embassy Tech Village,Sandel Kumar Rathinam Gobi,Bengaluru,Thursday,3,0,June,2024-06,Q2
2024-06-14,2,8268,8268,0,548988.45,3006.38,0.0,66.4,243,6978,1047,0,0,0,1011,279,6748,4191,Embassy Tech Village,Sandel Kumar Rathinam Gobi,Bengaluru,Friday,4,0,June,2024-06,Q2
2024-06-15,2,808,808,0,46863.0,17.86,0.0,58.0,2,639,167,0,0,0,136,33,615,456,Embassy Tech Village,Sandel Kumar Rathinam Gobi,Bengaluru,Saturday,5,1,June,2024-06,Q2
2024-06-16,2,218,218,0,10406.0,0.0,0.0,47.73,0,163,55,0,0,0,48,7,155,126,Embassy Tech Village,Sandel Kumar Rathinam Gobi,Bengaluru,Sunday,6,1,June,2024-06,Q2
2024-06-17,2,9310,9310,0,583803.75,2557.4,0.0,62.71,223,7978,1109,0,0,1,1017,314,7718,4641,Embassy Tech Village,Sandel Kumar Rathinam Gobi,Bengaluru,Monday,0,0,June,2024-06,Q2
2024-06-18,2,10421,10421,0,664692.24,2896.54,0.0,63.78,246,8958,1217,0,0,0,1108,355,8648,5272,Embassy Tech Village,Sandel Kumar Rathinam Gobi,Bengaluru,Tuesday,1,0,June,2024-06,Q2
2024-06-19,2,8140,8140,0,531982.3,2273.69,0.0,65.35,192,6925,1023,0,0,0,914,301,6679,4220,Embassy Tech Village,Sandel Kumar Rathinam Gobi,Bengaluru,Wednesday,2,0,June,2024-06,Q2
2024-06-20,2,9895,9895,0,649523.5,2469.72,0.0,65.64,219,8481,1195,0,0,0,1043,371,8179,4960,Embassy Tech Village,Sandel Kumar Rathinam Gobi,Bengaluru,Thursday,3,0,June,2024-06,Q2
2024-06-21,2,8876,8876,0,600870.02,3059.93,0.0,67.7,244,7580,1052,0,0,0,962,334,7253,4406,Embassy Tech Village,Sandel Kumar Rathinam Gobi,Bengaluru,Friday,4,0,June,2024-06,Q2
2024-06-22,2,788,788,0,39687.25,11.43,0.0,50.36,2,654,132,0,0,1,108,25,630,486,Embassy Tech Village,Sandel Kumar Rathinam Gobi,Bengaluru,Saturday,5,1,June,2024-06,Q2
2024-06-23,2,224,224,0,10315.0,0.0,0.0,46.05,0,176,48,0,0,0,47,1,169,130,Embassy Tech Village,Sandel Kumar Rathinam Gobi,Bengaluru,Sunday,6,1,June,2024-06,Q2
2024-06-24,2,10231,10231,0,646464.45,2476.54,0.0,63.19,217,8840,1174,0,0,0,1053,338,8504,5127,Embassy Tech Village,Sandel Kumar Rathinam Gobi,Bengaluru,Monday,0,0,June,2024-06,Q2
2024-06-25,2,10798,10798,0,682590.4,2363.23,0.0,63.21,232,9402,1164,0,0,0,1066,330,8998,5540,Embassy Tech Village,Sandel Kumar Rathinam Gobi,Bengaluru,Tuesday,1,0,June,2024-06,Q2
2024-06-26,2,10574,10574,0,683510.85,2288.94,0.0,64.64,221,9219,1134,0,0,0,1008,347,8836,5375,Embassy Tech Village,Sandel Kumar Rathinam Gobi,Bengaluru,Wednesday,2,0,June,2024-06,Q2
2024-06-27,2,9795,9795,0,676752.3,1832.81,0.0,69.09,164,8629,1002,0,0,0,899,267,8225,5014,Embassy Tech Village,Sandel Kumar Rathinam Gobi,Bengaluru,Thursday,3,0,June,2024-06,Q2
2024-06-28,2,7778,7778,0,515242.5,2322.65,0.0,66.24,178,6772,828,0,0,0,800,206,6572,4054,Embassy Tech Village,Sandel Kumar Rathinam Gobi,Bengaluru,Friday,4,0,June,2024-06,Q2
2024-06-29,2,755,755,0,38828.0,7.86,0.0,51.43,2,621,132,0,0,0,109,25,609,463,Embassy Tech Village,Sandel Kumar Rathinam Gobi,Bengaluru,Saturday,5,1,June,2024-06,Q2
2024-06-30,2,217,217,0,9899.0,0.0,0.0,45.62,0,164,53,0,0,0,47,6,161,130,Embassy Tech Village,Sandel Kumar Rathinam Gobi,Bengaluru,Sunday,6,1,June,2024-06,Q2
2024-07-01,2,9728,9728,0,619564.15,1218.99,0.0,63.69,138,8523,1067,0,0,0,893,312,8220,5120,Embassy Tech Village,Sandel Kumar Rathinam Gobi,Bengaluru,Monday,0,0,July,2024-07,Q3
2024-07-02,2,10981,10981,0,711185.75,2430.37,0.0,64.77,213,9556,1212,0,0,0,1115,310,9203,5657,Embassy Tech Village,Sandel Kumar Rathinam Gobi,Bengaluru,Tuesday,1,0,July,2024-07,Q3
2024-07-03,2,11027,11027,0,717550.6,2442.79,0.0,65.07,198,9578,1251,0,0,0,1096,353,9227,5580,Embassy Tech Village,Sandel Kumar Rathinam Gobi,Bengaluru,Wednesday,2,0,July,2024-07,Q3
2024-07-04,2,7639,7639,0,499006.6,1767.99,0.0,65.32,155,6533,951,0,0,0,834,272,6309,3991,Embassy Tech Village,Sandel Kumar Rathinam Gobi,Bengaluru,Thursday,3,0,July,2024-07,Q3
2024-07-05,2,8161,8161,0,541197.05,2487.48,0.0,66.32,200,7030,931,0,0,0,855,276,6777,4088,Embassy Tech Village,Sandel Kumar Rathinam Gobi,Bengaluru,Friday,4,0,July,2024-07,Q3
2024-07-06,2,694,694,0,34274.0,0.0,0.0,49.39,0,552,142,0,0,0,121,21,533,420,Embassy Tech Village,Sandel Kumar Rathinam Gobi,Bengaluru,Saturday,5,1,July,2024-07,Q3
2024-07-07,2,189,189,0,9004.0,0.0,0.0,47.64,0,136,53,0,0,0,47,6,133,103,Embassy Tech Village,Sandel Kumar Rathinam Gobi,Bengaluru,Sunday,6,1,July,2024-07,Q3
2024-07-08,2,9956,9956,0,638058.05,1517.98,0.0,64.09,157,8659,1140,0,0,0,995,302,8333,5158,Embassy Tech Village,Sandel Kumar Rathinam Gobi,Bengaluru,Monday,0,0,July,2024-07,Q3
2024-07-09,2,10689,10689,0,689017.7,2489.13,0.0,64.46,234,9331,1124,0,0,0,1062,296,8915,5445,Embassy Tech Village,Sandel Kumar Rathinam Gobi,Bengaluru,Tuesday,1,0,July,2024-07,Q3
2024-07-10,2,10881,10881,0,712329.77,2716.61,0.0,65.47,234,9530,1117,0,0,0,1042,309,7859,5534,Embassy Tech Village,Sandel Kumar Rathinam Gobi,Bengaluru,Wednesday,2,0,July,2024-07,Q3
2024-07-11,2,10268,10268,0,668701.1,2365.04,0.0,65.12,221,8963,1084,0,0,0,984,321,7259,5158,Embassy Tech Village,Sandel Kumar Rathinam Gobi,Bengaluru,Thursday,3,0,July,2024-07,Q3
2024-07-12,2,8689,8689,0,587800.3,1702.23,0.0,67.65,164,7443,1082,0,0,0,973,273,6171,4376,Embassy Tech Village,Sandel Kumar Rathinam Gobi,Bengaluru,Friday,4,0,July,2024-07,Q3
2024-07-13,2,896,896,0,45918.95,0.0,0.0,51.25,0,762,134,0,0,0,97,37,577,479,Embassy Tech Village,Sandel Kumar Rathinam Gobi,Bengaluru,Saturday,5,1,July,2024-07,Q3
2024-07-14,2,235,235,0,10684.0,0.0,0.0,45.46,0,172,63,0,0,0,57,6,138,134,Embassy Tech Village,Sandel Kumar Rathinam Gobi,Bengaluru,Sunday,6,1,July,2024-07,Q3
2024-07-15,2,9643,9643,0,620668.8,854.39,0.0,64.36,75,8258,1310,0,0,0,1048,337,6606,4717,Embassy Tech Village,Sandel Kumar Rathinam Gobi,Bengaluru,Monday,0,0,July,2024-07,Q3
2024-07-16,2,11405,11405,0,742824.05,1451.31,0.0,65.13,96,10017,1292,0,0,0,1039,349,7754,5489,Embassy Tech Village,Sandel Kumar Rathinam Gobi,Bengaluru,Tuesday,1,0,July,2024-07,Q3
2024-07-17,2,10740,10740,0,695522.6,654.38,0.0,64.76,51,9392,1297,0,0,0,979,369,7666,5374,Embassy Tech Village,Sandel Kumar Rathinam Gobi,Bengaluru,Wednesday,2,0,July,2024-07,Q3
2024-07-18,2,10253,10253,0,672183.47,497.04,0.0,65.56,47,9040,1166,0,0,0,868,345,7368,5249,Embassy Tech Village,Sandel Kumar Rathinam Gobi,Bengaluru,Thursday,3,0,July,2024-07,Q3
2024-07-19,2,8060,8060,0,550240.3,353.49,0.0,68.27,38,7197,825,0,0,0,582,281,5966,4317,Embassy Tech Village,Sandel Kumar Rathinam Gobi,Bengaluru,Friday,4,0,July,2024-07,Q3
2024-07-20,2,613,613,0,31612.0,0.0,0.0,51.57,0,506,107,0,0,0,96,11,422,390,Embassy Tech Village,Sandel Kumar Rathinam Gobi,Bengaluru,Saturday,5,1,July,2024-07,Q3
2024-07-21,2,153,153,0,6528.0,0.0,0.0,42.67,0,105,48,0,0,0,45,3,83,89,Embassy Tech Village,Sandel Kumar Rathinam Gobi,Bengaluru,Sunday,6,1,July,2024-07,Q3
2024-07-22,2,10148,10148,0,639814.8,408.2,0.0,63.05,31,9043,1074,0,0,0,800,305,7341,5291,Embassy Tech Village,Sandel Kumar Rathinam Gobi,Bengaluru,Monday,0,0,July,2024-07,Q3
2024-07-23,2,10913,10913,0,704277.7,2422.63,0.0,64.54,161,9692,1060,0,0,0,912,309,7928,5668,Embassy Tech Village,Sandel Kumar Rathinam Gobi,Bengaluru,Tuesday,1,0,July,2024-07,Q3
2024-07-24,2,10915,10915,0,761800.3,2855.76,0.0,69.79,202,9648,1065,0,0,0,948,319,7915,5666,Embassy Tech Village,Sandel Kumar Rathinam Gobi,Bengaluru,Wednesday,2,0,July,2024-07,Q3
2024-07-25,2,10162,10162,0,663500.02,2416.82,0.0,65.29,193,8942,1027,0,0,0,876,344,7148,5240,Embassy Tech Village,Sandel Kumar Rathinam Gobi,Bengaluru,Thursday,3,0,July,2024-07,Q3
2024-07-26,2,8777,8777,0,594482.09,2406.53,0.0,67.73,198,7652,927,0,0,0,816,309,6243,4546,Embassy Tech Village,Sandel Kumar Rathinam Gobi,Bengaluru,Friday,4,0,July,2024-07,Q3
2024-07-27,2,776,776,0,38979.45,3.57,0.0,50.23,1,646,129,0,0,0,110,20,516,464,Embassy Tech Village,Sandel Kumar Rathinam Gobi,Bengaluru,Saturday,5,1,July,2024-07,Q3
2024-07-28,2,297,297,0,11803.0,0.0,0.0,39.74,0,242,55,0,0,0,51,4,201,163,Embassy Tech Village,Sandel Kumar Rathinam Gobi,Bengaluru,Sunday,6,1,July,2024-07,Q3
2024-07-29,2,10072,10072,0,632257.79,1782.59,0.0,62.77,147,8903,1022,0,0,0,876,293,7245,5264,Embassy Tech Village,Sandel Kumar Rathinam Gobi,Bengaluru,Monday,0,0,July,2024-07,Q3
2024-07-30,2,10838,10838,0,717869.45,2641.33,0.0,66.24,224,9224,1390,0,0,0,1117,497,7316,5427,Embassy Tech Village,Sandel Kumar Rathinam Gobi,Bengaluru,Tuesday,1,0,July,2024-07,Q3
2024-07-31,2,12145,12145,0,813118.8,2317.9,0.0,66.95,188,10769,1188,0,0,0,1026,350,8698,6015,Embassy Tech Village,Sandel Kumar Rathinam Gobi,Bengaluru,Wednesday,2,0,July,2024-07,Q3
2024-08-01,2,10612,10612,0,686220.9,2423.1,0.0,64.66,203,9284,1125,0,0,0,973,355,7443,5419,Embassy Tech Village,Sandel Kumar Rathinam Gobi,Bengaluru,Thursday,3,0,August,2024-08,Q3
2024-08-02,2,8975,8975,0,600649.85,2461.95,0.0,66.92,189,7821,965,0,0,0,849,305,6296,4622,Embassy Tech Village,Sandel Kumar Rathinam Gobi,Bengaluru,Friday,4,0,August,2024-08,Q3
2024-08-03,2,731,731,0,36118.0,4.29,0.0,49.41,1,622,108,0,0,0,84,25,510,454,Embassy Tech Village,Sandel Kumar Rathinam Gobi,Bengaluru,Saturday,5,1,August,2024-08,Q3
2024-08-04,2,208,208,0,8572.0,0.0,0.0,41.21,0,166,42,0,0,0,30,12,143,115,Embassy Tech Village,Sandel Kumar Rathinam Gobi,Bengaluru,Sunday,6,1,August,2024-08,Q3
2024-08-05,2,10161,10161,0,649588.9,2447.56,0.0,63.93,203,8869,1089,0,0,0,978,314,7148,5221,Embassy Tech Village,Sandel Kumar Rathinam Gobi,Bengaluru,Monday,0,0,August,2024-08,Q3
2024-08-06,2,11695,11695,0,772969.9,3082.62,0.0,66.09,237,10080,1378,0,0,0,1234,381,7999,5879,Embassy Tech Village,Sandel Kumar Rathinam Gobi,Bengaluru,Tuesday,1,0,August,2024-08,Q3
2024-08-07,2,13349,13348,1,1097926.15,2769.78,0.0,82.25,210,11932,1207,0,0,0,1061,356,9367,6407,Embassy Tech Village,Sandel Kumar Rathinam Gobi,Bengaluru,Wednesday,2,0,August,2024-08,Q3
2024-08-08,2,11655,11655,0,931920.6,2382.33,0.0,79.96,207,10417,1031,0,0,0,902,336,8264,5680,Embassy Tech Village,Sandel Kumar Rathinam Gobi,Bengaluru,Thursday,3,0,August,2024-08,Q3
2024-08-09,2,8815,8815,0,582448.75,2416.41,0.0,66.07,205,7682,928,0,0,0,843,290,6131,4487,Embassy Tech Village,Sandel Kumar Rathinam Gobi,Bengaluru,Friday,4,0,August,2024-08,Q3
2024-08-10,2,945,945,0,46245.0,0.0,0.0,48.94,0,783,162,0,0,0,118,44,617,527,Embassy Tech Village,Sandel Kumar Rathinam Gobi,Bengaluru,Saturday,5,1,August,2024-08,Q3
2024-08-11,2,259,259,0,11880.0,0.0,0.0,45.87,0,202,57,0,0,0,53,4,163,140,Embassy Tech Village,Sandel Kumar Rathinam Gobi,Bengaluru,Sunday,6,1,August,2024-08,Q3
2024-08-12,2,9654,9654,0,609881.5,1866.07,0.0,63.17,180,8486,988,0,0,0,876,292,6817,5013,Embassy Tech Village,Sandel Kumar Rathinam Gobi,Bengaluru,Monday,0,0,August,2024-08,Q3
2024-08-13,2,10761,10761,0,702796.0,2191.63,0.0,65.31,201,9587,973,0,0,0,869,305,7585,5658,Embassy Tech Village,Sandel Kumar Rathinam Gobi,Bengaluru,Tuesday,1,0,August,2024-08,Q3
2024-08-14,2,10089,10089,0,674879.74,3024.39,0.0,66.89,212,8964,913,0,0,0,841,284,7215,5286,Embassy Tech Village,Sandel Kumar Rathinam Gobi,Bengaluru,Wednesday,2,0,August,2024-08,Q3
2024-08-15,2,3556,3556,0,228051.4,1029.33,0.0,64.13,74,3167,315,0,0,0,312,77,2568,1848,Embassy Tech Village,Sandel Kumar Rathinam Gobi,Bengaluru,Thursday,3,0,August,2024-08,Q3
2024-08-16,2,5934,5934,0,376328.8,1947.28,0.0,63.42,145,5221,568,0,0,0,519,194,4184,2993,Embassy Tech Village,Sandel Kumar Rathinam Gobi,Bengaluru,Friday,4,0,August,2024-08,Q3
2024-08-17,2,550,550,0,29084.25,463.34,0.0,52.88,0,466,84,0,0,0,69,15,373,364,Embassy Tech Village,Sandel Kumar Rathinam Gobi,Bengaluru,Saturday,5,1,August,2024-08,Q3
2024-08-18,2,214,214,0,10474.0,286.88,0.0,48.94,0,160,54,0,0,0,47,7,131,124,Embassy Tech Village,Sandel Kumar Rathinam Gobi,Bengaluru,Sunday,6,1,August,2024-08,Q3
2024-08-19,2,8036,8036,0,504890.2,19890.54,0.0,62.83,146,7084,806,0,0,0,727,225,5776,4236,Embassy Tech Village,Sandel Kumar Rathinam Gobi,Bengaluru,Monday,0,0,August,2024-08,Q3
2024-08-20,2,10175,10175,0,647870.8,26138.91,0.0,63.67,190,9023,962,0,1,0,837,314,7394,5381,Embassy Tech Village,Sandel Kumar Rathinam Gobi,Bengaluru,Tuesday,1,0,August,2024-08,Q3
2024-08-21,2,10720,10720,0,683993.5,27609.89,0.0,63.81,184,9531,1005,0,0,0,850,339,7706,5582,Embassy Tech Village,Sandel Kumar Rathinam Gobi,Bengaluru,Wednesday,2,0,August,2024-08,Q3
2024-08-22,2,9469,9469,0,621407.02,24232.6,0.0,65.63,214,8042,1213,0,1,0,1092,334,6487,4855,Embassy Tech Village,Sandel Kumar Rathinam Gobi,Bengaluru,Thursday,3,0,August,2024-08,Q3
2024-08-23,2,8785,8785,0,575147.15,22988.69,0.0,65.47,219,7722,844,0,0,0,800,263,6139,4486,Embassy Tech Village,Sandel Kumar Rathinam Gobi,Bengaluru,Friday,4,0,August,2024-08,Q3
2024-08-24,2,809,809,0,41875.0,1327.97,0.0,51.76,2,691,116,0,0,1,77,40,534,502,Embassy Tech Village,Sandel Kumar Rathinam Gobi,Bengaluru,Saturday,5,1,August,2024-08,Q3
2024-08-25,2,213,213,0,10392.0,317.8,0.0,48.79,0,162,51,0,0,0,49,2,126,135,Embassy Tech Village,Sandel Kumar Rathinam Gobi,Bengaluru,Sunday,6,1,August,2024-08,Q3
2024-08-26,2,9354,9354,0,574294.7,22110.18,0.0,61.4,152,8194,1008,0,0,0,883,277,6623,4823,Embassy Tech Village,Sandel Kumar Rathinam Gobi,Bengaluru,Monday,0,0,August,2024-08,Q3
2024-08-27,2,11003,11003,0,696346.15,27476.68,0.0,63.29,152,9827,1024,0,0,0,841,335,7859,5762,Embassy Tech Village,Sandel Kumar Rathinam Gobi,Bengaluru,Tuesday,1,0,August,2024-08,Q3
2024-08-28,2,10765,10765,0,685438.75,27034.51,0.0,63.67,200,9535,1030,0,0,0,884,346,7606,5620,Embassy Tech Village,Sandel Kumar Rathinam Gobi,Bengaluru,Wednesday,2,0,August,2024-08,Q3
2024-08-29,2,10095,10095,0,656698.5,25431.93,0.0,65.05,198,8770,1127,0,0,0,994,331,6946,5208,Embassy Tech Village,Sandel Kumar Rathinam Gobi,Bengaluru,Thursday,3,0,August,2024-08,Q3
2024-08-30,2,10067,10067,0,777857.15,29891.5,0.0,77.27,148,9118,801,0,0,0,724,225,7197,4804,Embassy Tech Village,Sandel Kumar Rathinam Gobi,Bengaluru,Friday,4,0,August,2024-08,Q3
2024-08-31,2,637,637,0,32393.2,1077.87,0.0,50.85,0,563,74,0,0,0,61,13,473,449,Embassy Tech Village,Sandel Kumar Rathinam Gobi,Bengaluru,Saturday,5,1,August,2024-08,Q3
2024-09-01,2,211,211,0,10698.0,364.47,0.0,50.7,0,175,36,0,0,0,29,7,138,122,Embassy Tech Village,Sandel Kumar Rathinam Gobi,Bengaluru,Sunday,6,1,September,2024-09,Q3
2024-09-02,2,7392,7392,0,477096.1,18921.91,0.0,64.54,168,6407,817,0,0,0,744,241,5096,3858,Embassy Tech Village,Sandel Kumar Rathinam Gobi,Bengaluru,Monday,0,0,September,2024-09,Q3
2024-09-03,2,10489,10489,0,671670.52,26971.21,0.0,64.04,202,9322,965,0,0,0,866,301,7464,5512,Embassy Tech Village,Sandel Kumar Rathinam Gobi,Bengaluru,Tuesday,1,0,September,2024-09,Q3
2024-09-04,2,10792,10792,0,700606.84,26833.9,0.0,64.92,214,9419,1159,0,0,0,1062,311,7596,5600,Embassy Tech Village,Sandel Kumar Rathinam Gobi,Bengaluru,Wednesday,2,0,September,2024-09,Q3
2024-09-05,2,9726,9726,0,633138.4,24896.42,0.0,65.1,213,8564,949,0,0,0,850,312,6893,5003,Embassy Tech Village,Sandel Kumar Rathinam Gobi,Bengaluru,Thursday,3,0,September,2024-09,Q3
2024-09-06,2,7814,7814,0,508123.6,20375.16,0.0,65.03,196,6919,699,0,0,0,688,207,5578,3941,Embassy Tech Village,Sandel Kumar Rathinam Gobi,Bengaluru,Friday,4,0,September,2024-09,Q3
2024-09-07,2,581,581,0,27201.55,986.05,0.0,46.82,1,519,61,0,0,1,48,13,430,401,Embassy Tech Village,Sandel Kumar Rathinam Gobi,Bengaluru,Saturday,5,1,September,2024-09,Q3
2024-09-08,2,186,186,0,8211.0,256.43,0.0,44.15,0,148,38,0,0,0,37,1,117,107,Embassy Tech Village,Sandel Kumar Rathinam Gobi,Bengaluru,Sunday,6,1,September,2024-09,Q3
2024-09-09,2,10264,10264,0,753641.35,29417.61,0.0,73.43,187,9104,973,0,0,0,903,257,7265,5499,Embassy Tech Village,Sandel Kumar Rathinam Gobi,Bengaluru,Monday,0,0,September,2024-09,Q3
2024-09-10,2,10390,10390,0,747122.5,29231.48,0.0,71.91,197,9254,939,0,0,0,851,285,7432,5718,Embassy Tech Village,Sandel Kumar Rathinam Gobi,Bengaluru,Tuesday,1,0,September,2024-09,Q3
2024-09-11,2,9606,9606,0,665678.3,25224.63,0.0,69.3,172,8537,897,0,0,0,811,258,6806,5426,Embassy Tech Village,Sandel Kumar Rathinam Gobi,Bengaluru,Wednesday,2,0,September,2024-09,Q3
2024-09-12,2,9202,9202,0,664881.05,25893.37,0.0,72.25,200,8117,885,0,0,0,805,280,6504,5033,Embassy Tech Village,Sandel Kumar Rathinam Gobi,Bengaluru,Thursday,3,0,September,2024-09,Q3
2024-09-13,2,8883,8883,0,650973.6,24790.38,0.0,73.28,211,7915,757,0,0,0,721,247,6342,4824,Embassy Tech Village,Sandel Kumar Rathinam Gobi,Bengaluru,Friday,4,0,September,2024-09,Q3
2024-09-14,2,801,801,0,41932.0,1398.98,0.0,52.35,2,687,112,0,0,0,98,16,561,491,Embassy Tech Village,Sandel Kumar Rathinam Gobi,Bengaluru,Saturday,5,1,September,2024-09,Q3
2024-09-15,2,225,225,0,10941.0,341.84,0.0,48.63,0,181,44,0,0,0,36,8,155,136,Embassy Tech Village,Sandel Kumar Rathinam Gobi,Bengaluru,Sunday,6,1,September,2024-09,Q3
2024-09-16,2,9441,9441,0,588732.9,23264.37,0.0,62.36,142,8387,912,0,0,0,816,238,6686,4914,Embassy Tech Village,Sandel Kumar Rathinam Gobi,Bengaluru,Monday,0,0,September,2024-09,Q3
2024-09-17,2,11010,11010,0,697955.6,28159.7,0.0,63.39,219,9820,971,0,0,0,885,305,7669,5585,Embassy Tech Village,Sandel Kumar Rathinam Gobi,Bengaluru,Tuesday,1,0,September,2024-09,Q3
2024-09-18,2,10922,10922,0,2701735.9,122988.84,0.0,247.37,217,9616,1089,0,0,0,971,335,7579,5627,Embassy Tech Village,Sandel Kumar Rathinam Gobi,Bengaluru,Wednesday,2,0,September,2024-09,Q3
2024-09-19,2,10270,10270,0,663045.1,26103.64,0.0,64.56,188,9177,905,0,0,0,780,313,7176,5331,Embassy Tech Village,Sandel Kumar Rathinam Gobi,Bengaluru,Thursday,3,0,September,2024-09,Q3
2024-09-20,2,8977,8977,0,590466.9,22943.72,0.0,65.78,205,7845,927,0,0,0,810,322,6284,4678,Embassy Tech Village,Sandel Kumar Rathinam Gobi,Bengaluru,Friday,4,0,September,2024-09,Q3
2024-09-21,2,838,838,0,41246.0,1376.62,0.0,49.22,0,745,93,0,0,0,75,18,613,519,Embassy Tech Village,Sandel Kumar Rathinam Gobi,Bengaluru,Saturday,5,1,September,2024-09,Q3
2024-09-22,2,253,253,0,11635.75,380.51,0.0,45.99,0,204,49,0,0,0,42,7,173,147,Embassy Tech Village,Sandel Kumar Rathinam Gobi,Bengaluru,Sunday,6,1,September,2024-09,Q3
2024-09-23,2,10249,10249,0,645972.2,25393.78,0.0,63.03,199,8979,1071,0,0,0,929,341,7094,5290,Embassy Tech Village,Sandel Kumar Rathinam Gobi,Bengaluru,Monday,0,0,September,2024-09,Q3
2024-09-24,2,10828,10828,0,681551.0,27303.24,0.0,62.94,215,9566,1047,0,0,0,918,344,7601,5616,Embassy Tech Village,Sandel Kumar Rathinam Gobi,Bengaluru,Tuesday,1,0,September,2024-09,Q3
2024-09-25,2,11073,11073,0,702023.0,28547.91,0.0,63.4,203,9782,1088,0,0,0,943,348,7650,5676,Embassy Tech Village,Sandel Kumar Rathinam Gobi,Bengaluru,Wednesday,2,0,September,2024-09,Q3
2024-09-26,2,10149,10149,0,655230.2,26244.24,0.0,64.56,211,8909,1029,0,0,0,855,385,7061,5142,Embassy Tech Village,Sandel Kumar Rathinam Gobi,Bengaluru,Thursday,3,0,September,2024-09,Q3
2024-09-27,2,8805,8805,0,578344.98,23061.72,0.0,65.68,192,7683,930,0,0,0,849,273,6122,4525,Embassy Tech Village,Sandel Kumar Rathinam Gobi,Bengaluru,Friday,4,0,September,2024-09,Q3
2024-09-28,2,628,628,0,29036.0,937.62,0.0,46.24,0,526,102,0,0,0,86,16,431,409,Embassy Tech Village,Sandel Kumar Rathinam Gobi,Bengaluru,Saturday,5,1,September,2024-09,Q3
2024-09-29,2,196,196,0,8315.0,238.39,0.0,42.42,0,142,54,0,0,0,50,4,109,95,Embassy Tech Village,Sandel Kumar Rathinam Gobi,Bengaluru,Sunday,6,1,September,2024-09,Q3
2024-09-30,2,9806,9806,0,622391.55,25361.74,0.0,63.47,191,8708,907,0,0,0,826,272,6925,5128,Embassy Tech Village,Sandel Kumar Rathinam Gobi,Bengaluru,Monday,0,0,September,2024-09,Q3
2024-10-01,2,10057,10057,0,661022.92,27037.73,0.0,65.73,217,8923,917,0,0,0,875,259,7064,5222,Embassy Tech Village,Sandel Kumar Rathinam Gobi,Bengaluru,Tuesday,1,0,October,2024-10,Q4
2024-10-02,2,4567,4567,0,285664.8,11708.0,0.0,62.55,86,4149,332,0,0,0,339,79,3434,2327,Embassy Tech Village,Sandel Kumar Rathinam Gobi,Bengaluru,Wednesday,2,0,October,2024-10,Q4
2024-10-03,2,9517,9517,0,589911.01,24035.55,0.0,61.98,180,8434,903,0,0,0,836,247,6659,4863,Embassy Tech Village,Sandel Kumar Rathinam Gobi,Bengaluru,Thursday,3,0,October,2024-10,Q4
2024-10-04,2,8128,8128,0,523374.7,21837.47,0.0,64.39,195,7199,734,0,0,0,707,222,5668,4182,Embassy Tech Village,Sandel Kumar Rathinam Gobi,Bengaluru,Friday,4,0,October,2024-10,Q4
2024-10-05,2,851,851,0,42887.0,1401.08,0.0,50.4,0,739,112,0,0,0,93,19,594,518,Embassy Tech Village,Sandel Kumar Rathinam Gobi,Bengaluru,Saturday,5,1,October,2024-10,Q4
2024-10-06,2,257,257,0,13001.0,453.48,0.0,50.59,0,214,43,0,0,0,39,4,171,155,Embassy Tech Village,Sandel Kumar Rathinam Gobi,Bengaluru,Sunday,6,1,October,2024-10,Q4
2024-10-07,2,9224,9224,0,573449.8,23537.65,0.0,62.17,183,8198,843,0,0,0,789,237,6501,4850,Embassy Tech Village,Sandel Kumar Rathinam Gobi,Bengaluru,Monday,0,0,October,2024-10,Q4
2024-10-08,2,10377,10377,0,653673.45,26530.99,0.0,62.99,163,9351,863,0,0,0,767,259,7396,5446,Embassy Tech Village,Sandel Kumar Rathinam Gobi,Bengaluru,Tuesday,1,0,October,2024-10,Q4
2024-10-09,2,10274,10274,0,653652.1,26734.88,0.0,63.62,221,9136,917,0,0,0,837,301,7202,5251,Embassy Tech Village,Sandel Kumar Rathinam Gobi,Bengaluru,Wednesday,2,0,October,2024-10,Q4
2024-10-10,2,8938,8938,0,567831.7,23139.94,0.0,63.53,181,7968,789,0,0,0,743,227,6326,4559,Embassy Tech Village,Sandel Kumar Rathinam Gobi,Bengaluru,Thursday,3,0,October,2024-10,Q4
2024-10-11,2,6589,6589,0,423684.45,17662.18,0.0,64.3,166,5802,621,0,0,0,584,203,4649,3323,Embassy Tech Village,Sandel Kumar Rathinam Gobi,Bengaluru,Friday,4,0,October,2024-10,Q4
2024-10-12,2,694,694,0,33819.0,1128.94,0.0,48.73,0,600,94,0,0,0,76,18,487,423,Embassy Tech Village,Sandel Kumar Rathinam Gobi,Bengaluru,Saturday,5,1,October,2024-10,Q4
2024-10-13,2,201,201,0,10159.0,271.04,0.0,50.54,0,155,46,0,0,0,41,5,130,115,Embassy Tech Village,Sandel Kumar Rathinam Gobi,Bengaluru,Sunday,6,1,October,2024-10,Q4
2024-10-14,2,8746,8746,0,552574.15,22485.92,0.0,63.18,190,7795,761,0,0,0,722,229,6042,4544,Embassy Tech Village,Sandel Kumar Rathinam Gobi,Bengaluru,Monday,0,0,October,2024-10,Q4
2024-10-15,2,7480,7480,0,473611.95,19147.06,0.0,63.32,172,6664,644,0,0,0,630,186,5334,3807,Embassy Tech Village,Sandel Kumar Rathinam Gobi,Bengaluru,Tuesday,1,0,October,2024-10,Q4
2024-10-16,2,5821,5821,0,368357.3,14925.56,0.0,63.28,135,5114,572,0,0,0,545,162,4065,2854,Embassy Tech Village,Sandel Kumar Rathinam Gobi,Bengaluru,Wednesday,2,0,October,2024-10,Q4
2024-10-17,2,9623,9623,0,621457.05,25714.09,0.0,64.58,207,8583,833,0,0,0,797,243,6738,4961,Embassy Tech Village,Sandel Kumar Rathinam Gobi,Bengaluru,Thursday,3,0,October,2024-10,Q4
2024-10-18,2,8784,8784,0,588426.0,25126.46,0.0,66.99,243,7745,796,0,0,0,806,233,6060,4526,Embassy Tech Village,Sandel Kumar Rathinam Gobi,Bengaluru,Friday,4,0,October,2024-10,Q4
2024-10-19,2,900,900,0,52187.95,1480.6,0.0,57.99,2,718,180,0,0,0,147,35,579,519,Embassy Tech Village,Sandel Kumar Rathinam Gobi,Bengaluru,Saturday,5,1,October,2024-10,Q4
2024-10-20,2,269,269,0,13874.0,367.43,0.0,51.58,1,193,75,0,0,0,66,10,154,139,Embassy Tech Village,Sandel Kumar Rathinam Gobi,Bengaluru,Sunday,6,1,October,2024-10,Q4
2024-10-21,2,9212,9212,0,580648.0,23753.96,0.0,63.03,165,8267,780,0,0,0,678,267,6488,4721,Embassy Tech Village,Sandel Kumar Rathinam Gobi,Bengaluru,Monday,0,0,October,2024-10,Q4
2024-10-22,2,10499,10499,0,675622.85,27925.33,0.0,64.35,200,9348,951,0,0,0,870,281,7349,5356,Embassy Tech Village,Sandel Kumar Rathinam Gobi,Bengaluru,Tuesday,1,0,October,2024-10,Q4
2024-10-23,2,7370,7370,0,504976.95,20418.91,0.0,68.52,136,6573,661,0,0,0,555,242,5092,3718,Embassy Tech Village,Sandel Kumar Rathinam Gobi,Bengaluru,Wednesday,2,0,October,2024-10,Q4
2024-10-24,2,8493,8493,0,535762.22,22300.9,0.0,63.08,163,7609,721,0,0,0,666,218,6010,4326,Embassy Tech Village,Sandel Kumar Rathinam Gobi,Bengaluru,Thursday,3,0,October,2024-10,Q4
2024-10-25,2,7734,7734,0,495604.0,20619.98,0.0,64.08,158,6894,682,0,0,0,578,262,5363,4000,Embassy Tech Village,Sandel Kumar Rathinam Gobi,Bengaluru,Friday,4,0,October,2024-10,Q4
2024-10-26,2,766,766,0,38098.0,1243.89,0.0,49.74,0,646,120,0,0,0,95,25,523,482,Embassy Tech Village,Sandel Kumar Rathinam Gobi,Bengaluru,Saturday,5,1,October,2024-10,Q4
2024-10-27,2,193,193,0,9529.0,297.07,0.0,49.37,0,160,33,0,0,0,31,2,131,129,Embassy Tech Village,Sandel Kumar Rathinam Gobi,Bengaluru,Sunday,6,1,October,2024-10,Q4
2024-10-28,2,8468,8468,0,530197.65,21421.42,0.0,62.61,162,7500,806,0,0,0,720,248,5953,4424,Embassy Tech Village,Sandel Kumar Rathinam Gobi,Bengaluru,Monday,0,0,October,2024-10,Q4
2024-10-29,2,9040,9040,0,571839.5,23269.39,0.0,63.26,191,8079,770,0,0,0,718,243,6369,4713,Embassy Tech Village,Sandel Kumar Rathinam Gobi,Bengaluru,Tuesday,1,0,October,2024-10,Q4
2024-10-30,2,7478,7478,0,478799.0,19626.84,0.0,64.03,173,6607,698,0,0,0,689,182,5238,3891,Embassy Tech Village,Sandel Kumar Rathinam Gobi,Bengaluru,Wednesday,2,0,October,2024-10,Q4
2024-10-31,2,3743,3743,0,234432.35,9635.25,0.0,62.63,91,3300,352,0,0,0,353,90,2640,1936,Embassy Tech Village,Sandel Kumar Rathinam Gobi,Bengaluru,Thursday,3,0,October,2024-10,Q4
2024-11-01,2,1934,1934,0,112862.7,4689.17,0.0,58.36,40,1712,182,0,0,0,184,38,1392,1028,Embassy Tech Village,Sandel Kumar Rathinam Gobi,Bengaluru,Friday,4,0,November,2024-11,Q4
2024-11-02,2,624,624,0,31521.7,1043.59,0.0,50.52,0,512,112,0,0,0,90,22,414,370,Embassy Tech Village,Sandel Kumar Rathinam Gobi,Bengaluru,Saturday,5,1,November,2024-11,Q4
2024-11-03,2,211,211,0,10094.0,292.38,0.0,47.84,0,156,55,0,0,0,47,8,138,117,Embassy Tech Village,Sandel Kumar Rathinam Gobi,Bengaluru,Sunday,6,1,November,2024-11,Q4
2024-11-04,2,7873,7873,0,485462.85,19799.63,0.0,61.66,139,7008,726,0,0,0,676,189,5433,4101,Embassy Tech Village,Sandel Kumar Rathinam Gobi,Bengaluru,Monday,0,0,November,2024-11,Q4
2024-11-05,2,9366,9366,0,584582.2,25202.54,0.0,62.42,159,8395,812,0,0,0,733,238,6385,4811,Embassy Tech Village,Sandel Kumar Rathinam Gobi,Bengaluru,Tuesday,1,0,November,2024-11,Q4
2024-11-06,2,9401,9401,0,587979.2,25726.26,0.0,62.54,164,8443,794,0,0,0,728,230,6579,4947,Embassy Tech Village,Sandel Kumar Rathinam Gobi,Bengaluru,Wednesday,2,0,November,2024-11,Q4
2024-11-07,2,9004,9004,0,684523.4,25857.94,0.0,76.02,242,6192,2570,0,0,0,2432,380,4575,3155,Embassy Tech Village,Sandel Kumar Rathinam Gobi,Bengaluru,Thursday,3,0,November,2024-11,Q4
2024-11-08,2,6897,6897,0,472321.8,17407.54,0.0,68.48,225,4438,2234,0,0,0,2130,329,3268,2417,Embassy Tech Village,Sandel Kumar Rathinam Gobi,Bengaluru,Friday,4,0,November,2024-11,Q4
2024-11-09,2,716,716,0,37997.8,1254.92,0.0,53.07,0,473,243,0,0,0,215,28,353,328,Embassy Tech Village,Sandel Kumar Rathinam Gobi,Bengaluru,Saturday,5,1,November,2024-11,Q4
2024-11-10,2,203,203,0,10444.0,259.76,0.0,51.45,0,107,96,0,0,0,88,8,88,83,Embassy Tech Village,Sandel Kumar Rathinam Gobi,Bengaluru,Sunday,6,1,November,2024-11,Q4
2024-11-11,2,6423,6423,0,421729.65,15466.39,0.0,65.66,195,4342,1886,0,0,0,1804,277,3253,2445,Embassy Tech Village,Sandel Kumar Rathinam Gobi,Bengaluru,Monday,0,0,November,2024-11,Q4
2024-11-12,2,9145,9145,0,592130.6,23286.15,0.0,64.75,223,6591,2331,0,0,0,2213,341,4906,3654,Embassy Tech Village,Sandel Kumar Rathinam Gobi,Bengaluru,Tuesday,1,0,November,2024-11,Q4
2024-11-13,2,9487,9487,0,617443.65,25226.63,0.0,65.08,229,7282,1976,0,0,0,1867,338,5544,4141,Embassy Tech Village,Sandel Kumar Rathinam Gobi,Bengaluru,Wednesday,2,0,November,2024-11,Q4
2024-11-14,2,9127,9127,0,588640.1,27014.26,0.0,64.49,194,7924,1009,0,0,0,893,310,6007,4574,Embassy Tech Village,Sandel Kumar Rathinam Gobi,Bengaluru,Thursday,3,0,November,2024-11,Q4
2024-11-15,2,7676,7676,0,483281.4,21845.03,0.0,62.96,165,6689,822,0,0,0,764,223,5067,3909,Embassy Tech Village,Sandel Kumar Rathinam Gobi,Bengaluru,Friday,4,0,November,2024-11,Q4
2024-11-16,2,758,758,0,39437.0,1479.77,0.0,52.03,0,639,119,0,0,0,93,26,497,477,Embassy Tech Village,Sandel Kumar Rathinam Gobi,Bengaluru,Saturday,5,1,November,2024-11,Q4
2024-11-17,2,202,202,0,10224.0,356.28,0.0,50.61,0,154,48,0,0,0,44,4,120,123,Embassy Tech Village,Sandel Kumar Rathinam Gobi,Bengaluru,Sunday,6,1,November,2024-11,Q4
2024-11-18,2,9231,9231,0,577020.35,25748.74,0.0,62.51,160,8173,898,0,0,0,801,257,6187,4686,Embassy Tech Village,Sandel Kumar Rathinam Gobi,Bengaluru,Monday,0,0,November,2024-11,Q4
2024-11-19,2,10489,10489,0,675660.75,30634.95,0.0,64.42,250,9143,1096,0,0,0,1051,295,6913,5289,Embassy Tech Village,Sandel Kumar Rathinam Gobi,Bengaluru,Tuesday,1,0,November,2024-11,Q4
2024-11-20,2,10636,10636,0,685284.87,30431.12,0.0,64.43,249,9226,1161,0,0,0,1052,358,6978,5367,Embassy Tech Village,Sandel Kumar Rathinam Gobi,Bengaluru,Wednesday,2,0,November,2024-11,Q4
2024-11-21,2,9542,9542,0,607976.9,26580.88,0.0,63.72,220,8021,1301,0,0,0,1212,309,5981,4587,Embassy Tech Village,Sandel Kumar Rathinam Gobi,Bengaluru,Thursday,3,0,November,2024-11,Q4
2024-11-22,2,7806,7806,0,506392.0,21810.19,0.0,64.87,168,6276,1362,0,0,0,1269,261,4754,3530,Embassy Tech Village,Sandel Kumar Rathinam Gobi,Bengaluru,Friday,4,0,November,2024-11,Q4
2024-11-23,2,766,766,0,39464.0,1471.86,0.0,51.52,1,588,177,0,0,0,145,33,442,403,Embassy Tech Village,Sandel Kumar Rathinam Gobi,Bengaluru,Saturday,5,1,November,2024-11,Q4
2024-11-24,2,214,214,0,9461.0,307.33,0.0,44.21,0,134,80,0,0,0,73,7,104,102,Embassy Tech Village,Sandel Kumar Rathinam Gobi,Bengaluru,Sunday,6,1,November,2024-11,Q4
2024-11-25,2,9034,9034,0,1566525.85,72753.99,0.0,173.4,179,7527,1328,0,0,0,1218,289,5635,4168,Embassy Tech Village,Sandel Kumar Rathinam Gobi,Bengaluru,Monday,0,0,November,2024-11,Q4
2024-11-26,2,10134,10134,0,613661.55,30598.51,0.0,60.55,207,8653,1274,0,0,0,1166,315,6480,4765,Embassy Tech Village,Sandel Kumar Rathinam Gobi,Bengaluru,Tuesday,1,0,November,2024-11,Q4
2024-11-27,2,10144,10144,0,676986.15,33504.66,0.0,66.74,161,8821,1162,0,0,0,1030,293,6548,4844,Embassy Tech Village,Sandel Kumar Rathinam Gobi,Bengaluru,Wednesday,2,0,November,2024-11,Q4
2024-11-28,2,7002,7002,0,423074.6,21158.6,0.0,60.42,165,5934,903,0,0,0,836,232,4324,3447,Embassy Tech Village,Sandel Kumar Rathinam Gobi,Bengaluru,Thursday,3,0,November,2024-11,Q4
2024-11-29,2,8447,8447,0,316564.87,26722.71,0.0,37.48,188,7206,1053,0,0,0,1046,195,5091,3461,Embassy Tech Village,Sandel Kumar Rathinam Gobi,Bengaluru,Friday,4,0,November,2024-11,Q4
2024-11-30,2,888,888,0,24693.44,1798.92,0.0,27.81,2,731,155,0,0,0,135,22,528,476,Embassy Tech Village,Sandel Kumar Rathinam Gobi,Bengaluru,Saturday,5,1,November,2024-11,Q4
2024-12-01,2,275,275,0,11234.75,537.39,0.0,40.85,0,204,71,0,0,0,64,7,152,133,Embassy Tech Village,Sandel Kumar Rathinam Gobi,Bengaluru,Sunday,6,1,December,2024-12,Q4
2024-12-02,2,8095,8095,0,327027.16,24112.95,0.0,40.4,170,6914,1011,0,0,0,972,209,4897,3438,Embassy Tech Village,Sandel Kumar Rathinam Gobi,Bengaluru,Monday,0,0,December,2024-12,Q4
2024-12-03,2,10836,10836,0,483633.94,32370.75,0.0,44.63,209,9352,1275,0,0,0,1176,308,6450,5006,Embassy Tech Village,Sandel Kumar Rathinam Gobi,Bengaluru,Tuesday,1,0,December,2024-12,Q4
2024-12-04,2,12604,12604,0,700836.22,42544.66,0.0,55.6,190,11124,1290,0,0,0,1145,335,7812,5595,Embassy Tech Village,Sandel Kumar Rathinam Gobi,Bengaluru,Wednesday,2,0,December,2024-12,Q4
2024-12-05,2,10214,10214,0,548992.36,30210.92,0.0,53.75,191,8882,1141,0,0,0,1023,309,6341,4881,Embassy Tech Village,Sandel Kumar Rathinam Gobi,Bengaluru,Thursday,3,0,December,2024-12,Q4
2024-12-06,2,8416,8416,0,482840.74,25077.41,0.0,57.37,183,7211,1022,0,0,0,951,254,5140,3973,Embassy Tech Village,Sandel Kumar Rathinam Gobi,Bengaluru,Friday,4,0,December,2024-12,Q4
2024-12-07,2,873,873,0,38866.25,1723.07,0.0,44.52,0,699,174,0,0,0,162,12,531,484,Embassy Tech Village,Sandel Kumar Rathinam Gobi,Bengaluru,Saturday,5,1,December,2024-12,Q4
2024-12-08,2,319,319,0,14891.8,607.66,0.0,46.68,0,239,80,0,0,0,75,5,177,174,Embassy Tech Village,Sandel Kumar Rathinam Gobi,Bengaluru,Sunday,6,1,December,2024-12,Q4
2024-12-09,2,10094,10094,0,549162.26,29233.9,0.0,54.4,182,8746,1166,0,0,0,1073,275,6367,4860,Embassy Tech Village,Sandel Kumar Rathinam Gobi,Bengaluru,Monday,0,0,December,2024-12,Q4
2024-12-10,2,10842,10842,0,611109.97,30736.78,0.0,56.37,238,9261,1343,0,0,0,1247,334,6727,5192,Embassy Tech Village,Sandel Kumar Rathinam Gobi,Bengaluru,Tuesday,1,0,December,2024-12,Q4
2024-12-11,2,10762,10762,0,639078.09,31977.87,0.0,59.38,219,9280,1263,0,0,0,1167,315,6871,5203,Embassy Tech Village,Sandel Kumar Rathinam Gobi,Bengaluru,Wednesday,2,0,December,2024-12,Q4
2024-12-12,2,8849,8849,0,536193.66,25801.04,0.0,60.59,189,7594,1066,0,0,0,967,288,5667,4339,Embassy Tech Village,Sandel Kumar Rathinam Gobi,Bengaluru,Thursday,3,0,December,2024-12,Q4
2024-12-13,2,7992,7992,0,495422.89,23655.75,0.0,61.99,197,6796,999,0,0,0,954,242,5086,3906,Embassy Tech Village,Sandel Kumar Rathinam Gobi,Bengaluru,Friday,4,0,December,2024-12,Q4
2024-12-14,2,836,836,0,43581.3,1767.97,0.0,52.13,0,694,142,0,0,0,117,25,547,471,Embassy Tech Village,Sandel Kumar Rathinam Gobi,Bengaluru,Saturday,5,1,December,2024-12,Q4
2024-12-15,2,209,209,0,10940.05,411.96,0.0,52.34,0,155,54,0,0,0,50,4,120,117,Embassy Tech Village,Sandel Kumar Rathinam Gobi,Bengaluru,Sunday,6,1,December,2024-12,Q4
2024-12-16,2,9213,9213,0,544307.14,26060.45,0.0,59.08,169,8011,1033,0,0,0,942,260,5935,4518,Embassy Tech Village,Sandel Kumar Rathinam Gobi,Bengaluru,Monday,0,0,December,2024-12,Q4
2024-12-17,2,10099,10099,0,618255.65,28918.81,0.0,61.22,226,8685,1188,0,0,0,1117,297,6418,4978,Embassy Tech Village,Sandel Kumar Rathinam Gobi,Bengaluru,Tuesday,1,0,December,2024-12,Q4
2024-12-18,2,9248,9248,0,574412.45,27083.24,0.0,62.11,223,7979,1046,0,0,0,979,290,5971,4667,Embassy Tech Village,Sandel Kumar Rathinam Gobi,Bengaluru,Wednesday,2,0,December,2024-12,Q4
2024-12-19,2,8392,8392,0,538628.07,24827.94,0.0,64.18,186,7243,963,0,0,0,858,291,5362,4152,Embassy Tech Village,Sandel Kumar Rathinam Gobi,Bengaluru,Thursday,3,0,December,2024-12,Q4
2024-12-20,2,6455,6455,0,415697.25,19399.46,0.0,64.4,205,5496,754,0,0,0,750,209,4092,3143,Embassy Tech Village,Sandel Kumar Rathinam Gobi,Bengaluru,Friday,4,0,December,2024-12,Q4
2024-12-21,2,714,714,0,35358.0,1305.91,0.0,49.52,0,563,151,0,0,0,137,14,444,425,Embassy Tech Village,Sandel Kumar Rathinam Gobi,Bengaluru,Saturday,5,1,December,2024-12,Q4
2024-12-22,2,288,288,0,11941.3,436.74,0.0,41.46,0,214,74,0,0,0,70,4,165,136,Embassy Tech Village,Sandel Kumar Rathinam Gobi,Bengaluru,Sunday,6,1,December,2024-12,Q4
2024-12-23,2,5555,5555,0,343906.85,15937.26,0.0,61.91,140,4777,638,0,0,0,614,164,3490,2735,Embassy Tech Village,Sandel Kumar Rathinam Gobi,Bengaluru,Monday,0,0,December,2024-12,Q4
2024-12-24,2,5595,5595,0,363718.02,16586.48,0.0,65.01,143,4682,770,0,0,0,706,207,3243,2488,Embassy Tech Village,Sandel Kumar Rathinam Gobi,Bengaluru,Tuesday,1,0,December,2024-12,Q4
2024-12-25,2,704,704,0,33821.2,1493.89,0.0,48.04,6,586,112,0,0,0,96,22,489,369,Embassy Tech Village,Sandel Kumar Rathinam Gobi,Bengaluru,Wednesday,2,0,December,2024-12,Q4
2024-12-26,2,3625,3625,0,219831.42,10437.1,0.0,60.64,97,3089,439,0,0,0,444,92,2264,1819,Embassy Tech Village,Sandel Kumar Rathinam Gobi,Bengaluru,Thursday,3,0,December,2024-12,Q4
2024-12-27,2,3364,3364,0,202820.8,9448.16,0.0,60.29,104,2860,400,0,0,0,410,94,2072,1648,Embassy Tech Village,Sandel Kumar Rathinam Gobi,Bengaluru,Friday,4,0,December,2024-12,Q4
2024-12-28,2,482,482,0,21109.5,784.57,0.0,43.8,0,371,111,0,0,0,99,12,289,284,Embassy Tech Village,Sandel Kumar Rathinam Gobi,Bengaluru,Saturday,5,1,December,2024-12,Q4
2024-12-29,2,221,221,0,8404.15,299.29,0.0,38.03,0,154,67,0,0,0,66,1,125,107,Embassy Tech Village,Sandel Kumar Rathinam Gobi,Bengaluru,Sunday,6,1,December,2024-12,Q4
2024-12-30,2,4239,4239,0,263441.11,12617.44,0.0,62.15,126,3669,444,0,0,0,440,130,2670,2144,Embassy Tech Village,Sandel Kumar Rathinam Gobi,Bengaluru,Monday,0,0,December,2024-12,Q4
2024-12-31,2,2921,2921,0,177636.0,8136.72,0.0,60.81,109,2411,401,0,0,0,419,91,1810,1445,Embassy Tech Village,Sandel Kumar Rathinam Gobi,Bengaluru,Tuesday,1,0,December,2024-12,Q4
2025-01-01,2,2828,2828,0,174134.51,8138.03,0.0,61.58,85,2360,383,0,0,0,363,105,1768,1428,Embassy Tech Village,Sandel Kumar Rathinam Gobi,Bengaluru,Wednesday,2,0,January,2025-01,Q1
2025-01-02,2,8149,8149,0,502855.41,23314.12,0.0,61.71,198,7083,868,0,0,0,822,244,5247,4153,Embassy Tech Village,Sandel Kumar Rathinam Gobi,Bengaluru,Thursday,3,0,January,2025-01,Q1
2025-01-03,2,7944,7944,0,498946.1,22758.32,0.0,62.81,197,6910,837,0,0,0,801,233,5101,3947,Embassy Tech Village,Sandel Kumar Rathinam Gobi,Bengaluru,Friday,4,0,January,2025-01,Q1
2025-01-04,2,789,789,0,41625.0,1615.49,0.0,52.76,1,649,139,0,0,0,117,23,516,489,Embassy Tech Village,Sandel Kumar Rathinam Gobi,Bengaluru,Saturday,5,1,January,2025-01,Q1
2025-01-05,2,271,271,0,11545.0,424.78,0.0,42.6,0,204,67,0,0,0,60,7,159,149,Embassy Tech Village,Sandel Kumar Rathinam Gobi,Bengaluru,Sunday,6,1,January,2025-01,Q1
2025-01-06,2,10126,10126,0,659830.25,28510.97,0.0,65.16,181,8871,1074,0,0,0,950,305,6534,5278,Embassy Tech Village,Sandel Kumar Rathinam Gobi,Bengaluru,Monday,0,0,January,2025-01,Q1
2025-01-07,2,11460,11460,0,751493.0,33272.33,0.0,65.58,218,10064,1178,0,0,0,1051,345,7312,5785,Embassy Tech Village,Sandel Kumar Rathinam Gobi,Bengaluru,Tuesday,1,0,January,2025-01,Q1
2025-01-08,2,11616,11616,0,768960.4,34074.11,0.0,66.2,202,10264,1150,0,0,0,1016,336,7508,5828,Embassy Tech Village,Sandel Kumar Rathinam Gobi,Bengaluru,Wednesday,2,0,January,2025-01,Q1
2025-01-09,2,10864,10864,0,727069.0,32034.05,0.0,66.92,227,9433,1204,0,0,0,1075,356,6980,5372,Embassy Tech Village,Sandel Kumar Rathinam Gobi,Bengaluru,Thursday,3,0,January,2025-01,Q1
2025-01-10,2,9164,9164,0,615913.0,27088.72,0.0,67.21,253,7833,1078,0,0,0,1037,294,5761,4444,Embassy Tech Village,Sandel Kumar Rathinam Gobi,Bengaluru,Friday,4,0,January,2025-01,Q1
2025-01-11,2,1101,1101,0,61756.0,2463.14,0.0,56.09,0,964,137,0,0,0,106,31,740,614,Embassy Tech Village,Sandel Kumar Rathinam Gobi,Bengaluru,Saturday,5,1,January,2025-01,Q1
2025-01-12,2,338,338,0,16038.0,538.44,0.0,47.45,0,243,95,0,0,0,93,2,187,163,Embassy Tech Village,Sandel Kumar Rathinam Gobi,Bengaluru,Sunday,6,1,January,2025-01,Q1
2025-01-13,2,8941,8941,0,574063.0,25098.29,0.0,64.21,185,7769,987,0,0,0,903,269,5744,4492,Embassy Tech Village,Sandel Kumar Rathinam Gobi,Bengaluru,Monday,0,0,January,2025-01,Q1
2025-01-14,2,4114,4114,0,255073.0,11546.02,0.0,62.0,70,3689,355,0,0,0,344,81,2967,2062,Embassy Tech Village,Sandel Kumar Rathinam Gobi,Bengaluru,Tuesday,1,0,January,2025-01,Q1
2025-01-15,2,11035,11035,0,747381.0,32527.95,0.0,67.73,215,9581,1239,0,0,0,1074,380,7113,5519,Embassy Tech Village,Sandel Kumar Rathinam Gobi,Bengaluru,Wednesday,2,0,January,2025-01,Q1
2025-01-16,2,10652,10652,0,710040.0,31453.79,0.0,66.66,245,9261,1146,0,0,0,1025,366,6862,5311,Embassy Tech Village,Sandel Kumar Rathinam Gobi,Bengaluru,Thursday,3,0,January,2025-01,Q1
2025-01-17,2,8696,8696,0,573436.0,25534.81,0.0,65.94,205,7518,973,0,0,0,896,282,5533,4299,Embassy Tech Village,Sandel Kumar Rathinam Gobi,Bengaluru,Friday,4,0,January,2025-01,Q1
2025-01-18,2,849,849,0,44597.0,1777.46,0.0,52.53,1,723,125,0,0,0,112,14,559,515,Embassy Tech Village,Sandel Kumar Rathinam Gobi,Bengaluru,Saturday,5,1,January,2025-01,Q1
2025-01-19,2,293,293,0,13489.0,440.05,0.0,46.04,0,207,86,0,0,0,82,4,167,160,Embassy Tech Village,Sandel Kumar Rathinam Gobi,Bengaluru,Sunday,6,1,January,2025-01,Q1
2025-01-20,2,7599,7599,0,509855.0,22420.97,0.0,67.1,193,6437,969,0,0,0,876,286,4638,3779,Embassy Tech Village,Sandel Kumar Rathinam Gobi,Bengaluru,Monday,0,0,January,2025-01,Q1
2025-01-21,2,10506,10506,0,697369.0,30295.63,0.0,66.38,222,9052,1232,0,0,0,1134,320,6522,5289,Embassy Tech Village,Sandel Kumar Rathinam Gobi,Bengaluru,Tuesday,1,0,January,2025-01,Q1
2025-01-22,2,12449,12449,0,897732.0,38993.45,0.0,72.11,265,10790,1394,0,0,0,1227,432,7860,6204,Embassy Tech Village,Sandel Kumar Rathinam Gobi,Bengaluru,Wednesday,2,0,January,2025-01,Q1
2025-01-23,2,9921,9921,0,666598.0,29494.14,0.0,67.19,247,8634,1040,0,0,0,953,334,6185,4935,Embassy Tech Village,Sandel Kumar Rathinam Gobi,Bengaluru,Thursday,3,0,January,2025-01,Q1
2025-01-24,2,8312,8312,0,571410.0,24881.77,0.0,68.75,205,7147,960,0,0,0,882,283,5154,4119,Embassy Tech Village,Sandel Kumar Rathinam Gobi,Bengaluru,Friday,4,0,January,2025-01,Q1
2025-01-25,2,739,739,0,42047.0,1819.47,0.0,56.9,0,660,79,0,0,0,65,14,512,476,Embassy Tech Village,Sandel Kumar Rathinam Gobi,Bengaluru,Saturday,5,1,January,2025-01,Q1
2025-01-26,2,301,301,0,15898.21,699.39,0.0,52.82,0,260,41,0,0,0,37,4,196,139,Embassy Tech Village,Sandel Kumar Rathinam Gobi,Bengaluru,Sunday,6,1,January,2025-01,Q1
2025-01-27,2,10053,10053,0,687037.0,27508.92,0.0,68.34,240,8118,1695,0,0,0,1526,409,5867,4666,Embassy Tech Village,Sandel Kumar Rathinam Gobi,Bengaluru,Monday,0,0,January,2025-01,Q1
2025-01-28,2,11081,11081,0,755093.0,32034.37,0.0,68.14,261,9091,1729,0,0,0,1603,387,6767,5196,Embassy Tech Village,Sandel Kumar Rathinam Gobi,Bengaluru,Tuesday,1,0,January,2025-01,Q1
2025-01-29,2,10848,10848,0,2788165.0,129050.45,0.0,257.02,254,9180,1414,0,0,0,1276,392,6948,5216,Embassy Tech Village,Sandel Kumar Rathinam Gobi,Bengaluru,Wednesday,2,0,January,2025-01,Q1
2025-01-30,2,10684,10684,0,777441.0,33486.82,0.0,72.77,235,9188,1261,0,0,0,1132,364,6618,5080,Embassy Tech Village,Sandel Kumar Rathinam Gobi,Bengaluru,Thursday,3,0,January,2025-01,Q1
2025-01-31,2,8499,8499,0,649686.0,28568.78,0.0,76.44,193,7331,975,0,0,0,954,214,5410,4074,Embassy Tech Village,Sandel Kumar Rathinam Gobi,Bengaluru,Friday,4,0,January,2025-01,Q1
2025-02-01,2,942,942,0,70711.0,3085.52,0.0,75.06,0,820,122,0,0,0,104,18,645,486,Embassy Tech Village,Sandel Kumar Rathinam Gobi,Bengaluru,Saturday,5,1,February,2025-02,Q1
2025-02-02,2,326,326,0,21596.0,840.07,0.0,66.25,0,266,60,0,0,0,53,7,223,149,Embassy Tech Village,Sandel Kumar Rathinam Gobi,Bengaluru,Sunday,6,1,February,2025-02,Q1
2025-02-03,2,10206,10206,0,709677.0,31033.63,0.0,69.54,191,8833,1182,0,0,0,1051,322,6432,4986,Embassy Tech Village,Sandel Kumar Rathinam Gobi,Bengaluru,Monday,0,0,February,2025-02,Q1
2025-02-04,2,10976,10976,0,766350.0,33948.18,0.0,69.82,231,9600,1145,0,0,0,1050,326,7128,5417,Embassy Tech Village,Sandel Kumar Rathinam Gobi,Bengaluru,Tuesday,1,0,February,2025-02,Q1
2025-02-05,2,11381,11381,0,807399.0,35281.24,0.0,70.94,227,9856,1298,0,0,0,1147,378,7277,5604,Embassy Tech Village,Sandel Kumar Rathinam Gobi,Bengaluru,Wednesday,2,0,February,2025-02,Q1
2025-02-06,2,10372,10372,0,717642.0,31585.73,0.0,69.19,242,8996,1134,0,0,0,1030,346,6480,5031,Embassy Tech Village,Sandel Kumar Rathinam Gobi,Bengaluru,Thursday,3,0,February,2025-02,Q1
2025-02-07,2,8493,8493,0,595122.0,25748.21,0.0,70.07,217,7337,939,0,0,0,859,297,5368,4176,Embassy Tech Village,Sandel Kumar Rathinam Gobi,Bengaluru,Friday,4,0,February,2025-02,Q1
2025-02-08,2,916,916,0,50026.0,2101.87,0.0,54.61,0,839,77,0,0,0,59,18,696,509,Embassy Tech Village,Sandel Kumar Rathinam Gobi,Bengaluru,Saturday,5,1,February,2025-02,Q1
2025-02-09,2,283,283,0,14969.0,513.54,0.0,52.89,0,212,71,0,0,0,63,8,183,154,Embassy Tech Village,Sandel Kumar Rathinam Gobi,Bengaluru,Sunday,6,1,February,2025-02,Q1
2025-02-10,2,9893,9893,0,649697.0,28056.03,0.0,65.67,220,8544,1129,0,0,0,1013,336,6255,4960,Embassy Tech Village,Sandel Kumar Rathinam Gobi,Bengaluru,Monday,0,0,February,2025-02,Q1
2025-02-11,2,11243,11243,0,766519.0,33647.9,0.0,68.18,264,9760,1219,0,0,0,1127,356,7125,5607,Embassy Tech Village,Sandel Kumar Rathinam Gobi,Bengaluru,Tuesday,1,0,February,2025-02,Q1
2025-02-12,2,11077,11077,0,781023.0,34151.08,0.0,70.51,213,9663,1201,0,0,0,1027,387,7219,5414,Embassy Tech Village,Sandel Kumar Rathinam Gobi,Bengaluru,Wednesday,2,0,February,2025-02,Q1
2025-02-13,2,10517,10517,0,717041.0,32057.52,0.0,68.18,239,9160,1118,0,0,0,1046,311,6713,5065,Embassy Tech Village,Sandel Kumar Rathinam Gobi,Bengaluru,Thursday,3,0,February,2025-02,Q1
2025-02-14,2,7712,7712,0,527609.0,23186.08,0.0,68.41,184,6686,842,0,0,0,774,252,4914,3838,Embassy Tech Village,Sandel Kumar Rathinam Gobi,Bengaluru,Friday,4,0,February,2025-02,Q1
2025-02-15,2,805,805,0,44489.0,1703.33,0.0,55.27,1,675,129,0,0,0,114,16,544,471,Embassy Tech Village,Sandel Kumar Rathinam Gobi,Bengaluru,Saturday,5,1,February,2025-02,Q1
2025-02-16,2,275,275,0,16194.0,609.72,0.0,58.89,0,217,58,0,0,0,53,5,196,135,Embassy Tech Village,Sandel Kumar Rathinam Gobi,Bengaluru,Sunday,6,1,February,2025-02,Q1
2025-02-17,2,7811,7811,0,573768.0,24850.41,0.0,73.46,173,6688,950,0,0,0,843,280,4907,3927,Embassy Tech Village,Sandel Kumar Rathinam Gobi,Bengaluru,Monday,0,0,February,2025-02,Q1
2025-02-18,2,10448,10448,0,761656.0,33348.61,0.0,72.9,232,9072,1144,0,0,0,1025,351,6563,5308,Embassy Tech Village,Sandel Kumar Rathinam Gobi,Bengaluru,Tuesday,1,0,February,2025-02,Q1
2025-02-19,2,10822,10822,0,829779.0,36218.57,0.0,76.68,208,9413,1201,0,0,0,1007,402,6862,5418,Embassy Tech Village,Sandel Kumar Rathinam Gobi,Bengaluru,Wednesday,2,0,February,2025-02,Q1
2025-02-20,2,10033,10033,0,753961.0,32962.12,0.0,75.15,256,8544,1233,0,0,0,1090,399,6120,4915,Embassy Tech Village,Sandel Kumar Rathinam Gobi,Bengaluru,Thursday,3,0,February,2025-02,Q1
2025-02-21,2,8678,8678,0,683382.0,29694.67,0.0,78.75,218,7326,1134,0,0,0,980,372,5228,4234,Embassy Tech Village,Sandel Kumar Rathinam Gobi,Bengaluru,Friday,4,0,February,2025-02,Q1
2025-02-22,2,936,936,0,56922.0,2302.16,0.0,60.81,1,805,130,0,0,0,109,22,646,498,Embassy Tech Village,Sandel Kumar Rathinam Gobi,Bengaluru,Saturday,5,1,February,2025-02,Q1
2025-02-23,2,252,252,0,17114.0,712.01,0.0,67.91,0,199,53,0,0,0,52,1,156,139,Embassy Tech Village,Sandel Kumar Rathinam Gobi,Bengaluru,Sunday,6,1,February,2025-02,Q1
2025-02-24,2,9870,9870,0,721628.0,30933.89,0.0,73.11,203,8425,1242,0,0,0,1047,398,6159,4860,Embassy Tech Village,Sandel Kumar Rathinam Gobi,Bengaluru,Monday,0,0,February,2025-02,Q1
2025-02-25,2,10971,10971,0,874895.0,38498.34,0.0,79.75,241,9419,1311,0,0,0,1141,411,6888,5473,Embassy Tech Village,Sandel Kumar Rathinam Gobi,Bengaluru,Tuesday,1,0,February,2025-02,Q1
2025-02-26,2,9776,9776,0,725092.0,31561.36,0.0,74.17,217,8290,1269,0,0,0,1091,395,6089,4673,Embassy Tech Village,Sandel Kumar Rathinam Gobi,Bengaluru,Wednesday,2,0,February,2025-02,Q1
2025-02-27,2,10352,10352,0,803717.0,35433.98,0.0,77.64,211,8875,1266,0,0,0,1064,413,6426,5070,Embassy Tech Village,Sandel Kumar Rathinam Gobi,Bengaluru,Thursday,3,0,February,2025-02,Q1
2025-02-28,2,8676,8676,0,693631.0,30302.03,0.0,79.95,207,7415,1054,0,0,0,947,314,5402,4286,Embassy Tech Village,Sandel Kumar Rathinam Gobi,Bengaluru,Friday,4,0,February,2025-02,Q1
2025-03-01,2,864,864,0,53591.0,2219.98,0.0,62.03,0,739,125,0,0,0,110,15,588,493,Embassy Tech Village,Sandel Kumar Rathinam Gobi,Bengaluru,Saturday,5,1,March,2025-03,Q1
2025-03-02,2,228,228,0,11957.0,446.99,0.0,52.44,0,175,53,0,0,0,50,3,150,129,Embassy Tech Village,Sandel Kumar Rathinam Gobi,Bengaluru,Sunday,6,1,March,2025-03,Q1
2025-03-03,2,10125,10125,0,751752.0,32414.86,0.0,74.25,230,8620,1275,0,0,0,1180,325,6272,5000,Embassy Tech Village,Sandel Kumar Rathinam Gobi,Bengaluru,Monday,0,0,March,2025-03,Q1
2025-03-04,2,12205,12205,0,908609.0,40816.38,0.0,74.45,272,9971,1962,0,0,0,1611,621,7245,5518,Embassy Tech Village,Sandel Kumar Rathinam Gobi,Bengaluru,Tuesday,1,0,March,2025-03,Q1
2025-03-05,2,11725,11725,0,924990.0,42427.69,0.0,78.89,247,9474,2004,0,0,0,1570,673,6975,5489,Embassy Tech Village,Sandel Kumar Rathinam Gobi,Bengaluru,Wednesday,2,0,March,2025-03,Q1
2025-03-06,2,11373,11373,0,851912.0,39161.9,0.0,74.91,246,9307,1820,0,0,0,1495,571,6734,5317,Embassy Tech Village,Sandel Kumar Rathinam Gobi,Bengaluru,Thursday,3,0,March,2025-03,Q1
2025-03-07,2,9516,9516,0,733116.0,33836.07,0.0,77.04,226,7856,1434,0,0,0,1211,445,5778,4442,Embassy Tech Village,Sandel Kumar Rathinam Gobi,Bengaluru,Friday,4,0,March,2025-03,Q1
2025-03-08,2,1014,1014,0,60877.0,2775.27,0.0,60.04,0,804,210,0,0,0,174,36,658,522,Embassy Tech Village,Sandel Kumar Rathinam Gobi,Bengaluru,Saturday,5,1,March,2025-03,Q1
2025-03-09,2,337,337,0,20103.0,778.55,0.0,59.65,0,210,127,0,0,0,115,12,166,149,Embassy Tech Village,Sandel Kumar Rathinam Gobi,Bengaluru,Sunday,6,1,March,2025-03,Q1
2025-03-10,2,10945,10945,0,815325.0,38048.41,0.0,74.49,262,9052,1631,0,0,0,1372,519,6589,5293,Embassy Tech Village,Sandel Kumar Rathinam Gobi,Bengaluru,Monday,0,0,March,2025-03,Q1
2025-03-11,2,11701,11701,0,867009.0,40905.53,0.0,74.1,276,9497,1928,0,0,0,1609,594,6922,5512,Embassy Tech Village,Sandel Kumar Rathinam Gobi,Bengaluru,Tuesday,1,0,March,2025-03,Q1
2025-03-12,2,11168,11168,0,864233.0,41642.32,0.0,77.38,297,8996,1875,0,0,0,1561,611,6616,5141,Embassy Tech Village,Sandel Kumar Rathinam Gobi,Bengaluru,Wednesday,2,0,March,2025-03,Q1
2025-03-13,2,11135,11135,0,880438.0,41165.26,0.0,79.07,243,9086,1806,0,0,0,1461,588,6600,4888,Embassy Tech Village,Sandel Kumar Rathinam Gobi,Bengaluru,Thursday,3,0,March,2025-03,Q1
2025-03-14,2,3793,3793,0,280098.0,13409.69,0.0,73.85,74,3225,494,0,0,0,408,159,2571,1877,Embassy Tech Village,Sandel Kumar Rathinam Gobi,Bengaluru,Friday,4,0,March,2025-03,Q1
2025-03-15,2,581,581,0,31163.0,1479.99,0.0,53.64,0,525,56,0,0,0,39,17,410,391,Embassy Tech Village,Sandel Kumar Rathinam Gobi,Bengaluru,Saturday,5,1,March,2025-03,Q1
2025-03-16,2,259,259,0,14728.0,703.65,0.0,56.86,0,259,0,0,0,0,0,0,199,154,Embassy Tech Village,Sandel Kumar Rathinam Gobi,Bengaluru,Sunday,6,1,March,2025-03,Q1
2025-03-17,2,9894,9894,0,718423.0,33241.53,0.0,72.61,185,8282,1427,0,0,0,1155,454,5851,4918,Embassy Tech Village,Sandel Kumar Rathinam Gobi,Bengaluru,Monday,0,0,March,2025-03,Q1
2025-03-18,2,11512,11512,0,846487.0,38860.91,0.0,73.53,241,9319,1952,0,0,0,1586,606,6746,5497,Embassy Tech Village,Sandel Kumar Rathinam Gobi,Bengaluru,Tuesday,1,0,March,2025-03,Q1
2025-03-19,2,10870,10870,0,841611.0,38462.07,0.0,77.43,278,8887,1705,0,0,0,1452,526,6398,5259,Embassy Tech Village,Sandel Kumar Rathinam Gobi,Bengaluru,Wednesday,2,0,March,2025-03,Q1
2025-03-20,2,10575,10575,0,786542.0,34190.08,0.0,74.38,255,8610,1710,0,0,0,1431,529,6238,5003,Embassy Tech Village,Sandel Kumar Rathinam Gobi,Bengaluru,Thursday,3,0,March,2025-03,Q1
2025-03-21,2,9385,9385,0,764169.0,33289.4,0.0,81.42,247,7601,1537,0,0,0,1275,504,5602,4399,Embassy Tech Village,Sandel Kumar Rathinam Gobi,Bengaluru,Friday,4,0,March,2025-03,Q1
2025-03-22,2,767,767,0,43676.0,1677.64,0.0,56.94,0,625,142,0,0,0,101,41,493,456,Embassy Tech Village,Sandel Kumar Rathinam Gobi,Bengaluru,Saturday,5,1,March,2025-03,Q1
2025-03-23,2,262,262,0,15502.0,612.65,0.0,59.17,0,196,66,0,0,0,51,15,158,150,Embassy Tech Village,Sandel Kumar Rathinam Gobi,Bengaluru,Sunday,6,1,March,2025-03,Q1
2025-03-24,2,9783,9783,0,723952.0,31533.28,0.0,74.0,204,8117,1462,0,0,0,1228,437,5804,4864,Embassy Tech Village,Sandel Kumar Rathinam Gobi,Bengaluru,Monday,0,0,March,2025-03,Q1
2025-03-25,2,11121,11121,0,858314.0,38265.83,0.0,77.18,233,9378,1510,0,0,0,1283,459,6792,5325,Embassy Tech Village,Sandel Kumar Rathinam Gobi,Bengaluru,Tuesday,1,0,March,2025-03,Q1
2025-03-26,2,11304,11304,0,874976.0,39183.04,0.0,77.4,236,9517,1551,0,0,0,1299,484,6888,5293,Embassy Tech Village,Sandel Kumar Rathinam Gobi,Bengaluru,Wednesday,2,0,March,2025-03,Q1
2025-03-27,2,9681,9681,0,723367.0,31968.23,0.0,74.72,222,8118,1341,0,0,0,1091,468,5871,4649,Embassy Tech Village,Sandel Kumar Rathinam Gobi,Bengaluru,Thursday,3,0,March,2025-03,Q1
2025-03-28,2,7703,7703,0,611936.0,27044.05,0.0,79.44,230,6387,1086,0,0,0,960,355,4611,3761,Embassy Tech Village,Sandel Kumar Rathinam Gobi,Bengaluru,Friday,4,0,March,2025-03,Q1
2025-03-29,2,746,746,0,46528.0,1733.76,0.0,62.37,0,605,141,0,0,0,109,32,464,431,Embassy Tech Village,Sandel Kumar Rathinam Gobi,Bengaluru,Saturday,5,1,March,2025-03,Q1
2025-03-30,2,191,191,0,10594.0,417.62,0.0,55.47,0,157,34,0,0,0,20,14,128,124,Embassy Tech Village,Sandel Kumar Rathinam Gobi,Bengaluru,Sunday,6,1,March,2025-03,Q1
2025-03-31,2,3086,3086,0,215863.0,9574.6,0.0,69.95,63,2689,334,0,0,0,306,91,2098,1608,Embassy Tech Village,Sandel Kumar Rathinam Gobi,Bengaluru,Monday,0,0,March,2025-03,Q1
2025-04-01,2,6245,6178,24,434439.0,18399.41,0.0,70.32,140,5347,758,0,0,0,649,247,3855,3617,Embassy Tech Village,Sandel Kumar Rathinam Gobi,Bengaluru,Tuesday,1,0,April,2025-04,Q2
2024-04-05,3,10,10,0,51.0,0.0,0.0,5.1,10,0,0,0,10,0,0,0,0,1,KANISHKA CAFE,Vinay Singh,Mumbai,Friday,4,0,April,2024-04,Q2
2024-04-08,3,2,2,0,2.0,0.0,0.0,1.0,2,0,0,0,0,2,0,0,0,1,KANISHKA CAFE,Vinay Singh,Mumbai,Monday,0,0,April,2024-04,Q2
2024-04-11,3,4,4,0,80.0,12.2,0.0,20.0,4,0,0,0,0,4,0,0,0,1,KANISHKA CAFE,Vinay Singh,Mumbai,Thursday,3,0,April,2024-04,Q2
2024-04-12,3,19,19,0,1051.0,94.1,0.0,55.32,19,0,0,0,19,0,0,0,0,1,KANISHKA CAFE,Vinay Singh,Mumbai,Friday,4,0,April,2024-04,Q2
2024-04-15,3,2,2,0,316.0,21.0,0.0,158.0,2,0,0,0,2,0,0,0,0,1,KANISHKA CAFE,Vinay Singh,Mumbai,Monday,0,0,April,2024-04,Q2
2024-04-18,3,1,1,0,20.0,3.05,0.0,20.0,1,0,0,0,0,1,0,0,0,1,KANISHKA CAFE,Vinay Singh,Mumbai,Thursday,3,0,April,2024-04,Q2
2024-04-19,3,14,14,0,1350.0,64.32,0.0,96.43,14,0,0,0,1,13,0,0,0,1,KANISHKA CAFE,Vinay Singh,Mumbai,Friday,4,0,April,2024-04,Q2
2024-04-22,3,27,27,0,6507.0,458.44,0.0,241.0,27,0,0,0,27,0,0,0,0,1,KANISHKA CAFE,Vinay Singh,Mumbai,Monday,0,0,April,2024-04,Q2
2024-05-09,3,15,15,0,1560.0,103.66,0.0,104.0,15,0,0,0,1,14,0,0,0,1,KANISHKA CAFE,Vinay Singh,Mumbai,Thursday,3,0,May,2024-05,Q2
2024-05-10,3,9,9,0,800.0,54.88,0.0,88.89,9,0,0,0,0,9,0,0,0,1,KANISHKA CAFE,Vinay Singh,Mumbai,Friday,4,0,May,2024-05,Q2
2024-05-14,3,9,9,0,420.0,38.88,0.0,46.67,9,0,0,0,0,9,0,0,0,1,KANISHKA CAFE,Vinay Singh,Mumbai,Tuesday,1,0,May,2024-05,Q2
2024-05-18,3,4,4,0,160.0,16.01,0.0,40.0,4,0,0,0,0,4,0,0,0,1,KANISHKA CAFE,Vinay Singh,Mumbai,Saturday,5,1,May,2024-05,Q2
2024-05-21,3,7,7,0,140.0,21.35,0.0,20.0,7,0,0,0,0,7,0,0,0,1,KANISHKA CAFE,Vinay Singh,Mumbai,Tuesday,1,0,May,2024-05,Q2
2024-05-23,3,2,2,0,7.0,1.07,0.0,3.5,2,0,0,0,0,0,0,2,0,1,KANISHKA CAFE,Vinay Singh,Mumbai,Thursday,3,0,May,2024-05,Q2
2024-06-02,3,35,35,0,3358.0,230.36,0.0,95.94,35,0,0,0,15,20,0,0,0,1,KANISHKA CAFE,Vinay Singh,Mumbai,Sunday,6,1,June,2024-06,Q2
2024-06-03,3,20,20,0,4141.0,320.1,0.0,207.05,20,0,0,0,19,1,0,0,0,1,KANISHKA CAFE,Vinay Singh,Mumbai,Monday,0,0,June,2024-06,Q2
2024-06-04,3,3,3,0,501.0,42.51,0.0,167.0,3,0,0,0,3,0,0,0,0,1,KANISHKA CAFE,Vinay Singh,Mumbai,Tuesday,1,0,June,2024-06,Q2
2024-06-06,3,10,10,0,59.0,3.73,0.0,5.9,10,0,0,0,10,0,0,0,0,1,KANISHKA CAFE,Vinay Singh,Mumbai,Thursday,3,0,June,2024-06,Q2
2024-06-10,3,14,14,0,621.0,55.87,0.0,44.36,14,0,0,0,0,14,0,0,0,1,KANISHKA CAFE,Vinay Singh,Mumbai,Monday,0,0,June,2024-06,Q2
2024-06-18,3,3,3,0,318.0,0.0,0.0,106.0,0,0,3,0,0,0,2,1,0,1,KANISHKA CAFE,Vinay Singh,Mumbai,Tuesday,1,0,June,2024-06,Q2
2024-07-22,3,1,1,0,98.0,4.77,0.0,98.0,1,0,0,0,0,1,0,0,0,1,KANISHKA CAFE,Vinay Singh,Mumbai,Monday,0,0,July,2024-07,Q3
2024-08-17,3,1,1,0,17.0,0.81,0.0,17.0,1,0,0,0,0,1,0,0,0,1,KANISHKA CAFE,Vinay Singh,Mumbai,Saturday,5,1,August,2024-08,Q3
2024-08-29,3,2,2,0,2.0,0.0,0.0,1.0,0,0,2,0,0,0,0,2,0,1,KANISHKA CAFE,Vinay Singh,Mumbai,Thursday,3,0,August,2024-08,Q3
2024-09-26,3,7,7,0,17.0,0.0,0.0,2.43,0,0,7,0,0,0,3,4,0,1,KANISHKA CAFE,Vinay Singh,Mumbai,Thursday,3,0,September,2024-09,Q3
2024-09-27,3,51,51,0,857.0,47.06,0.0,16.8,43,0,8,0,29,13,8,1,0,3,KANISHKA CAFE,Vinay Singh,Mumbai,Friday,4,0,September,2024-09,Q3
2024-09-28,3,5,5,0,11.0,0.8,0.0,2.2,5,0,0,0,0,5,0,0,0,1,KANISHKA CAFE,Vinay Singh,Mumbai,Saturday,5,1,September,2024-09,Q3
2024-09-29,3,5,5,0,112.0,11.51,0.0,22.4,5,0,0,0,0,5,0,0,0,1,KANISHKA CAFE,Vinay Singh,Mumbai,Sunday,6,1,September,2024-09,Q3
2024-11-05,3,4,4,0,329.0,16.99,0.0,82.25,4,0,0,0,3,1,0,0,0,1,KANISHKA CAFE,Vinay Singh,Mumbai,Tuesday,1,0,November,2024-11,Q4
2024-11-06,3,2,2,0,2.0,0.15,0.0,1.0,1,0,1,0,0,1,1,0,0,2,KANISHKA CAFE,Vinay Singh,Mumbai,Wednesday,2,0,November,2024-11,Q4
2024-11-11,3,3,3,0,114.0,11.89,0.0,38.0,3,0,0,0,1,2,0,0,0,1,KANISHKA CAFE,Vinay Singh,Mumbai,Monday,0,0,November,2024-11,Q4
2024-11-13,3,8,8,0,700.0,33.33,0.0,87.5,8,0,0,0,6,2,0,0,0,1,KANISHKA CAFE,Vinay Singh,Mumbai,Wednesday,2,0,November,2024-11,Q4
2024-11-14,3,3,3,0,182.0,8.87,0.0,60.67,3,0,0,0,0,2,1,0,0,1,KANISHKA CAFE,Vinay Singh,Mumbai,Thursday,3,0,November,2024-11,Q4
2024-11-16,3,1,1,0,2921.0,60.52,0.0,2921.0,1,0,0,0,1,0,0,0,0,1,KANISHKA CAFE,Vinay Singh,Mumbai,Saturday,5,1,November,2024-11,Q4
2024-12-17,3,50,50,0,6424.0,226.05,0.0,128.48,28,0,22,0,16,12,0,22,0,2,KANISHKA CAFE,Vinay Singh,Mumbai,Tuesday,1,0,December,2024-12,Q4
2024-12-27,3,5,5,0,71.0,0.0,0.0,14.2,0,0,5,0,0,0,1,4,0,1,KANISHKA CAFE,Vinay Singh,Mumbai,Friday,4,0,December,2024-12,Q4
2024-12-30,3,1,1,0,1.0,0.05,0.0,1.0,0,0,1,0,0,0,0,1,0,1,KANISHKA CAFE,Vinay Singh,Mumbai,Monday,0,0,December,2024-12,Q4
2025-01-08,3,5,5,0,11.0,0.0,0.0,2.2,0,0,5,0,0,0,0,5,0,1,KANISHKA CAFE,Vinay Singh,Mumbai,Wednesday,2,0,January,2025-01,Q1
2025-01-13,3,1,1,0,1.0,0.0,0.0,1.0,0,0,1,0,0,0,0,1,0,1,KANISHKA CAFE,Vinay Singh,Mumbai,Monday,0,0,January,2025-01,Q1
2025-01-16,3,3,3,0,397.0,18.4,0.0,132.33,3,0,0,0,3,0,0,0,0,1,KANISHKA CAFE,Vinay Singh,Mumbai,Thursday,3,0,January,2025-01,Q1
2025-02-06,3,9,9,0,562.0,15.34,0.0,62.44,0,0,9,0,0,0,0,9,0,1,KANISHKA CAFE,Vinay Singh,Mumbai,Thursday,3,0,February,2025-02,Q1
2025-02-07,3,10,10,0,623.0,26.01,0.0,62.3,0,0,10,0,0,0,2,8,0,1,KANISHKA CAFE,Vinay Singh,Mumbai,Friday,4,0,February,2025-02,Q1
2025-03-03,3,4,4,0,4.0,0.6,0.0,1.0,0,0,4,0,0,0,0,4,0,1,KANISHKA CAFE,Vinay Singh,Mumbai,Monday,0,0,March,2025-03,Q1
2025-03-17,3,1,1,0,1.0,0.15,0.0,1.0,0,0,1,0,0,0,1,0,0,1,KANISHKA CAFE,Vinay Singh,Mumbai,Monday,0,0,March,2025-03,Q1
2025-03-18,3,3,3,0,27.0,0.3,0.0,9.0,0,0,3,0,0,0,3,0,0,1,KANISHKA CAFE,Vinay Singh,Mumbai,Tuesday,1,0,March,2025-03,Q1
2025-03-19,3,16,16,0,15.0,0.3,0.0,0.94,0,0,16,0,0,0,15,1,0,1,KANISHKA CAFE,Vinay Singh,Mumbai,Wednesday,2,0,March,2025-03,Q1
2025-03-20,3,1,1,0,9.0,0.43,0.95,9.0,0,0,1,0,0,0,1,0,0,1,KANISHKA CAFE,Vinay Singh,Mumbai,Thursday,3,0,March,2025-03,Q1
2025-03-21,3,2,2,0,16.0,0.71,0.0,8.0,0,0,2,0,0,0,2,0,0,1,KANISHKA CAFE,Vinay Singh,Mumbai,Friday,4,0,March,2025-03,Q1
2025-03-28,3,15,15,0,253.0,10.8,0.0,16.87,0,0,15,0,0,0,8,7,0,1,KANISHKA CAFE,Vinay Singh,Mumbai,Friday,4,0,March,2025-03,Q1
2025-04-01,3,3,3,0,33.0,1.57,1.9,11.0,0,0,3,0,0,0,3,0,0,1,KANISHKA CAFE,Vinay Singh,Mumbai,Tuesday,1,0,April,2025-04,Q2
2024-04-01,4,1086,1086,0,59697.0,2140.05,0.0,54.97,1086,0,0,0,1086,0,0,0,0,2,Magnus Tower,Manoj Patwal,Mumbai,Monday,0,0,April,2024-04,Q2
2024-04-02,4,1601,1601,0,83799.0,3059.92,0.0,52.34,1601,0,0,0,1601,0,0,0,0,2,Magnus Tower,Manoj Patwal,Mumbai,Tuesday,1,0,April,2024-04,Q2
2024-04-03,4,1684,1684,0,92335.0,3384.71,0.0,54.83,1684,0,0,0,1684,0,0,0,0,2,Magnus Tower,Manoj Patwal,Mumbai,Wednesday,2,0,April,2024-04,Q2
2024-04-04,4,1672,1672,0,90830.0,3363.37,0.0,54.32,1672,0,0,0,1672,0,0,0,0,2,Magnus Tower,Manoj Patwal,Mumbai,Thursday,3,0,April,2024-04,Q2
2024-04-05,4,1305,1305,0,71239.0,2684.54,0.0,54.59,1305,0,0,0,1304,1,0,0,0,3,Magnus Tower,Manoj Patwal,Mumbai,Friday,4,0,April,2024-04,Q2
2024-04-06,4,444,444,0,19797.0,714.37,0.0,44.59,444,0,0,0,444,0,0,0,0,2,Magnus Tower,Manoj Patwal,Mumbai,Saturday,5,1,April,2024-04,Q2
2024-04-07,4,170,170,0,7365.0,262.85,0.0,43.32,170,0,0,0,170,0,0,0,0,2,Magnus Tower,Manoj Patwal,Mumbai,Sunday,6,1,April,2024-04,Q2
2024-04-08,4,1138,1138,0,62124.0,2205.62,0.0,54.59,1138,0,0,0,1138,0,0,0,0,2,Magnus Tower,Manoj Patwal,Mumbai,Monday,0,0,April,2024-04,Q2
2024-04-09,4,1066,1066,0,56324.0,2095.79,0.0,52.84,1066,0,0,0,1066,0,0,0,0,2,Magnus Tower,Manoj Patwal,Mumbai,Tuesday,1,0,April,2024-04,Q2
2024-04-10,4,1478,1478,0,84411.0,3093.38,0.0,57.11,1478,0,0,0,1478,0,0,0,0,2,Magnus Tower,Manoj Patwal,Mumbai,Wednesday,2,0,April,2024-04,Q2
2024-04-11,4,967,967,0,55296.0,2002.98,0.0,57.18,967,0,0,0,967,0,0,0,0,2,Magnus Tower,Manoj Patwal,Mumbai,Thursday,3,0,April,2024-04,Q2
2024-04-12,4,1204,1204,0,66066.0,2386.35,0.0,54.87,1204,0,0,0,1204,0,0,0,0,2,Magnus Tower,Manoj Patwal,Mumbai,Friday,4,0,April,2024-04,Q2
2024-04-13,4,393,393,0,19875.0,709.26,0.0,50.57,393,0,0,0,393,0,0,0,0,2,Magnus Tower,Manoj Patwal,Mumbai,Saturday,5,1,April,2024-04,Q2
2024-04-14,4,160,160,0,7279.0,209.03,0.0,45.49,160,0,0,0,160,0,0,0,0,2,Magnus Tower,Manoj Patwal,Mumbai,Sunday,6,1,April,2024-04,Q2
2024-04-15,4,1261,1261,0,63580.0,2331.35,0.0,50.42,1261,0,0,0,1261,0,0,0,0,2,Magnus Tower,Manoj Patwal,Mumbai,Monday,0,0,April,2024-04,Q2
2024-04-16,4,1589,1589,0,84734.0,3078.95,0.0,53.33,1589,0,0,0,1589,0,0,0,0,2,Magnus Tower,Manoj Patwal,Mumbai,Tuesday,1,0,April,2024-04,Q2
2024-04-17,4,1785,1785,0,96716.0,3592.62,0.0,54.18,1785,0,0,0,1785,0,0,0,0,2,Magnus Tower,Manoj Patwal,Mumbai,Wednesday,2,0,April,2024-04,Q2
2024-04-18,4,1650,1650,0,89772.0,3206.54,0.0,54.41,1650,0,0,0,1650,0,0,0,0,2,Magnus Tower,Manoj Patwal,Mumbai,Thursday,3,0,April,2024-04,Q2
2024-04-19,4,1587,1587,0,141169.0,1911.25,0.0,88.95,1587,0,0,0,1587,0,0,0,0,2,Magnus Tower,Manoj Patwal,Mumbai,Friday,4,0,April,2024-04,Q2
2024-04-20,4,408,408,0,19869.0,699.2,0.0,48.7,408,0,0,0,408,0,0,0,0,2,Magnus Tower,Manoj Patwal,Mumbai,Saturday,5,1,April,2024-04,Q2
2024-04-21,4,191,191,0,7887.0,252.69,0.0,41.29,191,0,0,0,191,0,0,0,0,2,Magnus Tower,Manoj Patwal,Mumbai,Sunday,6,1,April,2024-04,Q2
2024-04-22,4,1308,1308,0,72498.0,2560.37,0.0,55.43,1308,0,0,0,1308,0,0,0,0,2,Magnus Tower,Manoj Patwal,Mumbai,Monday,0,0,April,2024-04,Q2
2024-04-23,4,1734,1734,0,96474.0,3615.01,0.0,55.64,1734,0,0,0,1734,0,0,0,0,2,Magnus Tower,Manoj Patwal,Mumbai,Tuesday,1,0,April,2024-04,Q2
2024-04-24,4,1834,1834,0,100838.0,3770.03,0.0,54.98,1834,0,0,0,1833,1,0,0,0,2,Magnus Tower,Manoj Patwal,Mumbai,Wednesday,2,0,April,2024-04,Q2
2024-04-25,4,1819,1819,0,101100.0,3640.37,0.0,55.58,1819,0,0,0,1819,0,0,0,0,2,Magnus Tower,Manoj Patwal,Mumbai,Thursday,3,0,April,2024-04,Q2
2024-04-26,4,1449,1449,0,81087.0,3089.55,0.0,55.96,1449,0,0,0,1449,0,0,0,0,2,Magnus Tower,Manoj Patwal,Mumbai,Friday,4,0,April,2024-04,Q2
2024-04-27,4,443,443,0,21622.0,790.44,0.0,48.81,443,0,0,0,443,0,0,0,0,2,Magnus Tower,Manoj Patwal,Mumbai,Saturday,5,1,April,2024-04,Q2
2024-04-28,4,185,185,0,9375.0,240.57,0.0,50.68,185,0,0,0,185,0,0,0,0,2,Magnus Tower,Manoj Patwal,Mumbai,Sunday,6,1,April,2024-04,Q2
2024-04-29,4,1412,1412,0,80963.0,2931.05,0.0,57.34,1412,0,0,0,1412,0,0,0,0,2,Magnus Tower,Manoj Patwal,Mumbai,Monday,0,0,April,2024-04,Q2
2024-04-30,4,1607,1607,0,88964.0,3301.52,0.0,55.36,1607,0,0,0,1607,0,0,0,0,2,Magnus Tower,Manoj Patwal,Mumbai,Tuesday,1,0,April,2024-04,Q2
2024-05-01,4,1203,1203,0,67767.0,2498.53,0.0,56.33,1203,0,0,0,1203,0,0,0,0,2,Magnus Tower,Manoj Patwal,Mumbai,Wednesday,2,0,May,2024-05,Q2
2024-05-02,4,1704,1704,0,92766.0,3425.5,0.0,54.44,1704,0,0,0,1704,0,0,0,0,2,Magnus Tower,Manoj Patwal,Mumbai,Thursday,3,0,May,2024-05,Q2
2024-05-03,4,1508,1508,0,84360.0,3152.31,0.0,55.94,1508,0,0,0,1508,0,0,0,0,2,Magnus Tower,Manoj Patwal,Mumbai,Friday,4,0,May,2024-05,Q2
2024-05-04,4,464,464,0,23622.0,809.67,0.0,50.91,464,0,0,0,464,0,0,0,0,2,Magnus Tower,Manoj Patwal,Mumbai,Saturday,5,1,May,2024-05,Q2
2024-05-05,4,203,203,0,9128.0,300.91,0.0,44.97,203,0,0,0,203,0,0,0,0,2,Magnus Tower,Manoj Patwal,Mumbai,Sunday,6,1,May,2024-05,Q2
2024-05-06,4,1315,1315,0,71047.0,2530.62,0.0,54.03,1315,0,0,0,1315,0,0,0,0,2,Magnus Tower,Manoj Patwal,Mumbai,Monday,0,0,May,2024-05,Q2
2024-05-07,4,1663,1663,0,92369.0,3408.16,0.0,55.54,1663,0,0,0,1663,0,0,0,0,2,Magnus Tower,Manoj Patwal,Mumbai,Tuesday,1,0,May,2024-05,Q2
2024-05-08,4,1818,1818,0,101408.0,3681.33,0.0,55.78,1818,0,0,0,1818,0,0,0,0,2,Magnus Tower,Manoj Patwal,Mumbai,Wednesday,2,0,May,2024-05,Q2
2024-05-09,4,1754,1754,0,96002.0,3557.4,0.0,54.73,1754,0,0,0,1754,0,0,0,0,2,Magnus Tower,Manoj Patwal,Mumbai,Thursday,3,0,May,2024-05,Q2
2024-05-10,4,1468,1468,0,80853.0,2948.0,0.0,55.08,1468,0,0,0,1468,0,0,0,0,2,Magnus Tower,Manoj Patwal,Mumbai,Friday,4,0,May,2024-05,Q2
2024-05-11,4,465,465,0,22381.0,814.77,0.0,48.13,465,0,0,0,465,0,0,0,0,2,Magnus Tower,Manoj Patwal,Mumbai,Saturday,5,1,May,2024-05,Q2
2024-05-12,4,210,210,0,8982.0,304.43,0.0,42.77,210,0,0,0,210,0,0,0,0,2,Magnus Tower,Manoj Patwal,Mumbai,Sunday,6,1,May,2024-05,Q2
2024-05-13,4,1420,1420,0,77734.0,2740.38,0.0,54.74,1420,0,0,0,1420,0,0,0,0,2,Magnus Tower,Manoj Patwal,Mumbai,Monday,0,0,May,2024-05,Q2
2024-05-14,4,1733,1733,0,96408.0,3518.83,0.0,55.63,1733,0,0,0,1733,0,0,0,0,2,Magnus Tower,Manoj Patwal,Mumbai,Tuesday,1,0,May,2024-05,Q2
2024-05-15,4,1877,1877,0,104424.0,3848.93,0.0,55.63,1877,0,0,0,1877,0,0,0,0,2,Magnus Tower,Manoj Patwal,Mumbai,Wednesday,2,0,May,2024-05,Q2
2024-05-16,4,1777,1777,0,94009.0,3339.19,0.0,52.9,1777,0,0,0,1777,0,0,0,0,2,Magnus Tower,Manoj Patwal,Mumbai,Thursday,3,0,May,2024-05,Q2
2024-05-17,4,1729,1729,0,158257.0,2218.29,0.0,91.53,1729,0,0,0,1729,0,0,0,0,2,Magnus Tower,Manoj Patwal,Mumbai,Friday,4,0,May,2024-05,Q2
2024-05-18,4,394,394,0,19510.0,649.25,0.0,49.52,394,0,0,0,394,0,0,0,0,2,Magnus Tower,Manoj Patwal,Mumbai,Saturday,5,1,May,2024-05,Q2
2024-05-19,4,194,194,0,9659.0,303.32,0.0,49.79,194,0,0,0,194,0,0,0,0,2,Magnus Tower,Manoj Patwal,Mumbai,Sunday,6,1,May,2024-05,Q2
2024-05-20,4,57,57,0,2480.0,106.76,0.0,43.51,57,0,0,0,57,0,0,0,0,2,Magnus Tower,Manoj Patwal,Mumbai,Monday,0,0,May,2024-05,Q2
2024-05-21,4,1388,1388,0,76114.0,2585.94,0.0,54.84,1388,0,0,0,1388,0,0,0,0,2,Magnus Tower,Manoj Patwal,Mumbai,Tuesday,1,0,May,2024-05,Q2
2024-05-22,4,1945,1945,0,106840.0,3892.31,0.0,54.93,1945,0,0,0,1945,0,0,0,0,2,Magnus Tower,Manoj Patwal,Mumbai,Wednesday,2,0,May,2024-05,Q2
2024-05-23,4,1823,1823,0,97610.0,3592.59,0.0,53.54,1823,0,0,0,1823,0,0,0,0,2,Magnus Tower,Manoj Patwal,Mumbai,Thursday,3,0,May,2024-05,Q2
2024-05-24,4,1533,1533,0,84495.0,3069.56,0.0,55.12,1533,0,0,0,1533,0,0,0,0,2,Magnus Tower,Manoj Patwal,Mumbai,Friday,4,0,May,2024-05,Q2
2024-05-25,4,458,458,0,22450.0,801.25,0.0,49.02,458,0,0,0,458,0,0,0,0,2,Magnus Tower,Manoj Patwal,Mumbai,Saturday,5,1,May,2024-05,Q2
2024-05-26,4,203,203,0,9338.0,315.03,0.0,46.0,203,0,0,0,203,0,0,0,0,2,Magnus Tower,Manoj Patwal,Mumbai,Sunday,6,1,May,2024-05,Q2
2024-05-27,4,1159,1159,0,63108.0,2206.24,0.0,54.45,1159,0,0,0,1159,0,0,0,0,2,Magnus Tower,Manoj Patwal,Mumbai,Monday,0,0,May,2024-05,Q2
2024-05-28,4,1695,1695,0,93036.0,3248.78,0.0,54.89,1695,0,0,0,1695,0,0,0,0,2,Magnus Tower,Manoj Patwal,Mumbai,Tuesday,1,0,May,2024-05,Q2
2024-05-29,4,1945,1945,0,108458.0,3966.01,0.0,55.76,1945,0,0,0,1945,0,0,0,0,2,Magnus Tower,Manoj Patwal,Mumbai,Wednesday,2,0,May,2024-05,Q2
2024-05-30,4,1700,1700,0,95152.0,3590.39,0.0,55.97,1700,0,0,0,1700,0,0,0,0,2,Magnus Tower,Manoj Patwal,Mumbai,Thursday,3,0,May,2024-05,Q2
2024-05-31,4,1532,1532,0,83609.0,2994.11,0.0,54.58,1532,0,0,0,1532,0,0,0,0,2,Magnus Tower,Manoj Patwal,Mumbai,Friday,4,0,May,2024-05,Q2
2024-06-01,4,506,506,0,25491.0,836.92,0.0,50.38,506,0,0,0,506,0,0,0,0,2,Magnus Tower,Manoj Patwal,Mumbai,Saturday,5,1,June,2024-06,Q2
2024-06-02,4,189,189,0,9322.0,317.25,0.0,49.32,189,0,0,0,189,0,0,0,0,2,Magnus Tower,Manoj Patwal,Mumbai,Sunday,6,1,June,2024-06,Q2
2024-06-03,4,1404,1404,0,77647.0,2675.14,0.0,55.3,1404,0,0,0,1404,0,0,0,0,2,Magnus Tower,Manoj Patwal,Mumbai,Monday,0,0,June,2024-06,Q2
2024-06-04,4,1863,1863,0,101123.0,3709.66,0.0,54.28,1863,0,0,0,1863,0,0,0,0,2,Magnus Tower,Manoj Patwal,Mumbai,Tuesday,1,0,June,2024-06,Q2
2024-06-05,4,1832,1832,0,101799.0,3734.29,0.0,55.57,1832,0,0,0,1832,0,0,0,0,2,Magnus Tower,Manoj Patwal,Mumbai,Wednesday,2,0,June,2024-06,Q2
2024-06-06,4,1767,1767,0,95050.0,3428.62,0.0,53.79,1767,0,0,0,1767,0,0,0,0,2,Magnus Tower,Manoj Patwal,Mumbai,Thursday,3,0,June,2024-06,Q2
2024-06-07,4,1481,1481,0,83370.0,2994.05,0.0,56.29,1481,0,0,0,1481,0,0,0,0,2,Magnus Tower,Manoj Patwal,Mumbai,Friday,4,0,June,2024-06,Q2
2024-06-08,4,439,439,0,22421.0,836.9,0.0,51.07,439,0,0,0,439,0,0,0,0,2,Magnus Tower,Manoj Patwal,Mumbai,Saturday,5,1,June,2024-06,Q2
2024-06-09,4,163,163,0,7815.0,272.41,0.0,47.94,163,0,0,0,163,0,0,0,0,2,Magnus Tower,Manoj Patwal,Mumbai,Sunday,6,1,June,2024-06,Q2
2024-06-10,4,1415,1415,0,76347.0,2669.12,0.0,53.96,1415,0,0,0,1415,0,0,0,0,2,Magnus Tower,Manoj Patwal,Mumbai,Monday,0,0,June,2024-06,Q2
2024-06-11,4,1771,1771,0,97394.0,3400.44,0.0,54.99,1771,0,0,0,1771,0,0,0,0,2,Magnus Tower,Manoj Patwal,Mumbai,Tuesday,1,0,June,2024-06,Q2
2024-06-12,4,1982,1982,0,110010.0,3929.49,0.0,55.5,1982,0,0,0,1982,0,0,0,0,2,Magnus Tower,Manoj Patwal,Mumbai,Wednesday,2,0,June,2024-06,Q2
2024-06-13,4,1772,1772,0,98106.0,3692.72,0.0,55.36,1772,0,0,0,1772,0,0,0,0,2,Magnus Tower,Manoj Patwal,Mumbai,Thursday,3,0,June,2024-06,Q2
2024-06-14,4,1512,1512,0,81752.0,2991.0,0.0,54.07,1512,0,0,0,1512,0,0,0,0,2,Magnus Tower,Manoj Patwal,Mumbai,Friday,4,0,June,2024-06,Q2
2024-06-15,4,452,452,0,23490.0,766.07,0.0,51.97,452,0,0,0,452,0,0,0,0,2,Magnus Tower,Manoj Patwal,Mumbai,Saturday,5,1,June,2024-06,Q2
2024-06-16,4,167,167,0,7886.0,245.39,0.0,47.22,167,0,0,0,167,0,0,0,0,2,Magnus Tower,Manoj Patwal,Mumbai,Sunday,6,1,June,2024-06,Q2
2024-06-17,4,1383,1383,0,76114.0,2614.65,0.0,55.04,1383,0,0,0,1383,0,0,0,0,2,Magnus Tower,Manoj Patwal,Mumbai,Monday,0,0,June,2024-06,Q2
2024-06-18,4,1832,1832,0,101548.0,3579.66,0.0,55.43,1832,0,0,0,1832,0,0,0,0,2,Magnus Tower,Manoj Patwal,Mumbai,Tuesday,1,0,June,2024-06,Q2
2024-06-19,4,1715,1715,0,94734.0,3387.34,0.0,55.24,1715,0,0,0,1715,0,0,0,0,2,Magnus Tower,Manoj Patwal,Mumbai,Wednesday,2,0,June,2024-06,Q2
2024-06-20,4,1783,1783,0,99384.0,3585.94,0.0,55.74,1783,0,0,0,1783,0,0,0,0,2,Magnus Tower,Manoj Patwal,Mumbai,Thursday,3,0,June,2024-06,Q2
2024-06-21,4,1561,1561,0,88035.0,3137.38,0.0,56.4,1561,0,0,0,1561,0,0,0,0,2,Magnus Tower,Manoj Patwal,Mumbai,Friday,4,0,June,2024-06,Q2
2024-06-22,4,594,594,0,30240.0,1047.19,0.0,50.91,594,0,0,0,594,0,0,0,0,2,Magnus Tower,Manoj Patwal,Mumbai,Saturday,5,1,June,2024-06,Q2
2024-06-23,4,286,286,0,13655.0,465.58,0.0,47.74,286,0,0,0,286,0,0,0,0,2,Magnus Tower,Manoj Patwal,Mumbai,Sunday,6,1,June,2024-06,Q2
2024-06-24,4,1478,1478,0,82001.0,2866.3,0.0,55.48,1478,0,0,0,1478,0,0,0,0,2,Magnus Tower,Manoj Patwal,Mumbai,Monday,0,0,June,2024-06,Q2
2024-06-25,4,1774,1774,0,96829.0,3549.2,0.0,54.58,1774,0,0,0,1774,0,0,0,0,2,Magnus Tower,Manoj Patwal,Mumbai,Tuesday,1,0,June,2024-06,Q2
2024-06-26,4,1833,1833,0,99323.0,3546.62,0.0,54.19,1833,0,0,0,1833,0,0,0,0,2,Magnus Tower,Manoj Patwal,Mumbai,Wednesday,2,0,June,2024-06,Q2
2024-06-27,4,1847,1847,0,106494.0,3924.12,0.0,57.66,1847,0,0,0,1847,0,0,0,0,2,Magnus Tower,Manoj Patwal,Mumbai,Thursday,3,0,June,2024-06,Q2
2024-06-28,4,1449,1449,0,83910.0,3147.84,0.0,57.91,1449,0,0,0,1449,0,0,0,0,2,Magnus Tower,Manoj Patwal,Mumbai,Friday,4,0,June,2024-06,Q2
2024-06-29,4,454,454,0,23725.0,761.14,0.0,52.26,454,0,0,0,454,0,0,0,0,2,Magnus Tower,Manoj Patwal,Mumbai,Saturday,5,1,June,2024-06,Q2
2024-06-30,4,165,165,0,9791.0,281.65,0.0,59.34,165,0,0,0,165,0,0,0,0,2,Magnus Tower,Manoj Patwal,Mumbai,Sunday,6,1,June,2024-06,Q2
2024-07-01,4,1455,1455,0,82684.0,3006.2,0.0,56.83,1455,0,0,0,1455,0,0,0,0,2,Magnus Tower,Manoj Patwal,Mumbai,Monday,0,0,July,2024-07,Q3
2024-07-02,4,1835,1835,0,101778.0,3705.88,0.0,55.46,1835,0,0,0,1835,0,0,0,0,2,Magnus Tower,Manoj Patwal,Mumbai,Tuesday,1,0,July,2024-07,Q3
2024-07-03,4,2035,2035,0,113969.0,4266.82,0.0,56.0,2035,0,0,0,2035,0,0,0,0,2,Magnus Tower,Manoj Patwal,Mumbai,Wednesday,2,0,July,2024-07,Q3
2024-07-04,4,1706,1706,0,95092.0,3459.85,0.0,55.74,1706,0,0,0,1706,0,0,0,0,2,Magnus Tower,Manoj Patwal,Mumbai,Thursday,3,0,July,2024-07,Q3
2024-07-05,4,1563,1563,0,87747.0,3179.97,0.0,56.14,1563,0,0,0,1563,0,0,0,0,2,Magnus Tower,Manoj Patwal,Mumbai,Friday,4,0,July,2024-07,Q3
2024-07-06,4,541,541,0,27821.0,958.89,0.0,51.43,541,0,0,0,541,0,0,0,0,2,Magnus Tower,Manoj Patwal,Mumbai,Saturday,5,1,July,2024-07,Q3
2024-07-07,4,196,196,0,9576.0,333.11,0.0,48.86,196,0,0,0,196,0,0,0,0,2,Magnus Tower,Manoj Patwal,Mumbai,Sunday,6,1,July,2024-07,Q3
2024-07-08,4,1410,1410,0,82393.0,2965.05,0.0,58.43,1410,0,0,0,1410,0,0,0,0,2,Magnus Tower,Manoj Patwal,Mumbai,Monday,0,0,July,2024-07,Q3
2024-07-09,4,1901,1901,0,105977.0,3858.84,0.0,55.75,1901,0,0,0,1901,0,0,0,0,2,Magnus Tower,Manoj Patwal,Mumbai,Tuesday,1,0,July,2024-07,Q3
2024-07-10,4,2062,2062,0,116255.0,4284.19,0.0,56.38,2062,0,0,0,2062,0,0,0,0,2,Magnus Tower,Manoj Patwal,Mumbai,Wednesday,2,0,July,2024-07,Q3
2024-07-11,4,2102,2102,0,119665.0,4470.41,0.0,56.93,2102,0,0,0,2102,0,0,0,0,2,Magnus Tower,Manoj Patwal,Mumbai,Thursday,3,0,July,2024-07,Q3
2024-07-12,4,2023,2023,0,206923.0,2373.53,0.0,102.29,2023,0,0,0,2023,0,0,0,0,2,Magnus Tower,Manoj Patwal,Mumbai,Friday,4,0,July,2024-07,Q3
2024-07-13,4,514,514,0,27721.0,810.44,0.0,53.93,514,0,0,0,514,0,0,0,0,2,Magnus Tower,Manoj Patwal,Mumbai,Saturday,5,1,July,2024-07,Q3
2024-07-14,4,198,198,0,9476.0,321.21,0.0,47.86,198,0,0,0,198,0,0,0,0,2,Magnus Tower,Manoj Patwal,Mumbai,Sunday,6,1,July,2024-07,Q3
2024-07-15,4,1501,1501,0,85530.0,3079.08,0.0,56.98,1501,0,0,0,1501,0,0,0,0,2,Magnus Tower,Manoj Patwal,Mumbai,Monday,0,0,July,2024-07,Q3
2024-07-16,4,1864,1864,0,104525.0,3763.13,0.0,56.08,1864,0,0,0,1864,0,0,0,0,2,Magnus Tower,Manoj Patwal,Mumbai,Tuesday,1,0,July,2024-07,Q3
2024-07-17,4,1977,1977,0,107696.0,4034.44,0.0,54.47,1977,0,0,0,1977,0,0,0,0,2,Magnus Tower,Manoj Patwal,Mumbai,Wednesday,2,0,July,2024-07,Q3
2024-07-18,4,1950,1950,0,110685.0,4062.04,0.0,56.76,1950,0,0,0,1950,0,0,0,0,2,Magnus Tower,Manoj Patwal,Mumbai,Thursday,3,0,July,2024-07,Q3
2024-07-19,4,1587,1587,0,90988.0,3349.71,0.0,57.33,1587,0,0,0,1587,0,0,0,0,2,Magnus Tower,Manoj Patwal,Mumbai,Friday,4,0,July,2024-07,Q3
2024-07-20,4,505,505,0,25533.0,916.98,0.0,50.56,505,0,0,0,505,0,0,0,0,2,Magnus Tower,Manoj Patwal,Mumbai,Saturday,5,1,July,2024-07,Q3
2024-07-21,4,233,233,0,12294.0,337.59,0.0,52.76,233,0,0,0,233,0,0,0,0,2,Magnus Tower,Manoj Patwal,Mumbai,Sunday,6,1,July,2024-07,Q3
2024-07-22,4,1425,1425,0,78138.0,2691.55,0.0,54.83,1425,0,0,0,1425,0,0,0,0,2,Magnus Tower,Manoj Patwal,Mumbai,Monday,0,0,July,2024-07,Q3
2024-07-23,4,1784,1784,0,102742.0,3672.38,0.0,57.59,1784,0,0,0,1784,0,0,0,0,2,Magnus Tower,Manoj Patwal,Mumbai,Tuesday,1,0,July,2024-07,Q3
2024-07-24,4,2101,2101,0,119432.0,4468.09,0.0,56.85,2101,0,0,0,2101,0,0,0,0,2,Magnus Tower,Manoj Patwal,Mumbai,Wednesday,2,0,July,2024-07,Q3
2024-07-25,4,1586,1586,0,87823.0,3210.18,0.0,55.37,1586,0,0,0,1586,0,0,0,0,2,Magnus Tower,Manoj Patwal,Mumbai,Thursday,3,0,July,2024-07,Q3
2024-07-26,4,1492,1492,0,84476.0,3127.4,0.0,56.62,1492,0,0,0,1492,0,0,0,0,2,Magnus Tower,Manoj Patwal,Mumbai,Friday,4,0,July,2024-07,Q3
2024-07-27,4,520,520,0,26870.0,977.35,0.0,51.67,520,0,0,0,520,0,0,0,0,2,Magnus Tower,Manoj Patwal,Mumbai,Saturday,5,1,July,2024-07,Q3
2024-07-28,4,178,178,0,7820.0,276.96,0.0,43.93,178,0,0,0,178,0,0,0,0,2,Magnus Tower,Manoj Patwal,Mumbai,Sunday,6,1,July,2024-07,Q3
2024-07-29,4,1390,1390,0,76299.0,2778.97,0.0,54.89,1390,0,0,0,1390,0,0,0,0,2,Magnus Tower,Manoj Patwal,Mumbai,Monday,0,0,July,2024-07,Q3
2024-07-30,4,1860,1860,0,103584.0,3795.54,0.0,55.69,1860,0,0,0,1860,0,0,0,0,2,Magnus Tower,Manoj Patwal,Mumbai,Tuesday,1,0,July,2024-07,Q3
2024-07-31,4,1878,1878,0,103141.0,3728.62,0.0,54.92,1878,0,0,0,1878,0,0,0,0,2,Magnus Tower,Manoj Patwal,Mumbai,Wednesday,2,0,July,2024-07,Q3
2024-08-01,4,1906,1906,0,108351.0,3923.76,0.0,56.85,1906,0,0,0,1906,0,0,0,0,2,Magnus Tower,Manoj Patwal,Mumbai,Thursday,3,0,August,2024-08,Q3
2024-08-02,4,1706,1706,0,98210.0,3598.84,0.0,57.57,1706,0,0,0,1706,0,0,0,0,2,Magnus Tower,Manoj Patwal,Mumbai,Friday,4,0,August,2024-08,Q3
2024-08-03,4,241,241,0,12631.0,516.89,0.0,52.41,241,0,0,0,241,0,0,0,0,2,Magnus Tower,Manoj Patwal,Mumbai,Saturday,5,1,August,2024-08,Q3
2024-08-05,4,1431,1431,0,80868.0,2871.34,0.0,56.51,1431,0,0,0,1431,0,0,0,0,2,Magnus Tower,Manoj Patwal,Mumbai,Monday,0,0,August,2024-08,Q3
2024-08-06,4,1999,1999,0,112649.0,4046.34,0.0,56.35,1999,0,0,0,1999,0,0,0,0,2,Magnus Tower,Manoj Patwal,Mumbai,Tuesday,1,0,August,2024-08,Q3
2024-08-07,4,2043,2043,0,115903.0,4248.42,0.0,56.73,2043,0,0,0,2043,0,0,0,0,2,Magnus Tower,Manoj Patwal,Mumbai,Wednesday,2,0,August,2024-08,Q3
2024-08-08,4,1947,1947,0,107567.0,4070.93,0.0,55.25,1947,0,0,0,1947,0,0,0,0,2,Magnus Tower,Manoj Patwal,Mumbai,Thursday,3,0,August,2024-08,Q3
2024-08-09,4,1660,1660,0,169801.0,2244.82,0.0,102.29,1660,0,0,0,1660,0,0,0,0,2,Magnus Tower,Manoj Patwal,Mumbai,Friday,4,0,August,2024-08,Q3
2024-08-10,4,438,438,0,20173.0,757.44,0.0,46.06,438,0,0,0,438,0,0,0,0,2,Magnus Tower,Manoj Patwal,Mumbai,Saturday,5,1,August,2024-08,Q3
2024-08-11,4,239,239,0,11409.0,368.95,0.0,47.74,239,0,0,0,239,0,0,0,0,2,Magnus Tower,Manoj Patwal,Mumbai,Sunday,6,1,August,2024-08,Q3
2024-08-12,4,1529,1529,0,85813.0,3074.33,0.0,56.12,1529,0,0,0,1529,0,0,0,0,2,Magnus Tower,Manoj Patwal,Mumbai,Monday,0,0,August,2024-08,Q3
2024-08-13,4,1909,1909,0,108560.0,4045.78,0.0,56.87,1909,0,0,0,1906,3,0,0,0,3,Magnus Tower,Manoj Patwal,Mumbai,Tuesday,1,0,August,2024-08,Q3
2024-08-14,4,1984,1984,0,108523.0,4098.39,0.0,54.7,1984,0,0,0,1984,0,0,0,0,2,Magnus Tower,Manoj Patwal,Mumbai,Wednesday,2,0,August,2024-08,Q3
2024-08-15,4,1141,1141,0,63659.0,2351.6,0.0,55.79,1141,0,0,0,1141,0,0,0,0,2,Magnus Tower,Manoj Patwal,Mumbai,Thursday,3,0,August,2024-08,Q3
2024-08-16,4,1491,1491,0,84978.0,3244.54,0.0,56.99,1491,0,0,0,1491,0,0,0,0,2,Magnus Tower,Manoj Patwal,Mumbai,Friday,4,0,August,2024-08,Q3
2024-08-17,4,493,493,0,23629.0,893.21,0.0,47.93,493,0,0,0,493,0,0,0,0,2,Magnus Tower,Manoj Patwal,Mumbai,Saturday,5,1,August,2024-08,Q3
2024-08-18,4,191,191,0,8268.0,281.12,0.0,43.29,191,0,0,0,191,0,0,0,0,2,Magnus Tower,Manoj Patwal,Mumbai,Sunday,6,1,August,2024-08,Q3
2024-08-19,4,1284,1284,0,72125.0,2557.53,0.0,56.17,1284,0,0,0,1284,0,0,0,0,2,Magnus Tower,Manoj Patwal,Mumbai,Monday,0,0,August,2024-08,Q3
2024-08-20,4,1823,1823,0,102297.0,3855.62,0.0,56.11,1823,0,0,0,1823,0,0,0,0,2,Magnus Tower,Manoj Patwal,Mumbai,Tuesday,1,0,August,2024-08,Q3
2024-08-21,4,2013,2013,0,114710.0,4158.48,0.0,56.98,2013,0,0,0,2013,0,0,0,0,2,Magnus Tower,Manoj Patwal,Mumbai,Wednesday,2,0,August,2024-08,Q3
2024-08-22,4,1856,1856,0,103923.0,3845.26,0.0,55.99,1856,0,0,0,1856,0,0,0,0,2,Magnus Tower,Manoj Patwal,Mumbai,Thursday,3,0,August,2024-08,Q3
2024-08-23,4,1570,1570,0,89799.0,3251.52,0.0,57.2,1570,0,0,0,1570,0,0,0,0,2,Magnus Tower,Manoj Patwal,Mumbai,Friday,4,0,August,2024-08,Q3
2024-08-24,4,472,472,0,24683.0,859.43,0.0,52.29,472,0,0,0,472,0,0,0,0,2,Magnus Tower,Manoj Patwal,Mumbai,Saturday,5,1,August,2024-08,Q3
2024-08-25,4,219,219,0,9602.0,327.74,0.0,43.84,219,0,0,0,219,0,0,0,0,2,Magnus Tower,Manoj Patwal,Mumbai,Sunday,6,1,August,2024-08,Q3
2024-08-26,4,1485,1485,0,81561.0,2921.31,0.0,54.92,1485,0,0,0,1485,0,0,0,0,2,Magnus Tower,Manoj Patwal,Mumbai,Monday,0,0,August,2024-08,Q3
2024-08-27,4,1895,1895,0,107695.0,4018.28,0.0,56.83,1895,0,0,0,1895,0,0,0,0,2,Magnus Tower,Manoj Patwal,Mumbai,Tuesday,1,0,August,2024-08,Q3
2024-08-28,4,2002,2002,0,111270.0,4036.14,0.0,55.58,2002,0,0,0,2002,0,0,0,0,2,Magnus Tower,Manoj Patwal,Mumbai,Wednesday,2,0,August,2024-08,Q3
2024-08-29,4,1964,1964,0,108979.0,4003.64,0.0,55.49,1964,0,0,0,1964,0,0,0,0,2,Magnus Tower,Manoj Patwal,Mumbai,Thursday,3,0,August,2024-08,Q3
2024-08-30,4,1476,1476,0,83301.0,2984.66,0.0,56.44,1476,0,0,0,1476,0,0,0,0,2,Magnus Tower,Manoj Patwal,Mumbai,Friday,4,0,August,2024-08,Q3
2024-08-31,4,469,469,0,23973.0,821.54,0.0,51.12,469,0,0,0,469,0,0,0,0,2,Magnus Tower,Manoj Patwal,Mumbai,Saturday,5,1,August,2024-08,Q3
2024-09-01,4,210,210,0,9715.0,296.22,0.0,46.26,210,0,0,0,210,0,0,0,0,2,Magnus Tower,Manoj Patwal,Mumbai,Sunday,6,1,September,2024-09,Q3
2024-09-02,4,1329,1329,0,73716.0,2531.57,0.0,55.47,1329,0,0,0,1329,0,0,0,0,2,Magnus Tower,Manoj Patwal,Mumbai,Monday,0,0,September,2024-09,Q3
2024-09-03,4,1708,1708,0,97762.0,3485.41,0.0,57.24,1708,0,0,0,1708,0,0,0,0,2,Magnus Tower,Manoj Patwal,Mumbai,Tuesday,1,0,September,2024-09,Q3
2024-09-04,4,2039,2039,0,117772.0,4041.7,0.0,57.76,2039,0,0,0,2038,1,0,0,0,2,Magnus Tower,Manoj Patwal,Mumbai,Wednesday,2,0,September,2024-09,Q3
2024-09-05,4,1961,1961,0,114860.0,3978.8,0.0,58.57,1961,0,0,0,1961,0,0,0,0,2,Magnus Tower,Manoj Patwal,Mumbai,Thursday,3,0,September,2024-09,Q3
2024-09-06,4,1585,1585,0,92582.0,3172.43,0.0,58.41,1585,0,0,0,1585,0,0,0,0,2,Magnus Tower,Manoj Patwal,Mumbai,Friday,4,0,September,2024-09,Q3
2024-09-07,4,515,515,0,26971.0,933.18,0.0,52.37,515,0,0,0,515,0,0,0,0,2,Magnus Tower,Manoj Patwal,Mumbai,Saturday,5,1,September,2024-09,Q3
2024-09-08,4,163,163,0,7520.0,226.02,0.0,46.13,163,0,0,0,163,0,0,0,0,2,Magnus Tower,Manoj Patwal,Mumbai,Sunday,6,1,September,2024-09,Q3
2024-09-09,4,1561,1561,0,89517.0,3164.31,0.0,57.35,1561,0,0,0,1561,0,0,0,0,2,Magnus Tower,Manoj Patwal,Mumbai,Monday,0,0,September,2024-09,Q3
2024-09-10,4,1716,1716,0,97501.0,3561.31,0.0,56.82,1716,0,0,0,1716,0,0,0,0,2,Magnus Tower,Manoj Patwal,Mumbai,Tuesday,1,0,September,2024-09,Q3
2024-09-11,4,1541,1541,0,85698.0,3115.73,0.0,55.61,1541,0,0,0,1541,0,0,0,0,2,Magnus Tower,Manoj Patwal,Mumbai,Wednesday,2,0,September,2024-09,Q3
2024-09-12,4,1882,1882,0,181706.0,2462.17,0.0,96.55,1882,0,0,0,1882,0,0,0,0,2,Magnus Tower,Manoj Patwal,Mumbai,Thursday,3,0,September,2024-09,Q3
2024-09-13,4,1478,1478,0,85930.0,2966.74,0.0,58.14,1478,0,0,0,1478,0,0,0,0,2,Magnus Tower,Manoj Patwal,Mumbai,Friday,4,0,September,2024-09,Q3
2024-09-14,4,499,499,0,25662.0,883.11,0.0,51.43,499,0,0,0,499,0,0,0,0,2,Magnus Tower,Manoj Patwal,Mumbai,Saturday,5,1,September,2024-09,Q3
2024-09-15,4,171,171,0,10205.0,231.87,0.0,59.68,171,0,0,0,171,0,0,0,0,2,Magnus Tower,Manoj Patwal,Mumbai,Sunday,6,1,September,2024-09,Q3
2024-09-16,4,1381,1381,0,77962.0,2653.77,0.0,56.45,1381,0,0,0,1381,0,0,0,0,2,Magnus Tower,Manoj Patwal,Mumbai,Monday,0,0,September,2024-09,Q3
2024-09-17,4,1702,1702,0,98715.0,3476.74,0.0,58.0,1702,0,0,0,1702,0,0,0,0,2,Magnus Tower,Manoj Patwal,Mumbai,Tuesday,1,0,September,2024-09,Q3
2024-09-18,4,1917,1917,0,111291.0,3835.36,0.0,58.05,1917,0,0,0,1917,0,0,0,0,2,Magnus Tower,Manoj Patwal,Mumbai,Wednesday,2,0,September,2024-09,Q3
2024-09-19,4,1837,1837,0,106826.0,3734.4,0.0,58.15,1837,0,0,0,1837,0,0,0,0,2,Magnus Tower,Manoj Patwal,Mumbai,Thursday,3,0,September,2024-09,Q3
2024-09-20,4,1524,1524,0,90378.0,3234.15,0.0,59.3,1524,0,0,0,1524,0,0,0,0,2,Magnus Tower,Manoj Patwal,Mumbai,Friday,4,0,September,2024-09,Q3
2024-09-21,4,526,526,0,28912.0,931.91,0.0,54.97,526,0,0,0,526,0,0,0,0,2,Magnus Tower,Manoj Patwal,Mumbai,Saturday,5,1,September,2024-09,Q3
2024-09-22,4,196,196,0,10736.0,263.75,0.0,54.78,196,0,0,0,196,0,0,0,0,2,Magnus Tower,Manoj Patwal,Mumbai,Sunday,6,1,September,2024-09,Q3
2024-09-23,4,1431,1431,0,80374.0,2646.98,0.0,56.17,1431,0,0,0,1431,0,0,0,0,2,Magnus Tower,Manoj Patwal,Mumbai,Monday,0,0,September,2024-09,Q3
2024-09-24,4,2017,2017,0,117127.0,4165.35,0.0,58.07,2017,0,0,0,2017,0,0,0,0,2,Magnus Tower,Manoj Patwal,Mumbai,Tuesday,1,0,September,2024-09,Q3
2024-09-25,4,2254,2254,0,131318.0,4695.16,0.0,58.26,2254,0,0,0,2254,0,0,0,0,2,Magnus Tower,Manoj Patwal,Mumbai,Wednesday,2,0,September,2024-09,Q3
2024-09-26,4,1842,1842,0,108218.0,3887.18,0.0,58.75,1842,0,0,0,1842,0,0,0,0,2,Magnus Tower,Manoj Patwal,Mumbai,Thursday,3,0,September,2024-09,Q3
2024-09-27,4,1677,1677,0,99158.0,3423.6,0.0,59.13,1677,0,0,0,1677,0,0,0,0,2,Magnus Tower,Manoj Patwal,Mumbai,Friday,4,0,September,2024-09,Q3
2024-09-28,4,467,467,0,25355.0,863.84,0.0,54.29,467,0,0,0,467,0,0,0,0,2,Magnus Tower,Manoj Patwal,Mumbai,Saturday,5,1,September,2024-09,Q3
2024-09-29,4,207,207,0,8870.0,284.53,0.0,42.85,207,0,0,0,207,0,0,0,0,2,Magnus Tower,Manoj Patwal,Mumbai,Sunday,6,1,September,2024-09,Q3
2024-09-30,4,1361,1361,0,76353.0,2568.92,0.0,56.1,1361,0,0,0,1361,0,0,0,0,2,Magnus Tower,Manoj Patwal,Mumbai,Monday,0,0,September,2024-09,Q3
2024-10-01,4,1841,1841,0,105541.0,3652.44,0.0,57.33,1841,0,0,0,1841,0,0,0,0,2,Magnus Tower,Manoj Patwal,Mumbai,Tuesday,1,0,October,2024-10,Q4
2024-10-02,4,1256,1256,0,70233.0,2498.91,0.0,55.92,1256,0,0,0,1256,0,0,0,0,2,Magnus Tower,Manoj Patwal,Mumbai,Wednesday,2,0,October,2024-10,Q4
2024-10-03,4,1862,1862,0,104376.0,3672.6,0.0,56.06,1862,0,0,0,1862,0,0,0,0,2,Magnus Tower,Manoj Patwal,Mumbai,Thursday,3,0,October,2024-10,Q4
2024-10-04,4,1680,1680,0,94816.0,3389.98,0.0,56.44,1680,0,0,0,1680,0,0,0,0,2,Magnus Tower,Manoj Patwal,Mumbai,Friday,4,0,October,2024-10,Q4
2024-10-05,4,548,548,0,27406.0,980.74,0.0,50.01,548,0,0,0,548,0,0,0,0,2,Magnus Tower,Manoj Patwal,Mumbai,Saturday,5,1,October,2024-10,Q4
2024-10-06,4,237,237,0,11532.0,345.32,0.0,48.66,237,0,0,0,237,0,0,0,0,2,Magnus Tower,Manoj Patwal,Mumbai,Sunday,6,1,October,2024-10,Q4
2024-10-07,4,1466,1466,0,82285.0,2852.49,0.0,56.13,1466,0,0,0,1466,0,0,0,0,2,Magnus Tower,Manoj Patwal,Mumbai,Monday,0,0,October,2024-10,Q4
2024-10-08,4,1760,1760,0,98962.0,3354.61,0.0,56.23,1760,0,0,0,1760,0,0,0,0,2,Magnus Tower,Manoj Patwal,Mumbai,Tuesday,1,0,October,2024-10,Q4
2024-10-09,4,1954,1954,0,110780.0,3761.05,0.0,56.69,1954,0,0,0,1954,0,0,0,0,2,Magnus Tower,Manoj Patwal,Mumbai,Wednesday,2,0,October,2024-10,Q4
2024-10-10,4,1979,1979,0,112752.0,3975.1,0.0,56.97,1979,0,0,0,1979,0,0,0,0,2,Magnus Tower,Manoj Patwal,Mumbai,Thursday,3,0,October,2024-10,Q4
2024-10-11,4,1514,1514,0,87643.0,3016.91,0.0,57.89,1514,0,0,0,1514,0,0,0,0,2,Magnus Tower,Manoj Patwal,Mumbai,Friday,4,0,October,2024-10,Q4
2024-10-12,4,549,549,0,28253.0,1044.25,0.0,51.46,549,0,0,0,549,0,0,0,0,2,Magnus Tower,Manoj Patwal,Mumbai,Saturday,5,1,October,2024-10,Q4
2024-10-13,4,221,221,0,10482.0,320.5,0.0,47.43,221,0,0,0,221,0,0,0,0,2,Magnus Tower,Manoj Patwal,Mumbai,Sunday,6,1,October,2024-10,Q4
2024-10-14,4,1494,1494,0,84951.0,2842.56,0.0,56.86,1494,0,0,0,1494,0,0,0,0,2,Magnus Tower,Manoj Patwal,Mumbai,Monday,0,0,October,2024-10,Q4
2024-10-15,4,1832,1832,0,104860.0,3572.21,0.0,57.24,1832,0,0,0,1832,0,0,0,0,2,Magnus Tower,Manoj Patwal,Mumbai,Tuesday,1,0,October,2024-10,Q4
2024-10-16,4,1886,1886,0,107868.0,3722.75,0.0,57.19,1886,0,0,0,1886,0,0,0,0,2,Magnus Tower,Manoj Patwal,Mumbai,Wednesday,2,0,October,2024-10,Q4
2024-10-17,4,1831,1831,0,104528.0,3576.13,0.0,57.09,1831,0,0,0,1831,0,0,0,0,2,Magnus Tower,Manoj Patwal,Mumbai,Thursday,3,0,October,2024-10,Q4
2024-10-18,4,1608,1608,0,146374.0,2239.33,0.0,91.03,1608,0,0,0,1608,0,0,0,0,2,Magnus Tower,Manoj Patwal,Mumbai,Friday,4,0,October,2024-10,Q4
2024-10-19,4,462,462,0,24243.0,835.91,0.0,52.47,462,0,0,0,462,0,0,0,0,2,Magnus Tower,Manoj Patwal,Mumbai,Saturday,5,1,October,2024-10,Q4
2024-10-20,4,174,174,0,10072.0,263.2,0.0,57.89,174,0,0,0,174,0,0,0,0,2,Magnus Tower,Manoj Patwal,Mumbai,Sunday,6,1,October,2024-10,Q4
2024-10-21,4,1373,1373,0,78024.0,2505.03,0.0,56.83,1373,0,0,0,1372,1,0,0,0,2,Magnus Tower,Manoj Patwal,Mumbai,Monday,0,0,October,2024-10,Q4
2024-10-22,4,1776,1776,0,101303.0,3560.65,0.0,57.04,1776,0,0,0,1776,0,0,0,0,2,Magnus Tower,Manoj Patwal,Mumbai,Tuesday,1,0,October,2024-10,Q4
2024-10-23,4,1848,1848,0,106239.0,3681.93,0.0,57.49,1848,0,0,0,1848,0,0,0,0,2,Magnus Tower,Manoj Patwal,Mumbai,Wednesday,2,0,October,2024-10,Q4
2024-10-24,4,1789,1789,0,103364.0,3613.27,0.0,57.78,1789,0,0,0,1789,0,0,0,0,2,Magnus Tower,Manoj Patwal,Mumbai,Thursday,3,0,October,2024-10,Q4
2024-10-25,4,1598,1598,0,93477.0,3242.37,0.0,58.5,1598,0,0,0,1598,0,0,0,0,2,Magnus Tower,Manoj Patwal,Mumbai,Friday,4,0,October,2024-10,Q4
2024-10-26,4,386,386,0,20480.0,732.71,0.0,53.06,386,0,0,0,386,0,0,0,0,2,Magnus Tower,Manoj Patwal,Mumbai,Saturday,5,1,October,2024-10,Q4
2024-10-27,4,198,198,0,9452.0,343.03,0.0,47.74,198,0,0,0,198,0,0,0,0,2,Magnus Tower,Manoj Patwal,Mumbai,Sunday,6,1,October,2024-10,Q4
2024-10-28,4,1264,1264,0,74157.0,2438.69,0.0,58.67,1264,0,0,0,1264,0,0,0,0,2,Magnus Tower,Manoj Patwal,Mumbai,Monday,0,0,October,2024-10,Q4
2024-10-29,4,1579,1579,0,89827.0,3075.91,0.0,56.89,1579,0,0,0,1579,0,0,0,0,2,Magnus Tower,Manoj Patwal,Mumbai,Tuesday,1,0,October,2024-10,Q4
2024-10-30,4,1674,1674,0,94801.0,3308.5,0.0,56.63,1674,0,0,0,1674,0,0,0,0,2,Magnus Tower,Manoj Patwal,Mumbai,Wednesday,2,0,October,2024-10,Q4
2024-10-31,4,1382,1382,0,79845.0,2787.23,0.0,57.77,1382,0,0,0,1382,0,0,0,0,2,Magnus Tower,Manoj Patwal,Mumbai,Thursday,3,0,October,2024-10,Q4
2024-11-01,4,911,911,0,53496.0,1893.98,0.0,58.72,911,0,0,0,911,0,0,0,0,2,Magnus Tower,Manoj Patwal,Mumbai,Friday,4,0,November,2024-11,Q4
2024-11-02,4,438,438,0,21552.0,801.7,0.0,49.21,438,0,0,0,438,0,0,0,0,2,Magnus Tower,Manoj Patwal,Mumbai,Saturday,5,1,November,2024-11,Q4
2024-11-03,4,187,187,0,8896.0,317.84,0.0,47.57,187,0,0,0,187,0,0,0,0,2,Magnus Tower,Manoj Patwal,Mumbai,Sunday,6,1,November,2024-11,Q4
2024-11-04,4,1217,1217,0,68207.0,2305.39,0.0,56.05,1217,0,0,0,1217,0,0,0,0,2,Magnus Tower,Manoj Patwal,Mumbai,Monday,0,0,November,2024-11,Q4
2024-11-05,4,1707,1707,0,94305.0,3332.11,0.0,55.25,1707,0,0,0,1707,0,0,0,0,2,Magnus Tower,Manoj Patwal,Mumbai,Tuesday,1,0,November,2024-11,Q4
2024-11-06,4,1873,1873,0,108042.0,3749.97,0.0,57.68,1873,0,0,0,1873,0,0,0,0,2,Magnus Tower,Manoj Patwal,Mumbai,Wednesday,2,0,November,2024-11,Q4
2024-11-07,4,1652,1652,0,93516.0,3197.88,0.0,56.61,1652,0,0,0,1652,0,0,0,0,2,Magnus Tower,Manoj Patwal,Mumbai,Thursday,3,0,November,2024-11,Q4
2024-11-08,4,1481,1481,0,86775.0,2958.28,0.0,58.59,1481,0,0,0,1481,0,0,0,0,2,Magnus Tower,Manoj Patwal,Mumbai,Friday,4,0,November,2024-11,Q4
2024-11-09,4,390,390,0,20078.0,767.64,0.0,51.48,390,0,0,0,390,0,0,0,0,2,Magnus Tower,Manoj Patwal,Mumbai,Saturday,5,1,November,2024-11,Q4
2024-11-10,4,1,1,0,45.0,2.14,0.0,45.0,1,0,0,0,1,0,0,0,0,1,Magnus Tower,Manoj Patwal,Mumbai,Sunday,6,1,November,2024-11,Q4
2024-11-11,4,1072,1072,0,62429.0,1892.49,0.0,58.24,1072,0,0,0,1072,0,0,0,0,2,Magnus Tower,Manoj Patwal,Mumbai,Monday,0,0,November,2024-11,Q4
2024-11-12,4,1714,1714,0,95422.0,3122.57,0.0,55.67,1714,0,0,0,1714,0,0,0,0,2,Magnus Tower,Manoj Patwal,Mumbai,Tuesday,1,0,November,2024-11,Q4
2024-11-13,4,1922,1922,0,108221.0,3579.47,0.0,56.31,1922,0,0,0,1922,0,0,0,0,2,Magnus Tower,Manoj Patwal,Mumbai,Wednesday,2,0,November,2024-11,Q4
2024-11-14,4,1710,1710,0,96459.0,3410.01,0.0,56.41,1710,0,0,0,1710,0,0,0,0,2,Magnus Tower,Manoj Patwal,Mumbai,Thursday,3,0,November,2024-11,Q4
2024-11-15,4,1886,1886,0,162078.0,2405.24,0.0,85.94,1886,0,0,0,1886,0,0,0,0,2,Magnus Tower,Manoj Patwal,Mumbai,Friday,4,0,November,2024-11,Q4
2024-11-16,4,523,523,0,27020.0,997.04,0.0,51.66,523,0,0,0,523,0,0,0,0,2,Magnus Tower,Manoj Patwal,Mumbai,Saturday,5,1,November,2024-11,Q4
2024-11-17,4,201,201,0,9807.0,337.66,0.0,48.79,201,0,0,0,201,0,0,0,0,2,Magnus Tower,Manoj Patwal,Mumbai,Sunday,6,1,November,2024-11,Q4
2024-11-18,4,1250,1250,0,70053.0,2229.73,0.0,56.04,1250,0,0,0,1250,0,0,0,0,2,Magnus Tower,Manoj Patwal,Mumbai,Monday,0,0,November,2024-11,Q4
2024-11-19,4,1630,1630,0,92533.0,3084.89,0.0,56.77,1630,0,0,0,1630,0,0,0,0,2,Magnus Tower,Manoj Patwal,Mumbai,Tuesday,1,0,November,2024-11,Q4
2024-11-20,4,355,355,0,18020.0,710.26,0.0,50.76,355,0,0,0,355,0,0,0,0,2,Magnus Tower,Manoj Patwal,Mumbai,Wednesday,2,0,November,2024-11,Q4
2024-11-21,4,1296,1296,0,73195.0,2334.94,0.0,56.48,1296,0,0,0,1296,0,0,0,0,2,Magnus Tower,Manoj Patwal,Mumbai,Thursday,3,0,November,2024-11,Q4
2024-11-22,4,1961,1961,0,169510.0,2267.01,0.0,86.44,1961,0,0,0,1961,0,0,0,0,2,Magnus Tower,Manoj Patwal,Mumbai,Friday,4,0,November,2024-11,Q4
2024-11-23,4,505,505,0,24337.0,862.96,0.0,48.19,505,0,0,0,505,0,0,0,0,2,Magnus Tower,Manoj Patwal,Mumbai,Saturday,5,1,November,2024-11,Q4
2024-11-24,4,223,223,0,9942.0,360.88,0.0,44.58,223,0,0,0,223,0,0,0,0,2,Magnus Tower,Manoj Patwal,Mumbai,Sunday,6,1,November,2024-11,Q4
2024-11-25,4,1225,1225,0,71645.0,2345.83,0.0,58.49,1225,0,0,0,1225,0,0,0,0,2,Magnus Tower,Manoj Patwal,Mumbai,Monday,0,0,November,2024-11,Q4
2024-11-26,4,1609,1609,0,87005.0,2907.46,0.0,54.07,1609,0,0,0,1609,0,0,0,0,2,Magnus Tower,Manoj Patwal,Mumbai,Tuesday,1,0,November,2024-11,Q4
2024-11-27,4,1702,1702,0,94789.0,3257.18,0.0,55.69,1702,0,0,0,1702,0,0,0,0,2,Magnus Tower,Manoj Patwal,Mumbai,Wednesday,2,0,November,2024-11,Q4
2024-11-28,4,1003,1003,0,55319.0,1942.0,0.0,55.15,1003,0,0,0,1003,0,0,0,0,2,Magnus Tower,Manoj Patwal,Mumbai,Thursday,3,0,November,2024-11,Q4
2024-11-29,4,1091,1091,0,61463.0,2024.93,0.0,56.34,1091,0,0,0,1091,0,0,0,0,2,Magnus Tower,Manoj Patwal,Mumbai,Friday,4,0,November,2024-11,Q4
2024-11-30,4,503,503,0,26070.0,938.16,0.0,51.83,503,0,0,0,503,0,0,0,0,2,Magnus Tower,Manoj Patwal,Mumbai,Saturday,5,1,November,2024-11,Q4
2024-12-01,4,188,188,0,8585.0,304.66,0.0,45.66,188,0,0,0,188,0,0,0,0,2,Magnus Tower,Manoj Patwal,Mumbai,Sunday,6,1,December,2024-12,Q4
2024-12-02,4,1140,1140,0,63330.0,1979.29,0.0,55.55,1140,0,0,0,1140,0,0,0,0,2,Magnus Tower,Manoj Patwal,Mumbai,Monday,0,0,December,2024-12,Q4
2024-12-03,4,1539,1539,0,85289.0,2873.63,0.0,55.42,1539,0,0,0,1539,0,0,0,0,2,Magnus Tower,Manoj Patwal,Mumbai,Tuesday,1,0,December,2024-12,Q4
2024-12-04,4,1715,1715,0,95255.0,3285.57,0.0,55.54,1715,0,0,0,1715,0,0,0,0,2,Magnus Tower,Manoj Patwal,Mumbai,Wednesday,2,0,December,2024-12,Q4
2024-12-05,4,1632,1632,0,88945.0,3171.81,0.0,54.5,1632,0,0,0,1632,0,0,0,0,2,Magnus Tower,Manoj Patwal,Mumbai,Thursday,3,0,December,2024-12,Q4
2024-12-06,4,1275,1275,0,72915.0,2645.77,0.0,57.19,1275,0,0,0,1275,0,0,0,0,2,Magnus Tower,Manoj Patwal,Mumbai,Friday,4,0,December,2024-12,Q4
2024-12-07,4,496,496,0,25252.0,899.23,0.0,50.91,496,0,0,0,496,0,0,0,0,2,Magnus Tower,Manoj Patwal,Mumbai,Saturday,5,1,December,2024-12,Q4
2024-12-08,4,175,175,0,8893.0,309.87,0.0,50.82,175,0,0,0,175,0,0,0,0,2,Magnus Tower,Manoj Patwal,Mumbai,Sunday,6,1,December,2024-12,Q4
2024-12-09,4,1182,1182,0,66912.0,2295.97,0.0,56.61,1182,0,0,0,1182,0,0,0,0,2,Magnus Tower,Manoj Patwal,Mumbai,Monday,0,0,December,2024-12,Q4
2024-12-10,4,1638,1638,0,90378.0,3062.0,0.0,55.18,1638,0,0,0,1638,0,0,0,0,2,Magnus Tower,Manoj Patwal,Mumbai,Tuesday,1,0,December,2024-12,Q4
2024-12-11,4,1707,1707,0,98664.0,3505.09,0.0,57.8,1707,0,0,0,1707,0,0,0,0,2,Magnus Tower,Manoj Patwal,Mumbai,Wednesday,2,0,December,2024-12,Q4
2024-12-12,4,1581,1581,0,88201.0,3162.68,0.0,55.79,1581,0,0,0,1581,0,0,0,0,2,Magnus Tower,Manoj Patwal,Mumbai,Thursday,3,0,December,2024-12,Q4
2024-12-13,4,1796,1796,0,152575.0,2254.92,0.0,84.95,1796,0,0,0,1796,0,0,0,0,2,Magnus Tower,Manoj Patwal,Mumbai,Friday,4,0,December,2024-12,Q4
2024-12-14,4,447,447,0,21307.0,781.61,0.0,47.67,447,0,0,0,447,0,0,0,0,2,Magnus Tower,Manoj Patwal,Mumbai,Saturday,5,1,December,2024-12,Q4
2024-12-15,4,215,215,0,10078.0,347.52,0.0,46.87,215,0,0,0,215,0,0,0,0,2,Magnus Tower,Manoj Patwal,Mumbai,Sunday,6,1,December,2024-12,Q4
2024-12-16,4,1171,1171,0,65676.0,2133.96,0.0,56.09,1171,0,0,0,1171,0,0,0,0,2,Magnus Tower,Manoj Patwal,Mumbai,Monday,0,0,December,2024-12,Q4
2024-12-17,4,1212,1212,0,66973.0,2307.43,0.0,55.26,1212,0,0,0,1212,0,0,0,0,2,Magnus Tower,Manoj Patwal,Mumbai,Tuesday,1,0,December,2024-12,Q4
2024-12-18,4,1636,1636,0,90868.0,3148.06,0.0,55.54,1636,0,0,0,1636,0,0,0,0,2,Magnus Tower,Manoj Patwal,Mumbai,Wednesday,2,0,December,2024-12,Q4
2024-12-19,4,1531,1531,0,88023.0,2957.35,0.0,57.49,1531,0,0,0,1531,0,0,0,0,2,Magnus Tower,Manoj Patwal,Mumbai,Thursday,3,0,December,2024-12,Q4
2024-12-20,4,1174,1174,0,67802.0,2370.2,0.0,57.75,1174,0,0,0,1174,0,0,0,0,2,Magnus Tower,Manoj Patwal,Mumbai,Friday,4,0,December,2024-12,Q4
2024-12-21,4,457,457,0,22770.0,796.97,0.0,49.82,457,0,0,0,457,0,0,0,0,2,Magnus Tower,Manoj Patwal,Mumbai,Saturday,5,1,December,2024-12,Q4
2024-12-22,4,185,185,0,9090.0,304.52,0.0,49.14,185,0,0,0,185,0,0,0,0,2,Magnus Tower,Manoj Patwal,Mumbai,Sunday,6,1,December,2024-12,Q4
2024-12-23,4,770,770,0,42434.0,1492.16,0.0,55.11,770,0,0,0,770,0,0,0,0,2,Magnus Tower,Manoj Patwal,Mumbai,Monday,0,0,December,2024-12,Q4
2024-12-24,4,874,874,0,47159.0,1654.69,0.0,53.96,874,0,0,0,874,0,0,0,0,2,Magnus Tower,Manoj Patwal,Mumbai,Tuesday,1,0,December,2024-12,Q4
2024-12-25,4,353,353,0,18827.0,712.09,0.0,53.33,353,0,0,0,353,0,0,0,0,2,Magnus Tower,Manoj Patwal,Mumbai,Wednesday,2,0,December,2024-12,Q4
2024-12-26,4,711,711,0,40627.0,1269.94,0.0,57.14,711,0,0,0,711,0,0,0,0,2,Magnus Tower,Manoj Patwal,Mumbai,Thursday,3,0,December,2024-12,Q4
2024-12-27,4,910,910,0,51002.0,1807.53,0.0,56.05,910,0,0,0,910,0,0,0,0,2,Magnus Tower,Manoj Patwal,Mumbai,Friday,4,0,December,2024-12,Q4
2024-12-28,4,449,449,0,23195.0,816.46,0.0,51.66,449,0,0,0,449,0,0,0,0,2,Magnus Tower,Manoj Patwal,Mumbai,Saturday,5,1,December,2024-12,Q4
2024-12-29,4,173,173,0,7661.0,286.98,0.0,44.28,173,0,0,0,173,0,0,0,0,2,Magnus Tower,Manoj Patwal,Mumbai,Sunday,6,1,December,2024-12,Q4
2024-12-30,4,679,679,0,37300.0,1260.73,0.0,54.93,679,0,0,0,679,0,0,0,0,2,Magnus Tower,Manoj Patwal,Mumbai,Monday,0,0,December,2024-12,Q4
2024-12-31,4,720,720,0,38419.0,1343.43,0.0,53.36,720,0,0,0,720,0,0,0,0,2,Magnus Tower,Manoj Patwal,Mumbai,Tuesday,1,0,December,2024-12,Q4
2025-01-01,4,655,655,0,35547.0,1265.49,0.0,54.27,655,0,0,0,655,0,0,0,0,2,Magnus Tower,Manoj Patwal,Mumbai,Wednesday,2,0,January,2025-01,Q1
2025-01-02,4,1446,1446,0,79942.0,2592.52,0.0,55.28,1446,0,0,0,1446,0,0,0,0,2,Magnus Tower,Manoj Patwal,Mumbai,Thursday,3,0,January,2025-01,Q1
2025-01-03,4,1471,1471,0,78959.0,2688.99,0.0,53.68,1471,0,0,0,1471,0,0,0,0,2,Magnus Tower,Manoj Patwal,Mumbai,Friday,4,0,January,2025-01,Q1
2025-01-04,4,677,677,0,34046.0,1133.86,0.0,50.29,677,0,0,0,677,0,0,0,0,2,Magnus Tower,Manoj Patwal,Mumbai,Saturday,5,1,January,2025-01,Q1
2025-01-05,4,267,267,0,12394.0,429.52,0.0,46.42,267,0,0,0,267,0,0,0,0,2,Magnus Tower,Manoj Patwal,Mumbai,Sunday,6,1,January,2025-01,Q1
2025-01-06,4,1217,1217,0,67982.0,2047.79,0.0,55.86,1217,0,0,0,1217,0,0,0,0,2,Magnus Tower,Manoj Patwal,Mumbai,Monday,0,0,January,2025-01,Q1
2025-01-07,4,1531,1531,0,84843.0,2612.63,0.0,55.42,1531,0,0,0,1531,0,0,0,0,2,Magnus Tower,Manoj Patwal,Mumbai,Tuesday,1,0,January,2025-01,Q1
2025-01-08,4,1900,1900,0,105303.0,3425.42,0.0,55.42,1900,0,0,0,1900,0,0,0,0,2,Magnus Tower,Manoj Patwal,Mumbai,Wednesday,2,0,January,2025-01,Q1
2025-01-09,4,1653,1653,0,92587.0,3069.94,0.0,56.01,1653,0,0,0,1653,0,0,0,0,2,Magnus Tower,Manoj Patwal,Mumbai,Thursday,3,0,January,2025-01,Q1
2025-01-10,4,1579,1579,0,88486.0,2927.24,0.0,56.04,1579,0,0,0,1579,0,0,0,0,2,Magnus Tower,Manoj Patwal,Mumbai,Friday,4,0,January,2025-01,Q1
2025-01-11,4,583,583,0,29258.0,950.56,0.0,50.19,583,0,0,0,583,0,0,0,0,2,Magnus Tower,Manoj Patwal,Mumbai,Saturday,5,1,January,2025-01,Q1
2025-01-12,4,240,240,0,10520.0,331.12,0.0,43.83,240,0,0,0,240,0,0,0,0,2,Magnus Tower,Manoj Patwal,Mumbai,Sunday,6,1,January,2025-01,Q1
2025-01-13,4,1151,1151,0,63990.0,1964.69,0.0,55.6,1151,0,0,0,1151,0,0,0,0,2,Magnus Tower,Manoj Patwal,Mumbai,Monday,0,0,January,2025-01,Q1
2025-01-14,4,1093,1093,0,59095.0,1819.53,0.0,54.07,1093,0,0,0,1093,0,0,0,0,2,Magnus Tower,Manoj Patwal,Mumbai,Tuesday,1,0,January,2025-01,Q1
2025-01-15,4,1768,1768,0,99251.0,3279.27,0.0,56.14,1768,0,0,0,1768,0,0,0,0,2,Magnus Tower,Manoj Patwal,Mumbai,Wednesday,2,0,January,2025-01,Q1
2025-01-16,4,1775,1775,0,98370.0,3166.27,0.0,55.42,1775,0,0,0,1775,0,0,0,0,2,Magnus Tower,Manoj Patwal,Mumbai,Thursday,3,0,January,2025-01,Q1
2025-01-17,4,1451,1451,0,81144.0,2707.58,0.0,55.92,1451,0,0,0,1451,0,0,0,0,2,Magnus Tower,Manoj Patwal,Mumbai,Friday,4,0,January,2025-01,Q1
2025-01-18,4,541,541,0,28239.0,959.92,0.0,52.2,541,0,0,0,541,0,0,0,0,2,Magnus Tower,Manoj Patwal,Mumbai,Saturday,5,1,January,2025-01,Q1
2025-01-19,4,219,219,0,9079.0,324.01,0.0,41.46,219,0,0,0,219,0,0,0,0,2,Magnus Tower,Manoj Patwal,Mumbai,Sunday,6,1,January,2025-01,Q1
2025-01-20,4,1176,1176,0,66416.0,2062.46,0.0,56.48,1176,0,0,0,1176,0,0,0,0,2,Magnus Tower,Manoj Patwal,Mumbai,Monday,0,0,January,2025-01,Q1
2025-01-21,4,1547,1547,0,86140.0,2895.18,0.0,55.68,1547,0,0,0,1547,0,0,0,0,2,Magnus Tower,Manoj Patwal,Mumbai,Tuesday,1,0,January,2025-01,Q1
2025-01-22,4,1827,1827,0,102414.0,3341.75,0.0,56.06,1827,0,0,0,1827,0,0,0,0,2,Magnus Tower,Manoj Patwal,Mumbai,Wednesday,2,0,January,2025-01,Q1
2025-01-23,4,1701,1701,0,92228.0,2990.54,0.0,54.22,1701,0,0,0,1701,0,0,0,0,2,Magnus Tower,Manoj Patwal,Mumbai,Thursday,3,0,January,2025-01,Q1
2025-01-24,4,1906,1906,0,160398.0,2412.92,0.0,84.15,1906,0,0,0,1906,0,0,0,0,2,Magnus Tower,Manoj Patwal,Mumbai,Friday,4,0,January,2025-01,Q1
2025-01-25,4,530,530,0,26400.0,830.22,0.0,49.81,530,0,0,0,530,0,0,0,0,2,Magnus Tower,Manoj Patwal,Mumbai,Saturday,5,1,January,2025-01,Q1
2025-01-26,4,93,93,0,3886.0,176.2,0.0,41.78,93,0,0,0,93,0,0,0,0,2,Magnus Tower,Manoj Patwal,Mumbai,Sunday,6,1,January,2025-01,Q1
2025-01-27,4,1170,1170,0,66961.0,2031.22,0.0,57.23,1170,0,0,0,1170,0,0,0,0,2,Magnus Tower,Manoj Patwal,Mumbai,Monday,0,0,January,2025-01,Q1
2025-01-28,4,1664,1664,0,90892.0,3056.86,0.0,54.62,1664,0,0,0,1664,0,0,0,0,2,Magnus Tower,Manoj Patwal,Mumbai,Tuesday,1,0,January,2025-01,Q1
2025-01-29,4,1843,1843,0,102409.0,3517.68,0.0,55.57,1843,0,0,0,1843,0,0,0,0,2,Magnus Tower,Manoj Patwal,Mumbai,Wednesday,2,0,January,2025-01,Q1
2025-01-30,4,1658,1658,0,92165.0,3065.89,0.0,55.59,1658,0,0,0,1658,0,0,0,0,2,Magnus Tower,Manoj Patwal,Mumbai,Thursday,3,0,January,2025-01,Q1
2025-01-31,4,1381,1381,0,78310.0,2468.32,0.0,56.71,1381,0,0,0,1381,0,0,0,0,2,Magnus Tower,Manoj Patwal,Mumbai,Friday,4,0,January,2025-01,Q1
2025-02-01,4,554,554,0,29409.0,853.09,0.0,53.08,554,0,0,0,554,0,0,0,0,2,Magnus Tower,Manoj Patwal,Mumbai,Saturday,5,1,February,2025-02,Q1
2025-02-02,4,207,207,0,12366.0,258.13,0.0,59.74,207,0,0,0,207,0,0,0,0,2,Magnus Tower,Manoj Patwal,Mumbai,Sunday,6,1,February,2025-02,Q1
2025-02-03,4,1264,1264,0,70694.0,2193.42,0.0,55.93,1264,0,0,0,1264,0,0,0,0,2,Magnus Tower,Manoj Patwal,Mumbai,Monday,0,0,February,2025-02,Q1
2025-02-04,4,1663,1663,0,94042.0,3069.79,0.0,56.55,1663,0,0,0,1663,0,0,0,0,2,Magnus Tower,Manoj Patwal,Mumbai,Tuesday,1,0,February,2025-02,Q1
2025-02-05,4,1923,1923,0,108155.0,3503.91,0.0,56.24,1923,0,0,0,1923,0,0,0,0,2,Magnus Tower,Manoj Patwal,Mumbai,Wednesday,2,0,February,2025-02,Q1
2025-02-06,4,1827,1827,0,101410.0,3472.53,0.0,55.51,1827,0,0,0,1827,0,0,0,0,2,Magnus Tower,Manoj Patwal,Mumbai,Thursday,3,0,February,2025-02,Q1
2025-02-07,4,1992,1992,0,174524.0,2306.82,0.0,87.61,1992,0,0,0,1992,0,0,0,0,2,Magnus Tower,Manoj Patwal,Mumbai,Friday,4,0,February,2025-02,Q1
2025-02-08,4,541,541,0,26229.0,853.02,0.0,48.48,541,0,0,0,541,0,0,0,0,2,Magnus Tower,Manoj Patwal,Mumbai,Saturday,5,1,February,2025-02,Q1
2025-02-09,4,226,226,0,13224.0,331.87,0.0,58.51,226,0,0,0,226,0,0,0,0,2,Magnus Tower,Manoj Patwal,Mumbai,Sunday,6,1,February,2025-02,Q1
2025-02-10,4,1217,1217,0,68511.0,2137.19,0.0,56.29,1217,0,0,0,1217,0,0,0,0,2,Magnus Tower,Manoj Patwal,Mumbai,Monday,0,0,February,2025-02,Q1
2025-02-11,4,1632,1632,0,88275.0,2983.89,0.0,54.09,1632,0,0,0,1632,0,0,0,0,2,Magnus Tower,Manoj Patwal,Mumbai,Tuesday,1,0,February,2025-02,Q1
2025-02-12,4,1869,1869,0,105607.0,3537.27,0.0,56.5,1869,0,0,0,1869,0,0,0,0,2,Magnus Tower,Manoj Patwal,Mumbai,Wednesday,2,0,February,2025-02,Q1
2025-02-13,4,1646,1646,0,90962.0,3027.13,0.0,55.26,1646,0,0,0,1646,0,0,0,0,2,Magnus Tower,Manoj Patwal,Mumbai,Thursday,3,0,February,2025-02,Q1
2025-02-14,4,1383,1383,0,79565.0,2654.4,0.0,57.53,1383,0,0,0,1383,0,0,0,0,2,Magnus Tower,Manoj Patwal,Mumbai,Friday,4,0,February,2025-02,Q1
2025-02-15,4,569,569,0,27151.0,923.04,0.0,47.72,569,0,0,0,569,0,0,0,0,2,Magnus Tower,Manoj Patwal,Mumbai,Saturday,5,1,February,2025-02,Q1
2025-02-16,4,129,129,0,6450.0,169.92,0.0,50.0,129,0,0,0,129,0,0,0,0,2,Magnus Tower,Manoj Patwal,Mumbai,Sunday,6,1,February,2025-02,Q1
2025-02-17,4,1277,1277,0,80309.0,2568.33,0.0,62.89,1277,0,0,0,1277,0,0,0,0,2,Magnus Tower,Manoj Patwal,Mumbai,Monday,0,0,February,2025-02,Q1
2025-02-18,4,1563,1563,0,96995.0,3072.72,0.0,62.06,1563,0,0,0,1563,0,0,0,0,2,Magnus Tower,Manoj Patwal,Mumbai,Tuesday,1,0,February,2025-02,Q1
2025-02-19,4,1801,1801,0,113305.0,3795.08,0.0,62.91,1801,0,0,0,1801,0,0,0,0,2,Magnus Tower,Manoj Patwal,Mumbai,Wednesday,2,0,February,2025-02,Q1
2025-02-20,4,1704,1704,0,104925.0,3542.06,0.0,61.58,1704,0,0,0,1704,0,0,0,0,2,Magnus Tower,Manoj Patwal,Mumbai,Thursday,3,0,February,2025-02,Q1
2025-02-21,4,1454,1454,0,88382.0,2910.17,0.0,60.79,1454,0,0,0,1454,0,0,0,0,2,Magnus Tower,Manoj Patwal,Mumbai,Friday,4,0,February,2025-02,Q1
2025-02-22,4,514,514,0,27812.0,948.04,0.0,54.11,514,0,0,0,514,0,0,0,0,2,Magnus Tower,Manoj Patwal,Mumbai,Saturday,5,1,February,2025-02,Q1
2025-02-23,4,185,185,0,10374.0,284.62,0.0,56.08,185,0,0,0,185,0,0,0,0,2,Magnus Tower,Manoj Patwal,Mumbai,Sunday,6,1,February,2025-02,Q1
2025-02-24,4,1098,1098,0,71433.0,2108.74,0.0,65.06,1098,0,0,0,1098,0,0,0,0,2,Magnus Tower,Manoj Patwal,Mumbai,Monday,0,0,February,2025-02,Q1
2025-02-25,4,1497,1497,0,93547.0,3068.69,0.0,62.49,1497,0,0,0,1496,1,0,0,0,2,Magnus Tower,Manoj Patwal,Mumbai,Tuesday,1,0,February,2025-02,Q1
2025-02-26,4,1709,1709,0,102917.0,3385.43,0.0,60.22,1709,0,0,0,1709,0,0,0,0,2,Magnus Tower,Manoj Patwal,Mumbai,Wednesday,2,0,February,2025-02,Q1
2025-02-27,4,1649,1649,0,101182.0,3489.83,0.0,61.36,1649,0,0,0,1649,0,0,0,0,2,Magnus Tower,Manoj Patwal,Mumbai,Thursday,3,0,February,2025-02,Q1
2025-02-28,4,1370,1370,0,85848.0,2904.53,0.0,62.66,1370,0,0,0,1370,0,0,0,0,2,Magnus Tower,Manoj Patwal,Mumbai,Friday,4,0,February,2025-02,Q1
2025-03-01,4,509,509,0,29014.0,1009.97,0.0,57.0,509,0,0,0,509,0,0,0,0,2,Magnus Tower,Manoj Patwal,Mumbai,Saturday,5,1,March,2025-03,Q1
2025-03-02,4,224,224,0,11533.0,375.66,0.0,51.49,224,0,0,0,224,0,0,0,0,2,Magnus Tower,Manoj Patwal,Mumbai,Sunday,6,1,March,2025-03,Q1
2025-03-03,4,1292,1292,0,78167.0,2435.86,0.0,60.5,1292,0,0,0,1292,0,0,0,0,2,Magnus Tower,Manoj Patwal,Mumbai,Monday,0,0,March,2025-03,Q1
2025-03-04,4,1450,1450,0,86363.0,2920.22,0.0,59.56,1450,0,0,0,1450,0,0,0,0,2,Magnus Tower,Manoj Patwal,Mumbai,Tuesday,1,0,March,2025-03,Q1
2025-03-05,4,1711,1711,0,102421.0,3379.06,0.0,59.86,1711,0,0,0,1711,0,0,0,0,2,Magnus Tower,Manoj Patwal,Mumbai,Wednesday,2,0,March,2025-03,Q1
2025-03-06,4,1812,1812,0,110502.0,3724.97,0.0,60.98,1812,0,0,0,1812,0,0,0,0,2,Magnus Tower,Manoj Patwal,Mumbai,Thursday,3,0,March,2025-03,Q1
2025-03-07,4,1855,1855,0,153118.0,2556.4,0.0,82.54,1855,0,0,0,1331,524,0,0,0,2,Magnus Tower,Manoj Patwal,Mumbai,Friday,4,0,March,2025-03,Q1
2025-03-08,4,505,505,0,26155.0,883.29,0.0,51.79,505,0,0,0,495,10,0,0,0,2,Magnus Tower,Manoj Patwal,Mumbai,Saturday,5,1,March,2025-03,Q1
2025-03-09,4,240,240,0,14853.0,355.86,0.0,61.89,240,0,0,0,239,1,0,0,0,2,Magnus Tower,Manoj Patwal,Mumbai,Sunday,6,1,March,2025-03,Q1
2025-03-10,4,1358,1358,0,83548.0,2657.55,0.0,61.52,1358,0,0,0,475,871,0,12,0,2,Magnus Tower,Manoj Patwal,Mumbai,Monday,0,0,March,2025-03,Q1
2025-03-11,4,1591,1591,0,99800.0,3330.23,0.0,62.73,1591,0,0,0,251,1305,1,34,0,2,Magnus Tower,Manoj Patwal,Mumbai,Tuesday,1,0,March,2025-03,Q1
2025-03-12,4,1711,1711,0,107399.0,3649.32,0.0,62.77,1711,0,0,0,278,1391,0,42,0,2,Magnus Tower,Manoj Patwal,Mumbai,Wednesday,2,0,March,2025-03,Q1
2025-03-13,4,1621,1621,0,102124.0,3545.07,0.0,63.0,1621,0,0,0,250,1341,2,28,0,2,Magnus Tower,Manoj Patwal,Mumbai,Thursday,3,0,March,2025-03,Q1
2025-03-14,4,916,916,0,53968.0,1762.81,0.0,58.92,916,0,0,0,229,668,0,19,0,2,Magnus Tower,Manoj Patwal,Mumbai,Friday,4,0,March,2025-03,Q1
2025-03-15,4,503,503,0,27993.0,804.21,0.0,55.65,503,0,0,0,74,413,0,16,0,2,Magnus Tower,Manoj Patwal,Mumbai,Saturday,5,1,March,2025-03,Q1
2025-03-16,4,194,194,0,9914.0,257.22,0.0,51.1,194,0,0,0,103,86,0,5,0,1,Magnus Tower,Manoj Patwal,Mumbai,Sunday,6,1,March,2025-03,Q1
2025-03-17,4,1173,1173,0,71702.0,2283.34,0.0,61.13,1173,0,0,0,168,996,0,9,0,2,Magnus Tower,Manoj Patwal,Mumbai,Monday,0,0,March,2025-03,Q1
2025-03-18,4,1594,1594,0,95215.0,3214.3,0.0,59.73,1594,0,0,0,273,1303,1,17,0,2,Magnus Tower,Manoj Patwal,Mumbai,Tuesday,1,0,March,2025-03,Q1
2025-03-19,4,1606,1606,0,101614.0,3483.94,0.0,63.27,1606,0,0,0,287,1279,0,40,0,2,Magnus Tower,Manoj Patwal,Mumbai,Wednesday,2,0,March,2025-03,Q1
2025-03-20,4,1611,1611,0,98240.0,3267.93,0.0,60.98,1611,0,0,0,300,1260,0,51,0,2,Magnus Tower,Manoj Patwal,Mumbai,Thursday,3,0,March,2025-03,Q1
2025-03-21,4,1449,1449,0,88025.0,2841.42,0.0,60.75,1449,0,0,0,278,1141,1,29,0,2,Magnus Tower,Manoj Patwal,Mumbai,Friday,4,0,March,2025-03,Q1
2025-03-22,4,500,500,0,28042.0,871.88,0.0,56.08,500,0,0,0,91,386,0,23,0,2,Magnus Tower,Manoj Patwal,Mumbai,Saturday,5,1,March,2025-03,Q1
2025-03-23,4,194,194,0,12007.0,230.01,0.0,61.89,194,0,0,0,126,63,0,5,0,2,Magnus Tower,Manoj Patwal,Mumbai,Sunday,6,1,March,2025-03,Q1
2025-03-24,4,1157,1157,0,72964.0,2240.36,0.0,63.06,1157,0,0,0,198,922,1,36,0,2,Magnus Tower,Manoj Patwal,Mumbai,Monday,0,0,March,2025-03,Q1
2025-03-25,4,1533,1533,0,95982.0,3125.91,0.0,62.61,1533,0,0,0,280,1215,1,37,0,2,Magnus Tower,Manoj Patwal,Mumbai,Tuesday,1,0,March,2025-03,Q1
2025-03-26,4,1659,1659,0,103058.0,3520.47,0.0,62.12,1659,0,0,0,296,1307,1,55,0,2,Magnus Tower,Manoj Patwal,Mumbai,Wednesday,2,0,March,2025-03,Q1
2025-03-27,4,1569,1569,0,97746.0,3323.8,0.0,62.3,1569,0,0,0,298,1221,2,48,0,2,Magnus Tower,Manoj Patwal,Mumbai,Thursday,3,0,March,2025-03,Q1
2025-03-28,4,1357,1357,0,82944.0,2934.84,0.0,61.12,1357,0,0,0,235,1077,4,41,0,2,Magnus Tower,Manoj Patwal,Mumbai,Friday,4,0,March,2025-03,Q1
2025-03-29,4,460,460,0,24467.0,821.61,0.0,53.19,460,0,0,0,99,347,0,14,0,2,Magnus Tower,Manoj Patwal,Mumbai,Saturday,5,1,March,2025-03,Q1
2025-03-30,4,182,182,0,10789.0,231.5,0.0,59.28,182,0,0,0,108,70,0,4,0,2,Magnus Tower,Manoj Patwal,Mumbai,Sunday,6,1,March,2025-03,Q1
2025-03-31,4,711,711,0,42778.0,1352.57,0.0,60.17,711,0,0,0,117,572,0,22,0,2,Magnus Tower,Manoj Patwal,Mumbai,Monday,0,0,March,2025-03,Q1
2025-04-01,4,708,708,0,36804.0,1330.7,0.0,51.98,708,0,0,0,135,541,2,30,0,2,Magnus Tower,Manoj Patwal,Mumbai,Tuesday,1,0,April,2025-04,Q2
2024-08-28,9,4,4,0,88.0,4.2,0.0,22.0,0,4,0,0,0,0,0,0,2,1,Magma,Sushant Kote,Hyderabad,Wednesday,2,0,August,2024-08,Q3
2024-08-31,9,2,2,0,44.0,2.1,0.0,22.0,0,2,0,0,0,0,0,0,1,1,Magma,Sushant Kote,Hyderabad,Saturday,5,1,August,2024-08,Q3
2024-09-03,9,2,2,0,170.0,3.33,0.0,85.0,0,2,0,0,0,0,0,0,2,2,Magma,Sushant Kote,Hyderabad,Tuesday,1,0,September,2024-09,Q3
2024-09-04,9,5,5,0,266.0,10.28,0.0,53.2,0,5,0,0,0,0,0,0,2,3,Magma,Sushant Kote,Hyderabad,Wednesday,2,0,September,2024-09,Q3
2024-09-05,9,4,4,0,310.0,14.76,0.0,77.5,0,4,0,0,0,0,0,0,1,4,Magma,Sushant Kote,Hyderabad,Thursday,3,0,September,2024-09,Q3
2024-09-06,9,3,3,0,130.0,6.19,0.0,43.33,0,3,0,0,0,0,0,0,1,3,Magma,Sushant Kote,Hyderabad,Friday,4,0,September,2024-09,Q3
2024-09-07,9,1,1,0,31.0,0.95,0.0,31.0,0,1,0,0,0,0,0,0,0,1,Magma,Sushant Kote,Hyderabad,Saturday,5,1,September,2024-09,Q3
2024-09-08,9,1,1,0,11.0,0.52,0.0,11.0,0,1,0,0,0,0,0,0,0,1,Magma,Sushant Kote,Hyderabad,Sunday,6,1,September,2024-09,Q3
2024-09-09,9,1,1,0,20.0,0.95,0.0,20.0,0,1,0,0,0,0,0,0,1,1,Magma,Sushant Kote,Hyderabad,Monday,0,0,September,2024-09,Q3
2024-09-10,9,11,11,0,832.0,35.57,0.0,75.64,0,11,0,0,0,0,0,0,5,7,Magma,Sushant Kote,Hyderabad,Tuesday,1,0,September,2024-09,Q3
2024-09-11,9,7,7,0,490.0,21.89,0.0,70.0,0,7,0,0,0,0,0,0,5,4,Magma,Sushant Kote,Hyderabad,Wednesday,2,0,September,2024-09,Q3
2024-09-12,9,6,6,0,490.0,20.72,0.0,81.67,0,6,0,0,0,0,0,0,0,5,Magma,Sushant Kote,Hyderabad,Thursday,3,0,September,2024-09,Q3
2024-09-17,9,1,1,0,40.0,1.9,0.0,40.0,0,1,0,0,0,0,0,0,1,1,Magma,Sushant Kote,Hyderabad,Tuesday,1,0,September,2024-09,Q3
2024-09-18,9,1,1,0,47.0,0.95,0.0,47.0,0,1,0,0,0,0,0,0,1,1,Magma,Sushant Kote,Hyderabad,Wednesday,2,0,September,2024-09,Q3
2024-09-19,9,6,6,0,710.0,33.81,0.0,118.33,0,6,0,0,0,0,0,0,3,5,Magma,Sushant Kote,Hyderabad,Thursday,3,0,September,2024-09,Q3
2024-09-20,9,2,2,0,205.0,6.42,0.0,102.5,0,2,0,0,0,0,0,0,0,2,Magma,Sushant Kote,Hyderabad,Friday,4,0,September,2024-09,Q3
2024-09-23,9,6,6,0,435.0,18.33,0.0,72.5,0,6,0,0,0,0,0,0,3,5,Magma,Sushant Kote,Hyderabad,Monday,0,0,September,2024-09,Q3
2024-09-29,9,53,53,0,2026.0,42.45,0.0,38.23,4,21,28,0,0,4,20,8,11,17,Magma,Sushant Kote,Hyderabad,Sunday,6,1,September,2024-09,Q3
2024-09-30,9,5569,5569,0,371693.0,8491.55,0.0,66.74,303,2790,2476,0,0,3,2284,492,1288,1768,Magma,Sushant Kote,Hyderabad,Monday,0,0,September,2024-09,Q3
2024-10-01,9,5904,5904,0,404545.0,9910.93,0.0,68.52,350,3210,2344,0,0,1,2185,508,1441,1990,Magma,Sushant Kote,Hyderabad,Tuesday,1,0,October,2024-10,Q4
2024-10-02,9,350,350,0,14410.0,349.25,0.0,41.17,0,241,109,0,0,0,93,16,125,180,Magma,Sushant Kote,Hyderabad,Wednesday,2,0,October,2024-10,Q4
2024-10-03,9,5497,5497,0,379296.0,9433.24,0.0,69.0,295,3110,2092,0,0,0,1956,431,1406,1935,Magma,Sushant Kote,Hyderabad,Thursday,3,0,October,2024-10,Q4
2024-10-04,9,4370,4370,0,307293.0,7555.73,0.0,70.32,223,2429,1718,0,0,0,1586,355,1094,1564,Magma,Sushant Kote,Hyderabad,Friday,4,0,October,2024-10,Q4
2024-10-05,9,196,196,0,13073.0,125.7,0.0,66.7,0,89,107,0,0,0,101,6,34,79,Magma,Sushant Kote,Hyderabad,Saturday,5,1,October,2024-10,Q4
2024-10-06,9,112,112,0,8052.0,79.42,0.0,71.89,0,56,56,0,0,0,54,2,32,41,Magma,Sushant Kote,Hyderabad,Sunday,6,1,October,2024-10,Q4
2024-10-07,9,5342,5342,0,349109.0,9134.61,0.0,65.35,272,3117,1953,0,0,1,1783,441,1376,1950,Magma,Sushant Kote,Hyderabad,Monday,0,0,October,2024-10,Q4
2024-10-08,9,5658,5658,0,373249.0,10349.51,0.0,65.97,248,3647,1763,0,0,0,1588,423,1651,2284,Magma,Sushant Kote,Hyderabad,Tuesday,1,0,October,2024-10,Q4
2024-10-09,9,5247,5247,0,344749.0,9013.74,0.0,65.7,240,3150,1857,0,0,0,1686,411,1467,1955,Magma,Sushant Kote,Hyderabad,Wednesday,2,0,October,2024-10,Q4
2024-10-10,9,4813,4813,0,320854.0,8408.37,0.0,66.66,242,2864,1707,0,0,0,1552,397,1282,1738,Magma,Sushant Kote,Hyderabad,Thursday,3,0,October,2024-10,Q4
2024-10-11,9,3119,3119,0,220015.0,5679.9,0.0,70.54,171,1813,1135,0,0,0,1052,254,844,1150,Magma,Sushant Kote,Hyderabad,Friday,4,0,October,2024-10,Q4
2024-10-12,9,81,81,0,3381.0,63.99,0.0,41.74,0,41,40,0,0,0,30,10,21,34,Magma,Sushant Kote,Hyderabad,Saturday,5,1,October,2024-10,Q4
2024-10-13,9,73,73,0,3514.0,42.35,0.0,48.14,0,26,47,0,0,0,39,8,11,22,Magma,Sushant Kote,Hyderabad,Sunday,6,1,October,2024-10,Q4
2024-10-14,9,5304,5304,0,346111.0,9312.85,0.0,65.25,259,3278,1767,0,0,1,1618,407,1502,2042,Magma,Sushant Kote,Hyderabad,Monday,0,0,October,2024-10,Q4
2024-10-15,9,5666,5666,0,370658.0,10016.44,0.0,65.42,283,3460,1923,0,0,0,1763,443,1554,2251,Magma,Sushant Kote,Hyderabad,Tuesday,1,0,October,2024-10,Q4
2024-10-16,9,5698,5698,0,379829.0,10232.95,0.0,66.66,304,3517,1877,0,0,0,1731,450,1568,2283,Magma,Sushant Kote,Hyderabad,Wednesday,2,0,October,2024-10,Q4
2024-10-17,9,5903,5903,0,401858.7,11376.95,0.0,68.08,267,3865,1771,0,0,0,1585,453,1788,2408,Magma,Sushant Kote,Hyderabad,Thursday,3,0,October,2024-10,Q4
2024-10-18,9,4785,4785,0,337831.0,9153.3,0.0,70.6,241,2994,1550,0,0,0,1461,330,1392,1936,Magma,Sushant Kote,Hyderabad,Friday,4,0,October,2024-10,Q4
2024-10-19,9,209,209,0,10833.0,214.3,0.0,51.83,0,127,82,0,0,0,74,8,60,93,Magma,Sushant Kote,Hyderabad,Saturday,5,1,October,2024-10,Q4
2024-10-20,9,112,112,0,6059.0,108.12,0.0,54.1,0,49,63,0,0,0,54,9,26,37,Magma,Sushant Kote,Hyderabad,Sunday,6,1,October,2024-10,Q4
2024-10-21,9,5392,5392,0,348401.0,9588.8,0.0,64.61,304,3372,1716,0,0,0,1543,477,1479,2223,Magma,Sushant Kote,Hyderabad,Monday,0,0,October,2024-10,Q4
2024-10-22,9,6008,6008,0,393348.25,11107.16,0.0,65.47,287,3905,1816,0,0,0,1599,504,1748,2508,Magma,Sushant Kote,Hyderabad,Tuesday,1,0,October,2024-10,Q4
2024-10-23,9,5657,5657,0,382673.75,10876.7,0.0,67.65,267,3709,1681,0,0,0,1517,431,1665,2394,Magma,Sushant Kote,Hyderabad,Wednesday,2,0,October,2024-10,Q4
2024-10-24,9,5615,5615,0,460048.25,13305.71,0.0,81.93,242,3774,1599,0,0,0,1430,411,1671,2393,Magma,Sushant Kote,Hyderabad,Thursday,3,0,October,2024-10,Q4
2024-10-25,9,4363,4363,0,309247.75,8467.2,0.0,70.88,191,2807,1365,0,0,1,1193,362,1263,1813,Magma,Sushant Kote,Hyderabad,Friday,4,0,October,2024-10,Q4
2024-10-26,9,146,146,0,7184.0,165.16,0.0,49.21,0,93,53,0,0,0,42,11,46,77,Magma,Sushant Kote,Hyderabad,Saturday,5,1,October,2024-10,Q4
2024-10-27,9,113,113,0,5524.0,107.53,0.0,48.88,0,60,53,0,0,0,42,11,34,44,Magma,Sushant Kote,Hyderabad,Sunday,6,1,October,2024-10,Q4
2024-10-28,9,5210,5210,0,333672.25,9304.79,0.0,64.04,252,3364,1594,0,0,0,1416,430,1445,2150,Magma,Sushant Kote,Hyderabad,Monday,0,0,October,2024-10,Q4
2024-10-29,9,5295,5295,0,353794.4,9736.41,0.0,66.82,228,3456,1611,0,0,0,1461,378,1515,2260,Magma,Sushant Kote,Hyderabad,Tuesday,1,0,October,2024-10,Q4
2024-10-30,9,4264,4264,0,305811.75,8411.55,0.0,71.72,190,2751,1323,0,0,0,1225,288,1216,1805,Magma,Sushant Kote,Hyderabad,Wednesday,2,0,October,2024-10,Q4
2024-10-31,9,1287,1287,0,84584.5,2110.39,0.0,65.72,68,758,461,0,0,0,408,121,357,535,Magma,Sushant Kote,Hyderabad,Thursday,3,0,October,2024-10,Q4
2024-11-01,9,187,187,0,7925.0,195.66,0.0,42.38,0,134,53,0,0,0,48,5,60,103,Magma,Sushant Kote,Hyderabad,Friday,4,0,November,2024-11,Q4
2024-11-02,9,109,109,0,4600.0,106.32,0.0,42.2,0,73,36,0,0,0,31,5,44,59,Magma,Sushant Kote,Hyderabad,Saturday,5,1,November,2024-11,Q4
2024-11-03,9,82,82,0,4294.0,78.68,0.0,52.37,0,46,36,0,0,0,33,3,27,37,Magma,Sushant Kote,Hyderabad,Sunday,6,1,November,2024-11,Q4
2024-11-04,9,4832,4832,0,309598.6,8817.62,0.0,64.07,230,3173,1429,0,0,0,1313,346,1394,2070,Magma,Sushant Kote,Hyderabad,Monday,0,0,November,2024-11,Q4
2024-11-05,9,5362,5362,0,347421.75,10933.05,0.0,64.79,270,3455,1637,0,0,1,1525,381,1543,2218,Magma,Sushant Kote,Hyderabad,Tuesday,1,0,November,2024-11,Q4
2024-11-06,9,5058,5058,0,334185.75,10829.29,0.0,66.07,236,3320,1502,0,0,0,1348,390,1457,2183,Magma,Sushant Kote,Hyderabad,Wednesday,2,0,November,2024-11,Q4
2024-11-07,9,5097,5097,0,336045.25,10866.54,0.0,65.93,247,3292,1558,0,0,0,1404,401,1456,2148,Magma,Sushant Kote,Hyderabad,Thursday,3,0,November,2024-11,Q4
2024-11-08,9,4186,4186,0,289599.4,9320.11,0.0,69.18,208,2708,1270,0,0,0,1192,286,1175,1730,Magma,Sushant Kote,Hyderabad,Friday,4,0,November,2024-11,Q4
2024-11-09,9,150,150,0,6346.0,180.81,0.0,42.31,0,105,45,0,0,0,44,1,43,85,Magma,Sushant Kote,Hyderabad,Saturday,5,1,November,2024-11,Q4
2024-11-10,9,112,112,0,4531.0,144.8,0.0,40.46,0,72,40,0,0,0,38,2,42,52,Magma,Sushant Kote,Hyderabad,Sunday,6,1,November,2024-11,Q4
2024-11-11,9,4976,4976,0,318221.5,10707.86,0.0,63.95,237,3330,1409,0,0,0,1223,423,1463,2166,Magma,Sushant Kote,Hyderabad,Monday,0,0,November,2024-11,Q4
2024-11-12,9,5831,5831,0,376321.5,12704.37,0.0,64.54,246,3963,1622,0,0,0,1444,424,1803,2514,Magma,Sushant Kote,Hyderabad,Tuesday,1,0,November,2024-11,Q4
2024-11-13,9,5608,5608,0,366028.7,12519.29,0.0,65.27,234,3878,1496,0,0,0,1314,416,1738,2453,Magma,Sushant Kote,Hyderabad,Wednesday,2,0,November,2024-11,Q4
2024-11-14,9,5260,5260,0,343595.45,11763.34,0.0,65.32,245,3566,1449,0,0,0,1318,376,1621,2260,Magma,Sushant Kote,Hyderabad,Thursday,3,0,November,2024-11,Q4
2024-11-15,9,4117,4117,0,271743.45,8601.0,0.0,66.01,195,2661,1261,0,1,0,1135,320,1197,1681,Magma,Sushant Kote,Hyderabad,Friday,4,0,November,2024-11,Q4
2024-11-16,9,167,167,0,7994.0,180.43,0.0,47.87,0,97,70,0,0,0,63,7,53,85,Magma,Sushant Kote,Hyderabad,Saturday,5,1,November,2024-11,Q4
2024-11-17,9,130,130,0,5494.0,101.68,0.0,42.26,0,63,67,0,0,0,59,8,35,52,Magma,Sushant Kote,Hyderabad,Sunday,6,1,November,2024-11,Q4
2024-11-18,9,5249,5249,0,328938.0,11106.23,0.0,62.67,216,3596,1437,0,0,0,1260,393,1601,2294,Magma,Sushant Kote,Hyderabad,Monday,0,0,November,2024-11,Q4
2024-11-19,9,5477,5477,0,355660.7,12290.91,0.0,64.94,235,3798,1444,0,0,0,1289,390,1679,2440,Magma,Sushant Kote,Hyderabad,Tuesday,1,0,November,2024-11,Q4
2024-11-20,9,4596,4596,0,367542.9,12103.16,0.0,79.97,240,3012,1344,0,0,0,1208,376,1319,2075,Magma,Sushant Kote,Hyderabad,Wednesday,2,0,November,2024-11,Q4
2024-11-21,9,5390,5390,0,344352.6,11488.21,0.0,63.89,241,3592,1557,0,0,0,1420,378,1666,2260,Magma,Sushant Kote,Hyderabad,Thursday,3,0,November,2024-11,Q4
2024-11-22,9,4458,4458,0,301652.85,9421.39,0.0,67.67,201,2813,1444,0,0,0,1311,334,1295,1845,Magma,Sushant Kote,Hyderabad,Friday,4,0,November,2024-11,Q4
2024-11-23,9,158,158,0,7149.0,189.8,0.0,45.25,0,95,63,0,0,0,59,4,46,74,Magma,Sushant Kote,Hyderabad,Saturday,5,1,November,2024-11,Q4
2024-11-24,9,109,109,0,4991.0,88.75,0.0,45.79,0,53,56,0,0,0,51,5,28,37,Magma,Sushant Kote,Hyderabad,Sunday,6,1,November,2024-11,Q4
2024-11-25,9,5088,5088,0,318713.6,10688.02,0.0,62.64,217,3407,1464,0,0,0,1332,349,1543,2149,Magma,Sushant Kote,Hyderabad,Monday,0,0,November,2024-11,Q4
2024-11-26,9,5576,5576,0,348781.95,12360.44,0.0,62.55,248,3886,1442,0,0,0,1325,365,1726,2487,Magma,Sushant Kote,Hyderabad,Tuesday,1,0,November,2024-11,Q4
2024-11-27,9,5148,5148,0,332828.65,11519.84,0.0,64.65,236,3532,1380,0,0,0,1262,354,1601,2264,Magma,Sushant Kote,Hyderabad,Wednesday,2,0,November,2024-11,Q4
2024-11-28,9,4095,4095,0,253033.6,8899.38,0.0,61.79,168,2859,1068,0,0,0,955,281,1298,1926,Magma,Sushant Kote,Hyderabad,Thursday,3,0,November,2024-11,Q4
2024-11-29,9,4177,4177,0,196881.27,9564.67,0.0,47.13,176,2857,1144,0,0,0,1060,260,1426,1585,Magma,Sushant Kote,Hyderabad,Friday,4,0,November,2024-11,Q4
2024-11-30,9,198,198,0,6686.05,247.12,0.0,33.77,0,135,63,0,0,0,49,14,51,85,Magma,Sushant Kote,Hyderabad,Saturday,5,1,November,2024-11,Q4
2024-12-01,9,112,112,0,4209.95,144.82,0.0,37.59,0,75,37,0,0,0,35,2,34,54,Magma,Sushant Kote,Hyderabad,Sunday,6,1,December,2024-12,Q4
2024-12-02,9,5147,5147,0,235157.8,10985.19,0.0,45.69,219,3529,1399,0,0,0,1239,379,1493,2146,Magma,Sushant Kote,Hyderabad,Monday,0,0,December,2024-12,Q4
2024-12-03,9,5754,5754,0,315570.75,12808.15,0.0,54.84,240,3967,1547,0,0,0,1382,405,1699,2448,Magma,Sushant Kote,Hyderabad,Tuesday,1,0,December,2024-12,Q4
2024-12-04,9,5511,5511,0,328345.85,12567.2,0.0,59.58,232,3829,1450,0,0,2,1280,400,1661,2436,Magma,Sushant Kote,Hyderabad,Wednesday,2,0,December,2024-12,Q4
2024-12-05,9,5113,5113,0,314763.35,11492.04,0.0,61.56,230,3524,1359,0,0,0,1205,384,1545,2244,Magma,Sushant Kote,Hyderabad,Thursday,3,0,December,2024-12,Q4
2024-12-06,9,4028,4028,0,262135.35,9160.49,0.0,65.08,189,2744,1095,0,0,0,986,298,1188,1760,Magma,Sushant Kote,Hyderabad,Friday,4,0,December,2024-12,Q4
2024-12-07,9,239,239,0,11756.7,267.88,0.0,49.19,0,138,101,0,0,0,88,13,69,106,Magma,Sushant Kote,Hyderabad,Saturday,5,1,December,2024-12,Q4
2024-12-08,9,130,130,0,5628.1,110.39,0.0,43.29,0,65,65,0,0,0,55,10,27,46,Magma,Sushant Kote,Hyderabad,Sunday,6,1,December,2024-12,Q4
2024-12-09,9,5054,5054,0,304265.0,10691.9,0.0,60.2,215,3460,1379,0,0,1,1200,393,1446,2180,Magma,Sushant Kote,Hyderabad,Monday,0,0,December,2024-12,Q4
2024-12-10,9,5485,5485,0,342514.4,11807.55,0.0,62.45,257,3680,1548,0,0,0,1392,413,1600,2376,Magma,Sushant Kote,Hyderabad,Tuesday,1,0,December,2024-12,Q4
2024-12-11,9,5155,5155,0,337334.6,11091.29,0.0,65.44,223,3413,1519,0,0,0,1333,409,1497,2239,Magma,Sushant Kote,Hyderabad,Wednesday,2,0,December,2024-12,Q4
2024-12-12,9,5017,5017,0,324128.65,10667.41,0.0,64.61,221,3296,1500,0,0,0,1348,373,1414,2166,Magma,Sushant Kote,Hyderabad,Thursday,3,0,December,2024-12,Q4
2024-12-13,9,3914,3914,0,260444.4,8360.19,0.0,66.54,171,2576,1167,0,0,0,1038,300,1125,1698,Magma,Sushant Kote,Hyderabad,Friday,4,0,December,2024-12,Q4
2024-12-14,9,199,199,0,8304.5,221.12,0.0,41.73,0,123,76,0,0,0,70,6,60,95,Magma,Sushant Kote,Hyderabad,Saturday,5,1,December,2024-12,Q4
2024-12-15,9,98,98,0,3661.25,76.72,0.0,37.36,0,47,51,0,0,0,51,0,21,39,Magma,Sushant Kote,Hyderabad,Sunday,6,1,December,2024-12,Q4
2024-12-16,9,4671,4671,0,294475.35,10087.46,0.0,63.04,237,3174,1260,0,1,0,1162,334,1435,2069,Magma,Sushant Kote,Hyderabad,Monday,0,0,December,2024-12,Q4
2024-12-17,9,4813,4813,0,305746.85,10404.29,0.0,63.53,247,3280,1286,0,0,0,1183,350,1430,2168,Magma,Sushant Kote,Hyderabad,Tuesday,1,0,December,2024-12,Q4
2024-12-18,9,4430,4430,0,290741.05,9657.74,0.0,65.63,222,2960,1248,0,0,0,1160,310,1328,1988,Magma,Sushant Kote,Hyderabad,Wednesday,2,0,December,2024-12,Q4
2024-12-19,9,4355,4355,0,279839.23,9402.59,0.0,64.26,205,2924,1226,0,0,0,1092,339,1271,1900,Magma,Sushant Kote,Hyderabad,Thursday,3,0,December,2024-12,Q4
2024-12-20,9,2991,2991,0,196905.4,6499.17,0.0,65.83,144,2002,845,0,0,1,769,219,861,1288,Magma,Sushant Kote,Hyderabad,Friday,4,0,December,2024-12,Q4
2024-12-21,9,155,155,0,8791.0,210.32,0.0,56.72,0,96,59,0,0,0,58,1,49,76,Magma,Sushant Kote,Hyderabad,Saturday,5,1,December,2024-12,Q4
2024-12-22,9,101,101,0,6255.75,130.46,0.0,61.94,0,53,48,0,0,0,45,3,25,46,Magma,Sushant Kote,Hyderabad,Sunday,6,1,December,2024-12,Q4
2024-12-23,9,3410,3410,0,219034.7,7059.09,0.0,64.23,151,2265,994,0,0,0,866,279,984,1435,Magma,Sushant Kote,Hyderabad,Monday,0,0,December,2024-12,Q4
2024-12-24,9,2809,2809,0,180770.6,5841.79,0.0,64.35,146,1867,796,0,0,0,735,207,779,1201,Magma,Sushant Kote,Hyderabad,Tuesday,1,0,December,2024-12,Q4
2024-12-25,9,162,162,0,6894.5,221.45,0.0,42.56,0,114,48,0,0,0,45,3,57,77,Magma,Sushant Kote,Hyderabad,Wednesday,2,0,December,2024-12,Q4
2024-12-26,9,2027,2027,0,128497.5,3977.81,0.0,63.39,103,1274,650,0,0,0,597,156,564,802,Magma,Sushant Kote,Hyderabad,Thursday,3,0,December,2024-12,Q4
2024-12-27,9,1616,1616,0,103539.6,3230.57,0.0,64.07,61,1039,516,0,0,0,461,116,443,670,Magma,Sushant Kote,Hyderabad,Friday,4,0,December,2024-12,Q4
2024-12-28,9,135,135,0,6876.5,165.94,0.0,50.94,0,85,50,0,0,0,46,4,47,68,Magma,Sushant Kote,Hyderabad,Saturday,5,1,December,2024-12,Q4
2024-12-29,9,96,96,0,3788.0,92.2,0.0,39.46,0,54,42,0,0,0,36,6,29,43,Magma,Sushant Kote,Hyderabad,Sunday,6,1,December,2024-12,Q4
2024-12-30,9,2518,2518,0,155255.95,4942.23,0.0,61.66,135,1624,759,0,0,0,696,198,707,1064,Magma,Sushant Kote,Hyderabad,Monday,0,0,December,2024-12,Q4
2024-12-31,9,1424,1424,0,88326.7,2668.51,0.0,62.03,84,868,472,0,0,0,439,117,356,600,Magma,Sushant Kote,Hyderabad,Tuesday,1,0,December,2024-12,Q4
2025-01-01,9,1980,1980,0,128294.5,3806.85,0.0,64.8,104,1213,663,0,0,0,585,182,554,832,Magma,Sushant Kote,Hyderabad,Wednesday,2,0,January,2025-01,Q1
2025-01-02,9,5202,5202,0,329431.05,11221.9,0.0,63.33,212,3615,1375,0,0,0,1213,374,1527,2343,Magma,Sushant Kote,Hyderabad,Thursday,3,0,January,2025-01,Q1
2025-01-03,9,4351,4351,0,281020.1,9173.46,0.0,64.59,212,2888,1251,0,0,0,1121,342,1313,1932,Magma,Sushant Kote,Hyderabad,Friday,4,0,January,2025-01,Q1
2025-01-04,9,214,214,0,9960.0,266.32,0.0,46.54,0,148,66,0,0,0,60,6,75,109,Magma,Sushant Kote,Hyderabad,Saturday,5,1,January,2025-01,Q1
2025-01-05,9,126,126,0,5027.0,133.03,0.0,39.9,0,77,49,0,0,0,43,6,38,60,Magma,Sushant Kote,Hyderabad,Sunday,6,1,January,2025-01,Q1
2025-01-06,9,5876,5876,0,373657.0,12649.17,0.0,63.59,249,4030,1597,0,0,0,1418,428,1736,2607,Magma,Sushant Kote,Hyderabad,Monday,0,0,January,2025-01,Q1
2025-01-07,9,6141,6141,0,385310.0,13143.21,0.0,62.74,243,4288,1610,0,0,0,1439,414,1888,2817,Magma,Sushant Kote,Hyderabad,Tuesday,1,0,January,2025-01,Q1
2025-01-08,9,6108,6108,0,403450.0,13694.79,0.0,66.05,241,4270,1597,0,0,0,1414,424,1770,2693,Magma,Sushant Kote,Hyderabad,Wednesday,2,0,January,2025-01,Q1
2025-01-09,9,5937,5937,0,384705.0,12955.93,0.0,64.8,280,4060,1597,0,0,0,1429,448,1751,2637,Magma,Sushant Kote,Hyderabad,Thursday,3,0,January,2025-01,Q1
2025-01-10,9,4359,4359,0,288077.0,9114.34,0.0,66.09,190,2841,1328,0,0,0,1164,354,1248,1867,Magma,Sushant Kote,Hyderabad,Friday,4,0,January,2025-01,Q1
2025-01-11,9,213,213,0,9025.0,275.88,0.0,42.37,0,156,57,0,0,0,44,13,79,120,Magma,Sushant Kote,Hyderabad,Saturday,5,1,January,2025-01,Q1
2025-01-12,9,120,120,0,4587.0,102.06,0.0,38.23,0,61,59,0,0,0,50,9,33,52,Magma,Sushant Kote,Hyderabad,Sunday,6,1,January,2025-01,Q1
2025-01-13,9,3002,3002,0,187472.0,5773.68,0.0,62.45,165,1885,952,0,0,0,868,249,797,1191,Magma,Sushant Kote,Hyderabad,Monday,0,0,January,2025-01,Q1
2025-01-14,9,288,288,0,12484.0,423.88,0.0,43.35,0,214,74,0,0,0,60,14,107,146,Magma,Sushant Kote,Hyderabad,Tuesday,1,0,January,2025-01,Q1
2025-01-15,9,3846,3846,0,259214.0,8353.62,0.0,67.4,210,2534,1102,0,0,0,991,321,1066,1635,Magma,Sushant Kote,Hyderabad,Wednesday,2,0,January,2025-01,Q1
2025-01-16,9,5257,5257,0,345753.0,11412.56,0.0,65.77,228,3549,1480,0,0,0,1308,400,1500,2218,Magma,Sushant Kote,Hyderabad,Thursday,3,0,January,2025-01,Q1
2025-01-17,9,4324,4324,0,291482.0,9348.05,0.0,67.41,203,2851,1270,0,0,0,1131,342,1201,1887,Magma,Sushant Kote,Hyderabad,Friday,4,0,January,2025-01,Q1
2025-01-18,9,199,199,0,8215.0,257.96,0.0,41.28,0,143,56,0,0,0,43,12,72,105,Magma,Sushant Kote,Hyderabad,Saturday,5,1,January,2025-01,Q1
2025-01-19,9,123,123,0,5221.0,142.94,0.0,42.45,0,77,46,0,0,0,43,3,44,60,Magma,Sushant Kote,Hyderabad,Sunday,6,1,January,2025-01,Q1
2025-01-20,9,5400,5400,0,342231.0,11412.63,0.0,63.38,250,3602,1548,0,0,0,1393,401,1560,2388,Magma,Sushant Kote,Hyderabad,Monday,0,0,January,2025-01,Q1
2025-01-21,9,6280,6280,0,402347.0,12959.34,0.0,64.07,192,4236,1852,0,0,0,1542,494,1827,2764,Magma,Sushant Kote,Hyderabad,Tuesday,1,0,January,2025-01,Q1
2025-01-22,9,6585,6585,0,446942.0,14854.29,0.0,67.87,269,4518,1798,0,0,0,1553,502,1917,3003,Magma,Sushant Kote,Hyderabad,Wednesday,2,0,January,2025-01,Q1
2025-01-23,9,5861,5861,0,377497.0,12612.11,0.0,64.41,244,3974,1643,0,0,0,1405,473,1711,2599,Magma,Sushant Kote,Hyderabad,Thursday,3,0,January,2025-01,Q1
2025-01-24,9,4661,4661,0,317531.0,10298.9,0.0,68.13,213,3068,1380,0,0,0,1221,368,1343,2066,Magma,Sushant Kote,Hyderabad,Friday,4,0,January,2025-01,Q1
2025-01-25,9,236,236,0,11152.0,281.69,0.0,47.25,0,152,84,0,0,0,77,7,84,118,Magma,Sushant Kote,Hyderabad,Saturday,5,1,January,2025-01,Q1
2025-01-26,9,122,122,0,4974.0,134.79,0.0,40.77,0,79,43,0,0,0,40,3,42,56,Magma,Sushant Kote,Hyderabad,Sunday,6,1,January,2025-01,Q1
2025-01-27,9,5801,5801,0,381136.0,11312.31,0.0,65.7,270,3489,2042,0,0,0,1768,537,1439,2269,Magma,Sushant Kote,Hyderabad,Monday,0,0,January,2025-01,Q1
2025-01-28,9,6281,6281,0,402544.0,12482.25,0.0,64.09,288,3986,2007,0,0,0,1763,519,1880,2496,Magma,Sushant Kote,Hyderabad,Tuesday,1,0,January,2025-01,Q1
2025-01-29,9,5915,5915,0,392670.0,12063.03,0.0,66.39,278,3721,1916,0,0,0,1712,471,1896,2425,Magma,Sushant Kote,Hyderabad,Wednesday,2,0,January,2025-01,Q1
2025-01-30,9,5788,5788,0,372845.0,12118.58,0.0,64.42,265,3794,1729,0,0,0,1516,471,1688,2409,Magma,Sushant Kote,Hyderabad,Thursday,3,0,January,2025-01,Q1
2025-01-31,9,4502,4502,0,307714.0,9807.93,0.0,68.35,227,2899,1376,0,0,0,1214,385,1298,1930,Magma,Sushant Kote,Hyderabad,Friday,4,0,January,2025-01,Q1
2025-02-01,9,211,211,0,9830.0,227.81,0.0,46.59,0,124,87,0,0,0,80,6,67,96,Magma,Sushant Kote,Hyderabad,Saturday,5,1,February,2025-02,Q1
2025-02-02,9,115,115,0,4088.0,106.12,0.0,35.55,0,62,53,0,0,0,53,0,30,46,Magma,Sushant Kote,Hyderabad,Sunday,6,1,February,2025-02,Q1
2025-02-03,9,5597,5597,0,355859.0,11333.73,0.0,63.58,251,3629,1717,0,0,0,1507,456,1634,2329,Magma,Sushant Kote,Hyderabad,Monday,0,0,February,2025-02,Q1
2025-02-04,9,6074,6074,0,389212.0,12600.94,0.0,64.08,257,4015,1802,0,0,0,1537,517,1783,2602,Magma,Sushant Kote,Hyderabad,Tuesday,1,0,February,2025-02,Q1
2025-02-05,9,6000,6000,0,397973.0,12762.96,0.0,66.33,246,3949,1805,0,0,0,1563,478,1754,2581,Magma,Sushant Kote,Hyderabad,Wednesday,2,0,February,2025-02,Q1
2025-02-06,9,5808,5808,0,380340.0,12270.85,0.0,65.49,253,3825,1730,0,0,0,1507,474,1674,2456,Magma,Sushant Kote,Hyderabad,Thursday,3,0,February,2025-02,Q1
2025-02-07,9,4431,4431,0,304391.0,9834.19,0.0,68.7,237,2885,1309,0,0,0,1148,396,1340,1899,Magma,Sushant Kote,Hyderabad,Friday,4,0,February,2025-02,Q1
2025-02-08,9,199,199,0,8703.0,250.29,0.0,43.73,0,140,59,0,0,0,48,11,69,104,Magma,Sushant Kote,Hyderabad,Saturday,5,1,February,2025-02,Q1
2025-02-09,9,120,120,0,4680.0,105.39,0.0,39.0,0,58,62,0,0,0,55,7,25,51,Magma,Sushant Kote,Hyderabad,Sunday,6,1,February,2025-02,Q1
2025-02-10,9,5640,5640,0,356930.0,11700.42,0.0,63.29,266,3740,1634,0,0,0,1366,531,1587,2441,Magma,Sushant Kote,Hyderabad,Monday,0,0,February,2025-02,Q1
2025-02-11,9,5864,5864,0,374468.0,12217.08,0.0,63.86,263,3891,1710,0,0,0,1478,489,1704,2560,Magma,Sushant Kote,Hyderabad,Tuesday,1,0,February,2025-02,Q1
2025-02-12,9,5691,5691,0,376816.0,12191.49,0.0,66.21,229,3766,1696,0,0,0,1446,473,1641,2493,Magma,Sushant Kote,Hyderabad,Wednesday,2,0,February,2025-02,Q1
2025-02-13,9,5893,5893,0,379567.0,12539.13,0.0,64.41,272,3991,1630,0,0,0,1429,469,1732,2559,Magma,Sushant Kote,Hyderabad,Thursday,3,0,February,2025-02,Q1
2025-02-14,9,4518,4518,0,314534.0,10142.65,0.0,69.62,227,2954,1337,0,0,0,1181,376,1313,1956,Magma,Sushant Kote,Hyderabad,Friday,4,0,February,2025-02,Q1
2025-02-15,9,257,257,0,11358.8,317.12,0.0,44.2,0,173,84,0,0,0,73,11,82,122,Magma,Sushant Kote,Hyderabad,Saturday,5,1,February,2025-02,Q1
2025-02-16,9,95,95,0,4652.0,111.11,0.0,48.97,0,50,45,0,0,0,43,2,29,36,Magma,Sushant Kote,Hyderabad,Sunday,6,1,February,2025-02,Q1
2025-02-17,9,5163,5163,0,355826.0,11553.32,0.0,68.92,254,3433,1476,0,0,0,1255,471,1483,2203,Magma,Sushant Kote,Hyderabad,Monday,0,0,February,2025-02,Q1
2025-02-18,9,5823,5823,0,404861.0,13228.89,0.0,69.53,277,3830,1716,0,0,0,1493,497,1662,2531,Magma,Sushant Kote,Hyderabad,Tuesday,1,0,February,2025-02,Q1
2025-02-19,9,5892,5892,0,418930.0,13646.25,0.0,71.1,284,3845,1763,0,0,0,1519,523,1689,2518,Magma,Sushant Kote,Hyderabad,Wednesday,2,0,February,2025-02,Q1
2025-02-20,9,5929,5929,0,418367.0,16117.23,0.0,70.56,254,3721,1954,0,0,0,1630,576,1582,2447,Magma,Sushant Kote,Hyderabad,Thursday,3,0,February,2025-02,Q1
2025-02-21,9,4866,4866,0,355313.0,14023.95,0.0,73.02,230,3107,1529,0,0,0,1322,434,1364,2045,Magma,Sushant Kote,Hyderabad,Friday,4,0,February,2025-02,Q1
2025-02-22,9,197,197,0,11210.0,519.58,0.0,56.9,0,135,62,0,0,0,60,2,73,108,Magma,Sushant Kote,Hyderabad,Saturday,5,1,February,2025-02,Q1
2025-02-23,9,131,131,0,9354.0,375.18,0.0,71.4,22,85,24,0,0,0,42,4,36,75,Magma,Sushant Kote,Hyderabad,Sunday,6,1,February,2025-02,Q1
2025-02-24,9,5661,5661,0,391173.0,15218.48,0.0,69.1,265,3532,1864,0,0,0,1581,546,1571,2321,Magma,Sushant Kote,Hyderabad,Monday,0,0,February,2025-02,Q1
2025-02-25,9,6336,6336,0,445863.0,17610.63,0.0,70.37,276,3959,2101,0,0,0,1803,570,1733,2613,Magma,Sushant Kote,Hyderabad,Tuesday,1,0,February,2025-02,Q1
2025-02-26,9,4927,4927,0,337499.0,13287.8,0.0,68.5,229,3000,1698,0,0,0,1420,500,1303,1929,Magma,Sushant Kote,Hyderabad,Wednesday,2,0,February,2025-02,Q1
2025-02-27,9,5977,5977,0,424023.0,18940.18,0.0,70.94,296,3601,2080,0,0,0,1744,632,1643,2405,Magma,Sushant Kote,Hyderabad,Thursday,3,0,February,2025-02,Q1
2025-02-28,9,5261,5261,0,400617.0,18812.83,0.0,76.15,284,3318,1659,0,0,0,1446,497,1419,2212,Magma,Sushant Kote,Hyderabad,Friday,4,0,February,2025-02,Q1
2025-03-01,9,253,253,0,15377.0,732.47,0.0,60.78,0,134,119,0,0,0,107,12,55,101,Magma,Sushant Kote,Hyderabad,Saturday,5,1,March,2025-03,Q1
2025-03-02,9,107,107,0,5071.0,241.6,0.0,47.39,0,53,54,0,0,0,51,3,23,42,Magma,Sushant Kote,Hyderabad,Sunday,6,1,March,2025-03,Q1
2025-03-03,9,6024,6024,0,413492.0,19521.52,0.0,68.64,273,3576,2175,0,0,0,1871,577,1506,2414,Magma,Sushant Kote,Hyderabad,Monday,0,0,March,2025-03,Q1
2025-03-04,9,6531,6531,0,451109.0,21332.14,0.0,69.07,254,3940,2337,0,0,0,1938,653,1738,2558,Magma,Sushant Kote,Hyderabad,Tuesday,1,0,March,2025-03,Q1
2025-03-05,9,6580,6580,0,471726.0,22134.31,0.0,71.69,303,3950,2327,0,0,0,1986,644,1667,2600,Magma,Sushant Kote,Hyderabad,Wednesday,2,0,March,2025-03,Q1
2025-03-06,9,5822,5822,0,415656.0,19620.54,0.0,71.39,224,3520,2078,0,0,0,1733,569,1574,2385,Magma,Sushant Kote,Hyderabad,Thursday,3,0,March,2025-03,Q1
2025-03-07,9,5355,5355,0,418425.0,19700.08,0.0,78.14,252,3158,1945,0,0,0,1682,515,1364,2145,Magma,Sushant Kote,Hyderabad,Friday,4,0,March,2025-03,Q1
2025-03-08,9,209,209,0,12493.0,588.96,0.0,59.78,0,114,95,0,0,0,87,8,49,96,Magma,Sushant Kote,Hyderabad,Saturday,5,1,March,2025-03,Q1
2025-03-09,9,155,155,0,7691.0,364.31,0.0,49.62,0,91,64,0,0,0,61,3,50,75,Magma,Sushant Kote,Hyderabad,Sunday,6,1,March,2025-03,Q1
2025-03-10,9,5882,5882,0,417624.0,19660.11,0.0,71.0,287,3575,2020,0,0,0,1744,563,1551,2412,Magma,Sushant Kote,Hyderabad,Monday,0,0,March,2025-03,Q1
2025-03-11,9,5690,5690,0,394486.0,18608.03,0.0,69.33,255,3473,1962,0,0,0,1715,502,1496,2252,Magma,Sushant Kote,Hyderabad,Tuesday,1,0,March,2025-03,Q1
2025-03-12,9,5453,5453,0,400028.0,18830.31,0.0,73.36,256,3170,2027,0,0,0,1709,574,1312,2091,Magma,Sushant Kote,Hyderabad,Wednesday,2,0,March,2025-03,Q1
2025-03-13,9,5116,5116,0,375815.0,17684.53,0.0,73.46,242,2908,1966,0,0,0,1664,544,1277,1975,Magma,Sushant Kote,Hyderabad,Thursday,3,0,March,2025-03,Q1
2025-03-14,9,3297,3297,0,246634.0,11611.89,0.0,74.81,144,1925,1228,0,0,0,1073,299,857,1279,Magma,Sushant Kote,Hyderabad,Friday,4,0,March,2025-03,Q1
2025-03-15,9,183,183,0,9563.0,454.69,0.0,52.26,0,123,60,0,0,0,46,14,62,94,Magma,Sushant Kote,Hyderabad,Saturday,5,1,March,2025-03,Q1
2025-03-16,9,149,149,0,7172.0,341.68,0.0,48.13,0,76,73,0,0,0,68,5,49,49,Magma,Sushant Kote,Hyderabad,Sunday,6,1,March,2025-03,Q1
2025-03-17,9,5929,5929,0,403977.0,19127.62,0.0,68.14,253,3533,2143,0,0,0,1814,582,1535,2296,Magma,Sushant Kote,Hyderabad,Monday,0,0,March,2025-03,Q1
2025-03-18,9,6390,6390,0,442123.0,20872.35,0.0,69.19,274,3848,2268,0,0,0,1940,602,1634,2554,Magma,Sushant Kote,Hyderabad,Tuesday,1,0,March,2025-03,Q1
2025-03-19,9,6164,6164,0,441713.0,20880.06,0.0,71.66,288,3528,2348,0,0,0,2000,636,1552,2377,Magma,Sushant Kote,Hyderabad,Wednesday,2,0,March,2025-03,Q1
2025-03-20,9,6610,6610,0,477379.0,22558.72,0.0,72.22,279,3795,2536,0,0,0,2190,625,1648,2470,Magma,Sushant Kote,Hyderabad,Thursday,3,0,March,2025-03,Q1
2025-03-21,9,5157,5157,0,385825.0,18147.85,0.0,74.82,227,3160,1770,0,0,0,1539,458,1442,2123,Magma,Sushant Kote,Hyderabad,Friday,4,0,March,2025-03,Q1
2025-03-22,9,227,227,0,13630.0,647.41,0.0,60.04,0,136,91,0,0,0,81,10,64,109,Magma,Sushant Kote,Hyderabad,Saturday,5,1,March,2025-03,Q1
2025-03-23,9,144,144,0,7631.0,363.38,0.0,52.99,0,74,70,0,0,0,63,7,42,52,Magma,Sushant Kote,Hyderabad,Sunday,6,1,March,2025-03,Q1
2025-03-24,9,6065,6065,0,422221.0,19952.33,0.0,69.62,240,3535,2290,0,0,0,1954,576,1565,2300,Magma,Sushant Kote,Hyderabad,Monday,0,0,March,2025-03,Q1
2025-03-25,9,6516,6516,0,456614.0,21542.37,0.0,70.08,280,3893,2343,0,0,0,1987,636,1717,2541,Magma,Sushant Kote,Hyderabad,Tuesday,1,0,March,2025-03,Q1
2025-03-26,9,5991,5991,0,495502.0,23453.39,0.0,82.71,225,3684,2082,0,0,0,1741,566,1596,2422,Magma,Sushant Kote,Hyderabad,Wednesday,2,0,March,2025-03,Q1
2025-03-27,9,5591,5591,0,390532.0,18433.85,0.0,69.85,249,3316,2026,0,0,0,1736,539,1490,2208,Magma,Sushant Kote,Hyderabad,Thursday,3,0,March,2025-03,Q1
2025-03-28,9,4005,4005,0,310419.0,14606.52,0.0,77.51,203,2410,1392,0,0,0,1192,403,1034,1634,Magma,Sushant Kote,Hyderabad,Friday,4,0,March,2025-03,Q1
2025-03-29,9,163,163,0,7471.0,355.87,0.0,45.83,0,101,62,0,0,0,60,2,43,82,Magma,Sushant Kote,Hyderabad,Saturday,5,1,March,2025-03,Q1
2025-03-30,9,59,59,0,2591.0,123.38,0.0,43.92,0,22,37,0,0,0,37,0,11,21,Magma,Sushant Kote,Hyderabad,Sunday,6,1,March,2025-03,Q1
2025-03-31,9,407,407,0,21669.0,1032.31,0.0,53.24,0,258,149,0,0,0,120,29,127,190,Magma,Sushant Kote,Hyderabad,Monday,0,0,March,2025-03,Q1
2025-04-01,9,3991,3938,32,280752.0,13365.25,0.0,71.29,91,2529,1371,0,0,0,1045,417,1100,1851,Magma,Sushant Kote,Hyderabad,Tuesday,1,0,April,2025-04,Q2
2024-12-26,10,3,3,0,3.0,0.0,0.0,1.0,0,0,3,0,0,0,3,0,0,1,JPMT-Kalina,MAHADEV PATIL,Mumbai,Thursday,3,0,December,2024-12,Q4
2025-01-02,10,3,3,0,29.22,1.86,0.0,9.74,0,3,0,0,0,0,0,0,3,1,JPMT-Kalina,MAHADEV PATIL,Mumbai,Thursday,3,0,January,2025-01,Q1
2025-01-03,10,44,44,0,717.15,36.92,0.0,16.3,0,37,7,0,0,0,6,1,34,10,JPMT-Kalina,MAHADEV PATIL,Mumbai,Friday,4,0,January,2025-01,Q1
2025-01-06,10,909,909,0,49000.0,1067.41,0.0,53.91,0,415,494,0,0,0,457,37,387,162,JPMT-Kalina,MAHADEV PATIL,Mumbai,Monday,0,0,January,2025-01,Q1
2025-01-07,10,853,853,0,45218.0,1006.11,0.0,53.01,0,397,456,0,0,0,412,44,379,184,JPMT-Kalina,MAHADEV PATIL,Mumbai,Tuesday,1,0,January,2025-01,Q1
2025-01-08,10,864,864,0,48948.0,1213.77,0.0,56.65,0,444,420,0,0,0,381,39,420,195,JPMT-Kalina,MAHADEV PATIL,Mumbai,Wednesday,2,0,January,2025-01,Q1
2025-01-09,10,811,811,0,43802.0,1095.24,0.0,54.01,0,420,391,0,0,0,357,34,400,199,JPMT-Kalina,MAHADEV PATIL,Mumbai,Thursday,3,0,January,2025-01,Q1
2025-01-10,10,725,725,0,40756.0,1006.12,0.0,56.22,0,388,337,0,0,0,309,28,369,206,JPMT-Kalina,MAHADEV PATIL,Mumbai,Friday,4,0,January,2025-01,Q1
2025-01-11,10,2,2,0,40.0,1.9,0.0,20.0,0,2,0,0,0,0,0,0,2,1,JPMT-Kalina,MAHADEV PATIL,Mumbai,Saturday,5,1,January,2025-01,Q1
2025-01-13,10,731,731,0,38467.0,914.0,0.0,52.62,0,375,356,0,0,0,332,24,371,194,JPMT-Kalina,MAHADEV PATIL,Mumbai,Monday,0,0,January,2025-01,Q1
2025-01-14,10,523,523,0,28157.0,665.24,0.0,53.84,0,273,250,0,0,0,234,16,267,146,JPMT-Kalina,MAHADEV PATIL,Mumbai,Tuesday,1,0,January,2025-01,Q1
2025-01-15,10,759,759,0,43493.0,956.58,0.0,57.3,0,368,391,0,0,0,353,38,349,171,JPMT-Kalina,MAHADEV PATIL,Mumbai,Wednesday,2,0,January,2025-01,Q1
2025-01-16,10,676,676,0,37764.0,862.82,0.0,55.86,0,325,351,0,0,0,317,34,320,179,JPMT-Kalina,MAHADEV PATIL,Mumbai,Thursday,3,0,January,2025-01,Q1
2025-01-17,10,428,428,0,26046.0,625.28,0.0,60.86,0,214,214,0,0,0,191,23,211,137,JPMT-Kalina,MAHADEV PATIL,Mumbai,Friday,4,0,January,2025-01,Q1
2025-01-20,10,621,621,0,33824.0,809.72,0.0,54.47,0,320,301,0,0,0,274,27,307,172,JPMT-Kalina,MAHADEV PATIL,Mumbai,Monday,0,0,January,2025-01,Q1
2025-01-21,10,626,626,0,35209.0,800.27,0.0,56.24,0,322,304,0,0,0,274,30,317,183,JPMT-Kalina,MAHADEV PATIL,Mumbai,Tuesday,1,0,January,2025-01,Q1
2025-01-22,10,683,683,0,47653.0,1089.82,0.0,69.77,0,353,330,0,0,0,301,29,343,204,JPMT-Kalina,MAHADEV PATIL,Mumbai,Wednesday,2,0,January,2025-01,Q1
2025-01-23,10,573,573,0,31603.0,806.11,0.0,55.15,0,298,275,0,0,0,251,24,293,163,JPMT-Kalina,MAHADEV PATIL,Mumbai,Thursday,3,0,January,2025-01,Q1
2025-01-24,10,535,535,0,31163.0,747.22,0.0,58.25,0,283,252,0,0,0,234,18,279,168,JPMT-Kalina,MAHADEV PATIL,Mumbai,Friday,4,0,January,2025-01,Q1
2025-01-27,10,636,636,0,36204.0,965.35,0.0,56.92,0,364,272,0,0,0,250,22,351,180,JPMT-Kalina,MAHADEV PATIL,Mumbai,Monday,0,0,January,2025-01,Q1
2025-01-28,10,636,636,0,32676.0,788.29,0.0,51.38,0,329,307,0,0,0,276,31,318,192,JPMT-Kalina,MAHADEV PATIL,Mumbai,Tuesday,1,0,January,2025-01,Q1
2025-01-29,10,650,650,0,36944.0,840.02,0.0,56.84,0,314,336,0,0,0,312,24,305,179,JPMT-Kalina,MAHADEV PATIL,Mumbai,Wednesday,2,0,January,2025-01,Q1
2025-01-30,10,618,618,0,33817.0,813.09,0.0,54.72,0,319,299,0,0,0,264,35,313,180,JPMT-Kalina,MAHADEV PATIL,Mumbai,Thursday,3,0,January,2025-01,Q1
2025-01-31,10,558,558,0,30638.0,726.82,0.0,54.91,0,289,269,0,0,0,245,24,288,170,JPMT-Kalina,MAHADEV PATIL,Mumbai,Friday,4,0,January,2025-01,Q1
2025-02-03,10,633,633,0,33379.0,765.44,0.0,52.73,0,318,315,0,0,0,278,37,318,175,JPMT-Kalina,MAHADEV PATIL,Mumbai,Monday,0,0,February,2025-02,Q1
2025-02-04,10,645,645,0,33869.0,712.09,0.0,52.51,0,302,343,0,0,0,304,39,302,168,JPMT-Kalina,MAHADEV PATIL,Mumbai,Tuesday,1,0,February,2025-02,Q1
2025-02-05,10,597,597,0,33650.0,670.07,0.0,56.37,0,265,332,0,0,0,311,21,265,167,JPMT-Kalina,MAHADEV PATIL,Mumbai,Wednesday,2,0,February,2025-02,Q1
2025-02-06,10,553,553,0,30580.0,677.02,0.0,55.3,0,273,280,0,0,0,256,24,273,152,JPMT-Kalina,MAHADEV PATIL,Mumbai,Thursday,3,0,February,2025-02,Q1
2025-02-07,10,538,538,0,30436.0,626.62,0.0,56.57,0,248,290,0,0,0,262,28,248,141,JPMT-Kalina,MAHADEV PATIL,Mumbai,Friday,4,0,February,2025-02,Q1
2025-02-10,10,557,557,0,29365.0,659.38,0.0,52.72,0,261,296,0,0,0,271,25,261,144,JPMT-Kalina,MAHADEV PATIL,Mumbai,Monday,0,0,February,2025-02,Q1
2025-02-11,10,605,605,0,31815.0,760.52,0.0,52.59,0,311,294,0,0,0,263,31,311,166,JPMT-Kalina,MAHADEV PATIL,Mumbai,Tuesday,1,0,February,2025-02,Q1
2025-02-12,10,561,561,0,41905.0,860.01,0.0,74.7,0,251,310,0,0,0,281,29,251,152,JPMT-Kalina,MAHADEV PATIL,Mumbai,Wednesday,2,0,February,2025-02,Q1
2025-02-13,10,622,622,0,32372.0,1029.27,0.0,52.05,0,263,359,0,0,0,316,43,263,146,JPMT-Kalina,MAHADEV PATIL,Mumbai,Thursday,3,0,February,2025-02,Q1
2025-02-14,10,512,512,0,29964.0,1037.25,0.0,58.52,0,226,286,0,0,0,252,34,226,132,JPMT-Kalina,MAHADEV PATIL,Mumbai,Friday,4,0,February,2025-02,Q1
2025-02-17,10,566,566,0,31393.0,1094.65,0.0,55.46,0,241,325,0,0,0,297,28,241,144,JPMT-Kalina,MAHADEV PATIL,Mumbai,Monday,0,0,February,2025-02,Q1
2025-02-18,10,598,598,0,35411.0,1255.55,0.0,59.22,0,259,339,0,0,0,312,27,259,153,JPMT-Kalina,MAHADEV PATIL,Mumbai,Tuesday,1,0,February,2025-02,Q1
2025-02-19,10,595,595,0,35199.0,1209.42,0.0,59.16,0,243,352,0,0,0,323,29,243,140,JPMT-Kalina,MAHADEV PATIL,Mumbai,Wednesday,2,0,February,2025-02,Q1
2025-02-20,10,552,552,0,31468.0,1107.43,0.0,57.01,0,240,312,0,0,0,293,19,240,138,JPMT-Kalina,MAHADEV PATIL,Mumbai,Thursday,3,0,February,2025-02,Q1
2025-02-21,10,501,501,0,29579.0,1068.95,0.0,59.04,0,209,292,0,0,0,263,29,209,135,JPMT-Kalina,MAHADEV PATIL,Mumbai,Friday,4,0,February,2025-02,Q1
2025-02-24,10,546,546,0,32871.0,1168.4,0.0,60.2,0,239,307,0,0,0,281,26,239,140,JPMT-Kalina,MAHADEV PATIL,Mumbai,Monday,0,0,February,2025-02,Q1
2025-02-25,10,587,587,0,33556.0,1230.28,0.0,57.17,0,239,348,0,0,0,301,47,239,140,JPMT-Kalina,MAHADEV PATIL,Mumbai,Tuesday,1,0,February,2025-02,Q1
2025-02-26,10,141,141,0,7266.0,251.98,0.0,51.53,0,44,97,0,0,0,80,17,44,31,JPMT-Kalina,MAHADEV PATIL,Mumbai,Wednesday,2,0,February,2025-02,Q1
2025-02-27,10,530,530,0,30732.0,1103.21,0.0,57.98,0,201,329,0,0,0,298,31,201,129,JPMT-Kalina,MAHADEV PATIL,Mumbai,Thursday,3,0,February,2025-02,Q1
2025-02-28,10,460,460,0,27888.0,905.61,0.0,60.63,0,181,279,0,0,0,260,19,181,119,JPMT-Kalina,MAHADEV PATIL,Mumbai,Friday,4,0,February,2025-02,Q1
2025-03-03,10,831,831,0,47862.0,2209.06,0.0,57.6,0,384,447,0,0,0,398,49,384,208,JPMT-Kalina,MAHADEV PATIL,Mumbai,Monday,0,0,March,2025-03,Q1
2025-03-04,10,721,721,0,40418.0,1918.58,0.0,56.06,0,285,436,0,0,0,402,34,285,169,JPMT-Kalina,MAHADEV PATIL,Mumbai,Tuesday,1,0,March,2025-03,Q1
2025-03-05,10,716,716,0,41011.0,1952.68,0.0,57.28,0,299,417,0,0,0,359,58,299,182,JPMT-Kalina,MAHADEV PATIL,Mumbai,Wednesday,2,0,March,2025-03,Q1
2025-03-06,10,720,720,0,46910.0,2227.7,0.0,65.15,0,273,447,0,0,0,402,45,273,168,JPMT-Kalina,MAHADEV PATIL,Mumbai,Thursday,3,0,March,2025-03,Q1
2025-03-07,10,688,688,0,39575.0,1882.83,0.0,57.52,0,280,408,0,0,0,353,55,280,181,JPMT-Kalina,MAHADEV PATIL,Mumbai,Friday,4,0,March,2025-03,Q1
2025-03-10,10,656,656,0,37068.0,1762.3,0.0,56.51,0,264,392,0,0,0,350,42,264,152,JPMT-Kalina,MAHADEV PATIL,Mumbai,Monday,0,0,March,2025-03,Q1
2025-03-11,10,667,667,0,37794.0,1796.34,0.0,56.66,0,263,404,0,0,0,347,57,263,156,JPMT-Kalina,MAHADEV PATIL,Mumbai,Tuesday,1,0,March,2025-03,Q1
2025-03-12,10,782,782,0,47905.0,2280.82,0.0,61.26,0,307,475,0,0,0,407,68,307,172,JPMT-Kalina,MAHADEV PATIL,Mumbai,Wednesday,2,0,March,2025-03,Q1
2025-03-13,10,666,666,0,39864.0,1898.26,0.0,59.86,0,263,403,0,0,0,342,61,263,138,JPMT-Kalina,MAHADEV PATIL,Mumbai,Thursday,3,0,March,2025-03,Q1
2025-03-17,10,734,734,0,40921.0,1946.48,0.0,55.75,0,271,463,0,0,0,412,51,271,161,JPMT-Kalina,MAHADEV PATIL,Mumbai,Monday,0,0,March,2025-03,Q1
2025-03-18,10,757,757,0,41753.0,1988.21,0.0,55.16,0,272,485,0,0,0,455,30,272,144,JPMT-Kalina,MAHADEV PATIL,Mumbai,Tuesday,1,0,March,2025-03,Q1
2025-03-19,10,806,806,0,49239.0,2343.22,0.0,61.09,0,283,523,0,0,0,467,56,283,145,JPMT-Kalina,MAHADEV PATIL,Mumbai,Wednesday,2,0,March,2025-03,Q1
2025-03-20,10,739,739,0,42297.0,2013.43,0.0,57.24,0,284,455,0,0,0,405,50,284,163,JPMT-Kalina,MAHADEV PATIL,Mumbai,Thursday,3,0,March,2025-03,Q1
2025-03-21,10,659,659,0,39172.0,1862.64,0.0,59.44,0,270,389,0,0,0,337,52,270,153,JPMT-Kalina,MAHADEV PATIL,Mumbai,Friday,4,0,March,2025-03,Q1
2025-03-24,10,660,660,0,36879.0,1756.07,0.0,55.88,0,244,416,0,0,0,380,36,244,145,JPMT-Kalina,MAHADEV PATIL,Mumbai,Monday,0,0,March,2025-03,Q1
2025-03-25,10,708,708,0,40652.0,1932.5,0.0,57.42,0,246,462,0,0,0,408,54,246,146,JPMT-Kalina,MAHADEV PATIL,Mumbai,Tuesday,1,0,March,2025-03,Q1
2025-03-26,10,736,736,0,46215.0,2197.08,0.0,62.79,0,295,441,0,0,0,400,41,295,164,JPMT-Kalina,MAHADEV PATIL,Mumbai,Wednesday,2,0,March,2025-03,Q1
2025-03-27,10,654,654,0,41406.0,1969.89,0.0,63.31,0,235,419,0,0,0,364,55,235,133,JPMT-Kalina,MAHADEV PATIL,Mumbai,Thursday,3,0,March,2025-03,Q1
2025-03-28,10,603,603,0,36874.0,1742.75,0.0,61.15,0,211,392,0,0,0,357,35,211,121,JPMT-Kalina,MAHADEV PATIL,Mumbai,Friday,4,0,March,2025-03,Q1
2025-04-01,10,608,603,5,35767.0,1699.2,0.0,59.32,0,244,364,0,0,0,317,47,244,142,JPMT-Kalina,MAHADEV PATIL,Mumbai,Tuesday,1,0,April,2025-04,Q2
2025-03-27,11,5,5,0,113.0,5.37,0.0,22.6,0,0,5,0,0,0,3,2,0,1,JPMC ETV- 5,Dhanunjay Burusu,Bengaluru,Thursday,3,0,March,2025-03,Q1
2025-03-31,11,3,3,0,39.0,1.86,0.0,13.0,0,0,3,0,0,0,1,2,0,1,JPMC ETV- 5,Dhanunjay Burusu,Bengaluru,Monday,0,0,March,2025-03,Q1
